hashes=appearance-final-v1
checkout_head=68686c562da3cd4885577178ca03d8ecf4be3094
method=sha256 of the file in this checkout (E6 product: git show 419e56d:<path>); producing commit = the commit that added it and the last to touch it; receipt lookup = full 64-hex or first 8 hex in the receipt text
## E1 producing commit bd094566d5fe59d80338641d3dcaf4eb0f08ca3b (10 files) receipts docs/reviews/web-appearance-recovery-sol/README.md, docs/reviews/20260908-full-product-audit/CURRENT-CONTROL-PLANE.md
  575514d5f2c7b7c69a1296a91515d2a48da4efec8cc71d23c06c76b2a9f3805e docs/reviews/web-appearance-recovery-sol/README.md | OK last_commit=bd094566d5fe unchanged_since=true | receipt CURRENT-CONTROL-PLANE.md:prefix8
  c8338077dab16ca2e095a82dce2d667797d9a33bce8f666a78a57082930e45b0 docs/reviews/web-appearance-recovery-sol/bytes.test.tsx | OK last_commit=bd094566d5fe unchanged_since=true | receipt README.md:full, CURRENT-CONTROL-PLANE.md:not-listed
  776da524f7479e03d067c2426345df1fb30e518581c7bbfd33a0f1d0838e79ce docs/reviews/web-appearance-recovery-sol/continuity-export.test.tsx | OK last_commit=bd094566d5fe unchanged_since=true | receipt README.md:full, CURRENT-CONTROL-PLANE.md:not-listed
  3ff72da5b1a037b0bbd93fbb910cb0772c6306d495871d8a5fb14c3305acc794 docs/reviews/web-appearance-recovery-sol/fields.test.tsx | OK last_commit=bd094566d5fe unchanged_since=true | receipt README.md:full, CURRENT-CONTROL-PLANE.md:not-listed
  acd26ad860c90e1a688232db2f8da4b2d016b7a537d53afb3fea528f584666e3 docs/reviews/web-appearance-recovery-sol/fixture.tsx | OK last_commit=bd094566d5fe unchanged_since=true | receipt README.md:full, CURRENT-CONTROL-PLANE.md:not-listed
  49528aa335cb9f2db87faf152656b6c55011bf5856b69998c9c31dabbffc3eab docs/reviews/web-appearance-recovery-sol/host.test.tsx | OK last_commit=bd094566d5fe unchanged_since=true | receipt README.md:full, CURRENT-CONTROL-PLANE.md:not-listed
  1d6c85c28224a2fc1dace8ee754873fd3d2b716264f9b812c753a816b6ac2d66 docs/reviews/web-appearance-recovery-sol/queues.test.tsx | OK last_commit=bd094566d5fe unchanged_since=true | receipt README.md:full, CURRENT-CONTROL-PLANE.md:not-listed
  3f9f3f86570c1c8f9350532fb0a5fbc03c2a4f92ac74e9fa959956811a2e6595 docs/reviews/web-appearance-recovery-sol/reset.test.tsx | OK last_commit=bd094566d5fe unchanged_since=true | receipt README.md:full, CURRENT-CONTROL-PLANE.md:not-listed
  d851c75a5ca80470e928b52425521d8b549d3e91738796ac9f84708d793c513c docs/reviews/web-appearance-recovery-sol/retry-all.test.tsx | OK last_commit=bd094566d5fe unchanged_since=true | receipt README.md:full, CURRENT-CONTROL-PLANE.md:not-listed
  a451df6aa05fcae5b6fb77266d6ef8d990b4e97b91755c0723f442239fbf5c1e docs/reviews/web-appearance-recovery-sol/verify-fixed.mjs | OK last_commit=bd094566d5fe unchanged_since=true | receipt README.md:full, CURRENT-CONTROL-PLANE.md:not-listed
  summary E1: files=10 receipt_full=9 receipt_prefix8=1 receipt_none_or_na=0
## E2 producing commit bd094566d5fe59d80338641d3dcaf4eb0f08ca3b (26 files) receipts docs/reviews/web-appearance-recovery-sol/README.md
  d8c83793c648121fb7942b352ec5b4cd6fa57ee373481b29e31b6e6b424fbde7 docs/reviews/web-appearance-recovery-sol/bytes-before1-5cd63ff.log | OK last_commit=bd094566d5fe unchanged_since=true | receipt README.md:full
  69c405ea8f17e208b0193ba7a8ee2d85e4d8ef80fceb63a999e2cd29660f8eeb docs/reviews/web-appearance-recovery-sol/bytes-before2-5cd63ff.log | OK last_commit=bd094566d5fe unchanged_since=true | receipt README.md:full
  a4fa76da5c6e08a34d8451040dc6a7c160efb2cf63420d4914e6d1218e0f0956 docs/reviews/web-appearance-recovery-sol/bytes-before3-5cd63ff.log | OK last_commit=bd094566d5fe unchanged_since=true | receipt README.md:full
  a3d2b85c07e80e26eb52c8f18378e43b3d88b3e7f0e10b966d8de03643a78736 docs/reviews/web-appearance-recovery-sol/continuity-export-before1-5cd63ff.log | OK last_commit=bd094566d5fe unchanged_since=true | receipt README.md:full
  49739fca5ad9b58aa88d1b82ea3bca3408ab2021fdea75cc0ec18a5f4a877919 docs/reviews/web-appearance-recovery-sol/continuity-export-before2-5cd63ff.log | OK last_commit=bd094566d5fe unchanged_since=true | receipt README.md:full
  2582df8f5cacf0939b5ca39f04269eb7e2d4f5ced54967e6b1b5aa832d22178a docs/reviews/web-appearance-recovery-sol/continuity-export-before3-5cd63ff.log | OK last_commit=bd094566d5fe unchanged_since=true | receipt README.md:full
  dcd04a84a4616abb7795124cd63d8ad8e535bbc42f7f901c8f8ad8d38b2ca0d5 docs/reviews/web-appearance-recovery-sol/fields-before1-5cd63ff.log | OK last_commit=bd094566d5fe unchanged_since=true | receipt README.md:full
  2351736a0e38aae996c8d691c8ddcde1ab6e466be4529ff84d940752a424bff8 docs/reviews/web-appearance-recovery-sol/fields-before2-5cd63ff.log | OK last_commit=bd094566d5fe unchanged_since=true | receipt README.md:full
  9c8bd67d6e739d7e436c0d5d340816ccb7070af5176e7664886ad3855fcbeff0 docs/reviews/web-appearance-recovery-sol/fields-before3-5cd63ff.log | OK last_commit=bd094566d5fe unchanged_since=true | receipt README.md:full
  53d599bb14de50644c17cf3121a236b4795ef04fe5a868a1c11d2c295d04b956 docs/reviews/web-appearance-recovery-sol/host-before1-5cd63ff.log | OK last_commit=bd094566d5fe unchanged_since=true | receipt README.md:full
  4e2b3f16f9a541a4f64599388f6298b65c3651cb42b9c15256954a1f37f53cef docs/reviews/web-appearance-recovery-sol/host-before2-5cd63ff.log | OK last_commit=bd094566d5fe unchanged_since=true | receipt README.md:full
  e12c6068eb25dc0b51e08683245014a5864e42b39e0322153d8f19adc69f06b0 docs/reviews/web-appearance-recovery-sol/host-before3-5cd63ff.log | OK last_commit=bd094566d5fe unchanged_since=true | receipt README.md:full
  bd61c8159b16541388735c107b493bf3418205caab235488a17be9caa5c60a9b docs/reviews/web-appearance-recovery-sol/original-before2-5cd63ff.log | OK last_commit=bd094566d5fe unchanged_since=true | receipt README.md:full
  4b646d2bb2451f7f0716148d332b91d30e712fd95a57a1d0af7776c1d301d31d docs/reviews/web-appearance-recovery-sol/queues-before1-5cd63ff.log | OK last_commit=bd094566d5fe unchanged_since=true | receipt README.md:full
  50a0a77327f97b6f32306ef71eb37016425e14085a517f0eeb6a019891943545 docs/reviews/web-appearance-recovery-sol/queues-before2-5cd63ff.log | OK last_commit=bd094566d5fe unchanged_since=true | receipt README.md:full
  7084597c2a248b23b8ef7d0a8a16cf8ac5111fa07d09f8b2c8c8b64743a60125 docs/reviews/web-appearance-recovery-sol/queues-before3-5cd63ff.log | OK last_commit=bd094566d5fe unchanged_since=true | receipt README.md:full
  1868bb4dc87277f726049116b0b5be149e96c2996f46c395f900dd7b9b7b88c6 docs/reviews/web-appearance-recovery-sol/reset-before1-5cd63ff.log | OK last_commit=bd094566d5fe unchanged_since=true | receipt README.md:full
  391e47fe088809ba5fd604fdbda4322aea879918700c62898a485c02ffb3ab8a docs/reviews/web-appearance-recovery-sol/reset-before2-5cd63ff.log | OK last_commit=bd094566d5fe unchanged_since=true | receipt README.md:full
  cb2e1c0206298a647e8c4a556f6a45e08affda5e2c672ff2302f7f23e1dafb6e docs/reviews/web-appearance-recovery-sol/reset-before3-5cd63ff.log | OK last_commit=bd094566d5fe unchanged_since=true | receipt README.md:full
  77dc445a6381d86196a81afd1f4266d38a2a77c7ce0fa8b1cfebf556710e8ac1 docs/reviews/web-appearance-recovery-sol/retry-all-before1-5cd63ff.log | OK last_commit=bd094566d5fe unchanged_since=true | receipt README.md:full
  8bf3c7edfd071d3a16c1d63fc7125265fe3d6728dd3408338bae5d04802acb2e docs/reviews/web-appearance-recovery-sol/retry-all-before2-5cd63ff.log | OK last_commit=bd094566d5fe unchanged_since=true | receipt README.md:full
  ba661294ede1bf4045e348d5d24912c5f9eb4d101d51357c3a62604776f0b919 docs/reviews/web-appearance-recovery-sol/retry-all-before3-5cd63ff.log | OK last_commit=bd094566d5fe unchanged_since=true | receipt README.md:full
  9c85bcaf354deffe462b620ffda29ea4a2505508ec8a1e1a60864e411c420e9a docs/reviews/web-appearance-recovery-sol/typecheck-static1-5cd63ff.log | OK last_commit=bd094566d5fe unchanged_since=true | receipt README.md:full
  96a5082a09de3a83b57d37c770660a940d414d54025fac4630f2ee0d25412501 docs/reviews/web-appearance-recovery-sol/typecheck-static2-5cd63ff.log | OK last_commit=bd094566d5fe unchanged_since=true | receipt README.md:full
  6d31830df8087b01d31b0cc614129086cc7f6665f5fc57acf2aee4e4d94e41c4 docs/reviews/web-appearance-recovery-sol/typecheck-static3-5cd63ff.log | OK last_commit=bd094566d5fe unchanged_since=true | receipt README.md:full
  20c9387aea19e56d2b031657668ac8ec1c22561861897798ddd266d9d97f6c81 docs/reviews/web-appearance-recovery-sol/typecheck-static4-5cd63ff.log | OK last_commit=bd094566d5fe unchanged_since=true | receipt README.md:full
  summary E2: files=26 receipt_full=26 receipt_prefix8=0 receipt_none_or_na=0
## E3 producing commit b99723537442e499ff488e82003623872de39450 (7 files) receipts docs/reviews/web-appearance-recovery-independent/README.md, docs/reviews/20260908-full-product-audit/CURRENT-CONTROL-PLANE.md
  61d3b101ed72a96520faad83f9d1f3947991d4e1527b14342b2f34f1e0e111d6 docs/reviews/web-appearance-recovery-independent/README.md | OK last_commit=b99723537442 unchanged_since=true | receipt CURRENT-CONTROL-PLANE.md:prefix8
  a6925cdae75adcff360b73a302b19f693bcd459c6f87ca909f241e7f87875d71 docs/reviews/web-appearance-recovery-independent/host-before1-5cd63ff.log | OK last_commit=b99723537442 unchanged_since=true | receipt README.md:full, CURRENT-CONTROL-PLANE.md:not-listed
  94628b00af58fb8c936c0f0d692e576a46978f41fdc7aeb1517494c09cc07e31 docs/reviews/web-appearance-recovery-independent/host-before2-5cd63ff.log | OK last_commit=b99723537442 unchanged_since=true | receipt README.md:full, CURRENT-CONTROL-PLANE.md:not-listed
  2ffcab96a6a1397149c47c1d1dfa89925aa77e09dbc93e0341ac052f5f3cc306 docs/reviews/web-appearance-recovery-independent/host-before3-5cd63ff.log | OK last_commit=b99723537442 unchanged_since=true | receipt README.md:full, CURRENT-CONTROL-PLANE.md:not-listed
  ba137f5856f7c0bf145af88def08af442ba92fcb0bcc611ea834569ac60ad52f docs/reviews/web-appearance-recovery-independent/host-fixture.tsx | OK last_commit=b99723537442 unchanged_since=true | receipt README.md:full, CURRENT-CONTROL-PLANE.md:not-listed
  27589cb660b55105c289f916edd6bfe14283897245115ef58c7a587346cb38cf docs/reviews/web-appearance-recovery-independent/host.test.tsx | OK last_commit=b99723537442 unchanged_since=true | receipt README.md:full, CURRENT-CONTROL-PLANE.md:not-listed
  6aac35631594d11aa916a75710beebbf93e083c21d7b02f84df83e2baed8e4b0 docs/reviews/web-appearance-recovery-independent/verify-fixed.mjs | OK last_commit=b99723537442 unchanged_since=true | receipt README.md:full, CURRENT-CONTROL-PLANE.md:not-listed
  summary E3: files=7 receipt_full=6 receipt_prefix8=1 receipt_none_or_na=0
## E4 producing commit 72538d1fd7282d621c35e355ebbd8d93f26d4d96 (58 files) receipts docs/reviews/web-appearance-recovery-native/before-5cd63ff.md, docs/reviews/20260908-full-product-audit/CURRENT-CONTROL-PLANE.md
  1040306d539471ede6f1f4e276af482b516f4f605bdc741f2737bebe934452be docs/reviews/web-appearance-recovery-native/before-5cd63ff.md | OK last_commit=72538d1fd728 unchanged_since=true | receipt CURRENT-CONTROL-PLANE.md:prefix8
  2ab354c6429a46f318a998b4cfa1f5cec3cf5947928e08431eee4b79548abe5c docs/reviews/web-appearance-recovery-native/native-5cd63ff-before1-h10-en-A-after-B-commits.png | OK last_commit=72538d1fd728 unchanged_since=true | receipt before-5cd63ff.md:full, CURRENT-CONTROL-PLANE.md:not-listed
  c330980eeb3cd57f695399c951ec1265b215d1e99d584adf8a89163b43837add docs/reviews/web-appearance-recovery-native/native-5cd63ff-before1-h10-en-A-after-reload.png | OK last_commit=72538d1fd728 unchanged_since=true | receipt before-5cd63ff.md:full, CURRENT-CONTROL-PLANE.md:not-listed
  6285e5227be8e3386c64faac8282cc3a15931a3c16234b75333c6e790e4074f4 docs/reviews/web-appearance-recovery-native/native-5cd63ff-before1-h10-zh-A-after-B-commits.png | OK last_commit=72538d1fd728 unchanged_since=true | receipt before-5cd63ff.md:full, CURRENT-CONTROL-PLANE.md:not-listed
  f1da81a0b2898838544b1921194139458d5be4b2f5b83ad6af66b58dfeef0f57 docs/reviews/web-appearance-recovery-native/native-5cd63ff-before1-h10-zh-A-after-reload.png | OK last_commit=72538d1fd728 unchanged_since=true | receipt before-5cd63ff.md:full, CURRENT-CONTROL-PLANE.md:not-listed
  9bb5fc76e9a9e138fc7192d38bcd1335b4e58cafbbd67c0e7dd015f445510d25 docs/reviews/web-appearance-recovery-native/native-5cd63ff-before1-h10.log | OK last_commit=72538d1fd728 unchanged_since=true | receipt before-5cd63ff.md:full, CURRENT-CONTROL-PLANE.md:not-listed
  f2d7cea34390cbc7a9cf616fc74772752d6ce882072c4352bdce4f7fd7581aa6 docs/reviews/web-appearance-recovery-native/native-5cd63ff-before1-h14-375-en-row5.png | OK last_commit=72538d1fd728 unchanged_since=true | receipt before-5cd63ff.md:full, CURRENT-CONTROL-PLANE.md:not-listed
  a7ebb3e1ec3b79d8b2f8e2479859e6f8fc4147bb3c9be03dcfa48190b268598b docs/reviews/web-appearance-recovery-native/native-5cd63ff-before1-h14-375-zh-row5.png | OK last_commit=72538d1fd728 unchanged_since=true | receipt before-5cd63ff.md:full, CURRENT-CONTROL-PLANE.md:not-listed
  d2f2b3ec5db1a4e7f26c068e730c53140d1289b4c9c094feaf17cb36dcd41013 docs/reviews/web-appearance-recovery-native/native-5cd63ff-before1-h14-768-en-end.png | OK last_commit=72538d1fd728 unchanged_since=true | receipt before-5cd63ff.md:full, CURRENT-CONTROL-PLANE.md:not-listed
  8aa2f9ccd6463c193c33bee21903e7524098cc247e1cbab2f20dbc241622b61e docs/reviews/web-appearance-recovery-native/native-5cd63ff-before1-h14-768-en-top.png | OK last_commit=72538d1fd728 unchanged_since=true | receipt before-5cd63ff.md:full, CURRENT-CONTROL-PLANE.md:not-listed
  b9a6d8a629fe32c3e62df085575f12d13fedaf0a685c64d3966b6a7e14c76645 docs/reviews/web-appearance-recovery-native/native-5cd63ff-before1-h14-768-zh-end.png | OK last_commit=72538d1fd728 unchanged_since=true | receipt before-5cd63ff.md:full, CURRENT-CONTROL-PLANE.md:not-listed
  c9e736addb4929977b970be19acca46821ae4b254e2d796462d05479878426a4 docs/reviews/web-appearance-recovery-native/native-5cd63ff-before1-h14-768-zh-top.png | OK last_commit=72538d1fd728 unchanged_since=true | receipt before-5cd63ff.md:full, CURRENT-CONTROL-PLANE.md:not-listed
  3d1f5763d11207e6e4e24fc2678177aae0960a91fb933985c061b08bde54e02f docs/reviews/web-appearance-recovery-native/native-5cd63ff-before1-h14.log | OK last_commit=72538d1fd728 unchanged_since=true | receipt before-5cd63ff.md:full, CURRENT-CONTROL-PLANE.md:not-listed
  431599119e93f8edc8ac43bba8131dce347da074965034c2664086e625a4be2e docs/reviews/web-appearance-recovery-native/native-5cd63ff-before1-h15-en-before-activation.png | OK last_commit=72538d1fd728 unchanged_since=true | receipt before-5cd63ff.md:full, CURRENT-CONTROL-PLANE.md:not-listed
  70d8153e3572b93f5ec06efefdab828f9a161744f7e159e5b11508284522b7c2 docs/reviews/web-appearance-recovery-native/native-5cd63ff-before1-h15-en-saved-flash.png | OK last_commit=72538d1fd728 unchanged_since=true | receipt before-5cd63ff.md:full, CURRENT-CONTROL-PLANE.md:not-listed
  c91361d0f05c9dc4b7240ca2b9c11a7f7d10b5dceef54abf1490aa85484d28d5 docs/reviews/web-appearance-recovery-native/native-5cd63ff-before1-h15-zh-before-activation.png | OK last_commit=72538d1fd728 unchanged_since=true | receipt before-5cd63ff.md:full, CURRENT-CONTROL-PLANE.md:not-listed
  6403f7b003de9cb1fcd6e5f7364274ac14fff44c02531db251c5fed13a455ff8 docs/reviews/web-appearance-recovery-native/native-5cd63ff-before1-h15-zh-saved-flash.png | OK last_commit=72538d1fd728 unchanged_since=true | receipt before-5cd63ff.md:full, CURRENT-CONTROL-PLANE.md:not-listed
  33b8d9471aeda3b633d17db1fa401e38da55212c12461b54def848fb3d339722 docs/reviews/web-appearance-recovery-native/native-5cd63ff-before1-h15.log | OK last_commit=72538d1fd728 unchanged_since=true | receipt before-5cd63ff.md:full, CURRENT-CONTROL-PLANE.md:not-listed
  1660d53d27684ed5f917d3fbf2e693a1a61424207fa41380d8eb69a94ba12a41 docs/reviews/web-appearance-recovery-native/native-5cd63ff-before1-h17-en-saved-flash.png | OK last_commit=72538d1fd728 unchanged_since=true | receipt before-5cd63ff.md:full, CURRENT-CONTROL-PLANE.md:not-listed
  1db6d75e2671b3a41998e8c22d746d2c4412147c7b7fd321586d85599c86320c docs/reviews/web-appearance-recovery-native/native-5cd63ff-before1-h17-en-stored-before-activation.png | OK last_commit=72538d1fd728 unchanged_since=true | receipt before-5cd63ff.md:full, CURRENT-CONTROL-PLANE.md:not-listed
  1103970225eacd3580645f422b6588bbac7b3bcfec507975ae0617cd131767fc docs/reviews/web-appearance-recovery-native/native-5cd63ff-before1-h17-en-tab-focused.png | OK last_commit=72538d1fd728 unchanged_since=true | receipt before-5cd63ff.md:full, CURRENT-CONTROL-PLANE.md:not-listed
  5cec640a02f9f7a73d84d7f10421cb2023ce53b051b4bb453c0e51427395992d docs/reviews/web-appearance-recovery-native/native-5cd63ff-before1-h17-zh-saved-flash.png | OK last_commit=72538d1fd728 unchanged_since=true | receipt before-5cd63ff.md:full, CURRENT-CONTROL-PLANE.md:not-listed
  10aca40cffaf22afbb8ee295b6c38d227035caffec63ecc5381789f25fe6d391 docs/reviews/web-appearance-recovery-native/native-5cd63ff-before1-h17-zh-tab-focused.png | OK last_commit=72538d1fd728 unchanged_since=true | receipt before-5cd63ff.md:full, CURRENT-CONTROL-PLANE.md:not-listed
  0677f985760b9e7078d54e631e40cc77bc98e941d1c27879f0796a8229d985e5 docs/reviews/web-appearance-recovery-native/native-5cd63ff-before1-h17.log | OK last_commit=72538d1fd728 unchanged_since=true | receipt before-5cd63ff.md:full, CURRENT-CONTROL-PLANE.md:not-listed
  154e7b90736705410fbdd9456c6b0cad23b45cdbcf68d00dc4e19398b0028b4f docs/reviews/web-appearance-recovery-native/native-5cd63ff-before1-h3-en-density-applied.png | OK last_commit=72538d1fd728 unchanged_since=true | receipt before-5cd63ff.md:full, CURRENT-CONTROL-PLANE.md:not-listed
  89cdb09e488c97b9af821cd6d1c2a58ec93caf47cf5cfeef4b915a5a43007b9d docs/reviews/web-appearance-recovery-native/native-5cd63ff-before1-h3-en-lang-applied.png | OK last_commit=72538d1fd728 unchanged_since=true | receipt before-5cd63ff.md:full, CURRENT-CONTROL-PLANE.md:not-listed
  d4d08f8e9530b0939b1d3bba9912c4450409e8e190f43c9f91bd2343c568d448 docs/reviews/web-appearance-recovery-native/native-5cd63ff-before1-h3-en-theme-applied.png | OK last_commit=72538d1fd728 unchanged_since=true | receipt before-5cd63ff.md:full, CURRENT-CONTROL-PLANE.md:not-listed
  023168a061058271bc5f26ea0f2bd496ab5a083657d742d8ffa140e42b05799a docs/reviews/web-appearance-recovery-native/native-5cd63ff-before1-h3-zh-density-applied.png | OK last_commit=72538d1fd728 unchanged_since=true | receipt before-5cd63ff.md:full, CURRENT-CONTROL-PLANE.md:not-listed
  2538591898d37be2c81885cebf90373734cb7f4ad35c2413b0200a82d29be92d docs/reviews/web-appearance-recovery-native/native-5cd63ff-before1-h3-zh-lang-applied.png | OK last_commit=72538d1fd728 unchanged_since=true | receipt before-5cd63ff.md:full, CURRENT-CONTROL-PLANE.md:not-listed
  aecbace51d661b1be6e460d5bcd91fddd81905aea8b5a690a506004af8292529 docs/reviews/web-appearance-recovery-native/native-5cd63ff-before1-h3-zh-theme-applied.png | OK last_commit=72538d1fd728 unchanged_since=true | receipt before-5cd63ff.md:full, CURRENT-CONTROL-PLANE.md:not-listed
  088396c997ed426283616a611f85852ab307155f479cce6429cea53d4048d583 docs/reviews/web-appearance-recovery-native/native-5cd63ff-before1-h3.log | OK last_commit=72538d1fd728 unchanged_since=true | receipt before-5cd63ff.md:full, CURRENT-CONTROL-PLANE.md:not-listed
  469d886fe3ee535118180cb5b7f8d6e4030ed6d9ac7b6598b0c1d55f42e8f79b docs/reviews/web-appearance-recovery-native/native-5cd63ff-before1-h5-en-after-save-and-apply.png | OK last_commit=72538d1fd728 unchanged_since=true | receipt before-5cd63ff.md:full, CURRENT-CONTROL-PLANE.md:not-listed
  327c968871c1efb24728817c749fcaf01bd839ae7083e7fc3f056d5c5a603f5e docs/reviews/web-appearance-recovery-native/native-5cd63ff-before1-h5-en-after-topbar-change.png | OK last_commit=72538d1fd728 unchanged_since=true | receipt before-5cd63ff.md:full, CURRENT-CONTROL-PLANE.md:not-listed
  f3c3bbfbd6a38ca3e507cec70a191c33ffe5ec10fccb4c84779db273e8030527 docs/reviews/web-appearance-recovery-native/native-5cd63ff-before1-h5-zh-after-save-and-apply.png | OK last_commit=72538d1fd728 unchanged_since=true | receipt before-5cd63ff.md:full, CURRENT-CONTROL-PLANE.md:not-listed
  1494f9e982c4ad63ca060a0a0f3d4e7a07f642c44e5c882c6ed9c687a87667af docs/reviews/web-appearance-recovery-native/native-5cd63ff-before1-h5-zh-after-topbar-change.png | OK last_commit=72538d1fd728 unchanged_since=true | receipt before-5cd63ff.md:full, CURRENT-CONTROL-PLANE.md:not-listed
  e8952896fa3a2ad915550bf8981c833a1ac9ed211b188fa922a1f8e9d51c7bd4 docs/reviews/web-appearance-recovery-native/native-5cd63ff-before1-h5.log | OK last_commit=72538d1fd728 unchanged_since=true | receipt before-5cd63ff.md:full, CURRENT-CONTROL-PLANE.md:not-listed
  b5a0b8d88cbf365ba27843dd699c028730efa96b0332efc4ff546e8751ffe91e docs/reviews/web-appearance-recovery-native/native-5cd63ff-before1-h6-en-accent-hue-infinity.png | OK last_commit=72538d1fd728 unchanged_since=true | receipt before-5cd63ff.md:full, CURRENT-CONTROL-PLANE.md:not-listed
  b5a0b8d88cbf365ba27843dd699c028730efa96b0332efc4ff546e8751ffe91e docs/reviews/web-appearance-recovery-native/native-5cd63ff-before1-h6-en-cross-document-infinity.png | OK last_commit=72538d1fd728 unchanged_since=true | receipt before-5cd63ff.md:full, CURRENT-CONTROL-PLANE.md:not-listed
  ad3bf684b51fc7dc922a2e84feac7ab949c8a0cf90994886b63b849a555207be docs/reviews/web-appearance-recovery-native/native-5cd63ff-before1-h6-en-font-scale-0.png | OK last_commit=72538d1fd728 unchanged_since=true | receipt before-5cd63ff.md:full, CURRENT-CONTROL-PLANE.md:not-listed
  b85761f4f1306dc4b6b78dbc495c081838dcb74b6df8c6049e5237a886f81fbc docs/reviews/web-appearance-recovery-native/native-5cd63ff-before1-h6-en-font-scale-json-1.png | OK last_commit=72538d1fd728 unchanged_since=true | receipt before-5cd63ff.md:full, CURRENT-CONTROL-PLANE.md:not-listed
  24ff0d52ea82d9ba4cb397241cce1bc5643e9eacb0810808e88f1e190e98023c docs/reviews/web-appearance-recovery-native/native-5cd63ff-before1-h6-en-font-scale-json-big.png | OK last_commit=72538d1fd728 unchanged_since=true | receipt before-5cd63ff.md:full, CURRENT-CONTROL-PLANE.md:not-listed
  2740fd228469d02c210e0bee68499215b47cd605d21b7fc1d5ef79b109c45ca5 docs/reviews/web-appearance-recovery-native/native-5cd63ff-before1-h6-en-font-scale-minus-1.png | OK last_commit=72538d1fd728 unchanged_since=true | receipt before-5cd63ff.md:full, CURRENT-CONTROL-PLANE.md:not-listed
  7b5f2174faf7a0686f3d261938b9a52630c8a86c74f6f5813440c4928a78ff94 docs/reviews/web-appearance-recovery-native/native-5cd63ff-before1-h6-en-font-scale-null.png | OK last_commit=72538d1fd728 unchanged_since=true | receipt before-5cd63ff.md:full, CURRENT-CONTROL-PLANE.md:not-listed
  02d1df030d157eb9174a68d61791a85e8670cc7266e90222f398705964604fd2 docs/reviews/web-appearance-recovery-native/native-5cd63ff-before1-h6-en-lang-1.png | OK last_commit=72538d1fd728 unchanged_since=true | receipt before-5cd63ff.md:full, CURRENT-CONTROL-PLANE.md:not-listed
  26196195f70c8b47c2d963df3e95c6397ea88e9adf0d44b10e23c443453f906e docs/reviews/web-appearance-recovery-native/native-5cd63ff-before1-h6-en-lang-json-fr.png | OK last_commit=72538d1fd728 unchanged_since=true | receipt before-5cd63ff.md:full, CURRENT-CONTROL-PLANE.md:not-listed
  b8cc809eb4fb477c2d254e07f3da0c5964b51de1dc6e8f4080ac229425a738ff docs/reviews/web-appearance-recovery-native/native-5cd63ff-before1-h6-en-lang-json-upper-en.png | OK last_commit=72538d1fd728 unchanged_since=true | receipt before-5cd63ff.md:full, CURRENT-CONTROL-PLANE.md:not-listed
  c5b4f49acb04286e6cfef0bb62646a00da7a04a3d50f32646172a26ac3775f14 docs/reviews/web-appearance-recovery-native/native-5cd63ff-before1-h6-en-lang-null.png | OK last_commit=72538d1fd728 unchanged_since=true | receipt before-5cd63ff.md:full, CURRENT-CONTROL-PLANE.md:not-listed
  b5a0b8d88cbf365ba27843dd699c028730efa96b0332efc4ff546e8751ffe91e docs/reviews/web-appearance-recovery-native/native-5cd63ff-before1-h6-zh-accent-hue-infinity.png | OK last_commit=72538d1fd728 unchanged_since=true | receipt before-5cd63ff.md:full, CURRENT-CONTROL-PLANE.md:not-listed
  b5a0b8d88cbf365ba27843dd699c028730efa96b0332efc4ff546e8751ffe91e docs/reviews/web-appearance-recovery-native/native-5cd63ff-before1-h6-zh-cross-document-infinity.png | OK last_commit=72538d1fd728 unchanged_since=true | receipt before-5cd63ff.md:full, CURRENT-CONTROL-PLANE.md:not-listed
  ad3bf684b51fc7dc922a2e84feac7ab949c8a0cf90994886b63b849a555207be docs/reviews/web-appearance-recovery-native/native-5cd63ff-before1-h6-zh-font-scale-0.png | OK last_commit=72538d1fd728 unchanged_since=true | receipt before-5cd63ff.md:full, CURRENT-CONTROL-PLANE.md:not-listed
  b85761f4f1306dc4b6b78dbc495c081838dcb74b6df8c6049e5237a886f81fbc docs/reviews/web-appearance-recovery-native/native-5cd63ff-before1-h6-zh-font-scale-json-1.png | OK last_commit=72538d1fd728 unchanged_since=true | receipt before-5cd63ff.md:full, CURRENT-CONTROL-PLANE.md:not-listed
  24ff0d52ea82d9ba4cb397241cce1bc5643e9eacb0810808e88f1e190e98023c docs/reviews/web-appearance-recovery-native/native-5cd63ff-before1-h6-zh-font-scale-json-big.png | OK last_commit=72538d1fd728 unchanged_since=true | receipt before-5cd63ff.md:full, CURRENT-CONTROL-PLANE.md:not-listed
  2740fd228469d02c210e0bee68499215b47cd605d21b7fc1d5ef79b109c45ca5 docs/reviews/web-appearance-recovery-native/native-5cd63ff-before1-h6-zh-font-scale-minus-1.png | OK last_commit=72538d1fd728 unchanged_since=true | receipt before-5cd63ff.md:full, CURRENT-CONTROL-PLANE.md:not-listed
  7b5f2174faf7a0686f3d261938b9a52630c8a86c74f6f5813440c4928a78ff94 docs/reviews/web-appearance-recovery-native/native-5cd63ff-before1-h6-zh-font-scale-null.png | OK last_commit=72538d1fd728 unchanged_since=true | receipt before-5cd63ff.md:full, CURRENT-CONTROL-PLANE.md:not-listed
  4a7df4c9aa36580bb035de07dc3fe8adef743b21c5a22af0e83256c69c1ac607 docs/reviews/web-appearance-recovery-native/native-5cd63ff-before1-h6.log | OK last_commit=72538d1fd728 unchanged_since=true | receipt before-5cd63ff.md:full, CURRENT-CONTROL-PLANE.md:not-listed
  d980511d1266c3750c8456b949fc362cd37aee276e0b5d7894b52cfc34744b59 docs/reviews/web-appearance-recovery-native/native-app.tsx | OK last_commit=72538d1fd728 unchanged_since=true | receipt before-5cd63ff.md:full, CURRENT-CONTROL-PLANE.md:not-listed
  6eae5f7f7479de5822a5bb322205cde77931b939c7ed7bf7d8b5fc005fbe8dcf docs/reviews/web-appearance-recovery-native/native-prelude.js | OK last_commit=72538d1fd728 unchanged_since=true | receipt before-5cd63ff.md:full, CURRENT-CONTROL-PLANE.md:not-listed
  6c925da3cadb86dc3ce271e3cbc698dc7b374d07e68365eafb94fcbdadc11774 docs/reviews/web-appearance-recovery-native/verify-native-before.mjs | OK last_commit=72538d1fd728 unchanged_since=true | receipt before-5cd63ff.md:full, CURRENT-CONTROL-PLANE.md:not-listed
  summary E4: files=58 receipt_full=57 receipt_prefix8=1 receipt_none_or_na=0
## E4/E5 supplementary K-1 producing commit 6b9f0eec72fc2e83df0c112240db8a5d40444741 (82 files) receipts docs/reviews/web-native-keyinput-k1/review-k1.md, docs/reviews/20260908-full-product-audit/CURRENT-CONTROL-PLANE.md
  a6fac8f15a7172e2774499cf7e57d936299a0066394bc4b2f63306b748725a51 docs/reviews/web-native-keyinput-k1/compare-k1.mjs | OK last_commit=6b9f0eec72fc unchanged_since=true | receipt review-k1.md:full, CURRENT-CONTROL-PLANE.md:not-listed
  f1c724d115d1bbe616e855d43fb8b7a7da42329c7f4b76abad68345e06e4ddd7 docs/reviews/web-native-keyinput-k1/comparison-k1.log | OK last_commit=6b9f0eec72fc unchanged_since=true | receipt review-k1.md:full, CURRENT-CONTROL-PLANE.md:not-listed
  2e61d2745fc3d75c085f44081496b9f4121c2735303b487885b860dfa11a0abc docs/reviews/web-native-keyinput-k1/dt-traces-k1.log | OK last_commit=6b9f0eec72fc unchanged_since=true | receipt review-k1.md:full, CURRENT-CONTROL-PLANE.md:not-listed
  05d8e73f263e95255925e625cb2495af844e39e59574381d48e5045675c36202 docs/reviews/web-native-keyinput-k1/dt-traces-k1.mjs | OK last_commit=6b9f0eec72fc unchanged_since=true | receipt review-k1.md:full, CURRENT-CONTROL-PLANE.md:not-listed
  7244ec851aa3ad309aacb00fb707b32d620153882b1416d92e041c8eabbf58dd docs/reviews/web-native-keyinput-k1/f1-24073b5-appearance-k1corr1.log | OK last_commit=6b9f0eec72fc unchanged_since=true | receipt review-k1.md:full, CURRENT-CONTROL-PLANE.md:not-listed
  98c70f485e9729483fc7b89e1baac7022c88e9f20283ade7f43183ad763c67ac docs/reviews/web-native-keyinput-k1/f1-24073b5-appearance-k1repro1.log | OK last_commit=6b9f0eec72fc unchanged_since=true | receipt review-k1.md:full, CURRENT-CONTROL-PLANE.md:not-listed
  e7056176972d53fd185aa0bc46f7552cc07640746aafe60cb2d91f1d981aa9e2 docs/reviews/web-native-keyinput-k1/f1-24073b5-selfcheck-k1corr1.log | OK last_commit=6b9f0eec72fc unchanged_since=true | receipt review-k1.md:full, CURRENT-CONTROL-PLANE.md:not-listed
  dc35a8bea00c026d53fba80a4f91fc1705b325ec5545bc3f958f32aaf2279812 docs/reviews/web-native-keyinput-k1/f1-24073b5-selfcheck-k1repro1.log | OK last_commit=6b9f0eec72fc unchanged_since=true | receipt review-k1.md:full, CURRENT-CONTROL-PLANE.md:not-listed
  47d3576b6a204684b8dd7921bdfff9d3f5bd14de8f0e342a4d2d101fc30334cf docs/reviews/web-native-keyinput-k1/f1-5cd63ff-appearance-k1corr1.log | OK last_commit=6b9f0eec72fc unchanged_since=true | receipt review-k1.md:full, CURRENT-CONTROL-PLANE.md:not-listed
  463987d70d6b4151040213d934d342c195198635533a0af349a9fc6c2c914bf3 docs/reviews/web-native-keyinput-k1/f1-5cd63ff-appearance-k1repro1.log | OK last_commit=6b9f0eec72fc unchanged_since=true | receipt review-k1.md:full, CURRENT-CONTROL-PLANE.md:not-listed
  3ee3e2a5de8427e520b1da586e5626f5b29c4bcee3d9a0523d0653a8dfaca99a docs/reviews/web-native-keyinput-k1/f1-5cd63ff-selfcheck-k1corr1.log | OK last_commit=6b9f0eec72fc unchanged_since=true | receipt review-k1.md:full, CURRENT-CONTROL-PLANE.md:not-listed
  c3580f54cc559bfa2c3269209e04476b5dc677bb73b9268b7135a621613243d7 docs/reviews/web-native-keyinput-k1/f1-5cd63ff-selfcheck-k1repro1.log | OK last_commit=6b9f0eec72fc unchanged_since=true | receipt review-k1.md:full, CURRENT-CONTROL-PLANE.md:not-listed
  19b4601f971c8892e674651244541f7e9635027dc5fe2cb56187a9a71a3dadef docs/reviews/web-native-keyinput-k1/f1-appearance-host.tsx | OK last_commit=6b9f0eec72fc unchanged_since=true | receipt review-k1.md:full, CURRENT-CONTROL-PLANE.md:not-listed
  cfef9525e82484668b3fa56026a997553a2d8b12cc385d697caf28892357d721 docs/reviews/web-native-keyinput-k1/native-5cd63ff-k1corr1-h10-en-A-after-B-commits.png | OK last_commit=6b9f0eec72fc unchanged_since=true | receipt review-k1.md:full, CURRENT-CONTROL-PLANE.md:not-listed
  c330980eeb3cd57f695399c951ec1265b215d1e99d584adf8a89163b43837add docs/reviews/web-native-keyinput-k1/native-5cd63ff-k1corr1-h10-en-A-after-reload.png | OK last_commit=6b9f0eec72fc unchanged_since=true | receipt review-k1.md:full, CURRENT-CONTROL-PLANE.md:not-listed
  d450b6c8bbce1f0fcd14838b6015b22be082c4700de7e7f24a5e292dea42d382 docs/reviews/web-native-keyinput-k1/native-5cd63ff-k1corr1-h10-zh-A-after-B-commits.png | OK last_commit=6b9f0eec72fc unchanged_since=true | receipt review-k1.md:full, CURRENT-CONTROL-PLANE.md:not-listed
  f1da81a0b2898838544b1921194139458d5be4b2f5b83ad6af66b58dfeef0f57 docs/reviews/web-native-keyinput-k1/native-5cd63ff-k1corr1-h10-zh-A-after-reload.png | OK last_commit=6b9f0eec72fc unchanged_since=true | receipt review-k1.md:full, CURRENT-CONTROL-PLANE.md:not-listed
  fc1ef884a8b0bd2595a26ae8eab04eee9f7d7a0fc5171fb61215bb96e79de2aa docs/reviews/web-native-keyinput-k1/native-5cd63ff-k1corr1-h10.log | OK last_commit=6b9f0eec72fc unchanged_since=true | receipt review-k1.md:full, CURRENT-CONTROL-PLANE.md:not-listed
  27269c8c89fe41f198e972128e9643babdf5be11d081c799f7745e719d7582cd docs/reviews/web-native-keyinput-k1/native-5cd63ff-k1corr1-h15-en-before-activation.png | OK last_commit=6b9f0eec72fc unchanged_since=true | receipt review-k1.md:full, CURRENT-CONTROL-PLANE.md:not-listed
  069164da7696fcd716b1f373e0d2063b52e1a270f8e8d0e5b9626db13762646a docs/reviews/web-native-keyinput-k1/native-5cd63ff-k1corr1-h15-en-saved-flash.png | OK last_commit=6b9f0eec72fc unchanged_since=true | receipt review-k1.md:full, CURRENT-CONTROL-PLANE.md:not-listed
  c91361d0f05c9dc4b7240ca2b9c11a7f7d10b5dceef54abf1490aa85484d28d5 docs/reviews/web-native-keyinput-k1/native-5cd63ff-k1corr1-h15-zh-before-activation.png | OK last_commit=6b9f0eec72fc unchanged_since=true | receipt review-k1.md:full, CURRENT-CONTROL-PLANE.md:not-listed
  fa5857af450430be189e8f9961b6152b46dfd84508428a76026139647593f36e docs/reviews/web-native-keyinput-k1/native-5cd63ff-k1corr1-h15-zh-saved-flash.png | OK last_commit=6b9f0eec72fc unchanged_since=true | receipt review-k1.md:full, CURRENT-CONTROL-PLANE.md:not-listed
  7828f22abed8e395cbab442a56f5110c622330734f22aec10b7eb1e915d675d1 docs/reviews/web-native-keyinput-k1/native-5cd63ff-k1corr1-h15.log | OK last_commit=6b9f0eec72fc unchanged_since=true | receipt review-k1.md:full, CURRENT-CONTROL-PLANE.md:not-listed
  cc100f3d4f84c1445147f15434211f1cf132b492d3dbe7c29dd09ac5f614336c docs/reviews/web-native-keyinput-k1/native-5cd63ff-k1corr1-h17-en-saved-flash.png | OK last_commit=6b9f0eec72fc unchanged_since=true | receipt review-k1.md:full, CURRENT-CONTROL-PLANE.md:not-listed
  4808df0298221da3f7eeb5e0c77c79cff98d5b757b81852268b095b047362eb0 docs/reviews/web-native-keyinput-k1/native-5cd63ff-k1corr1-h17-en-stored-before-activation.png | OK last_commit=6b9f0eec72fc unchanged_since=true | receipt review-k1.md:full, CURRENT-CONTROL-PLANE.md:not-listed
  d82d2c13472fc82e893c0dcf6f02689a90ffc8813357b72414b297932d60b668 docs/reviews/web-native-keyinput-k1/native-5cd63ff-k1corr1-h17-en-tab-focused.png | OK last_commit=6b9f0eec72fc unchanged_since=true | receipt review-k1.md:full, CURRENT-CONTROL-PLANE.md:not-listed
  349a98bde02d264ca40201716872a664e8ba4c79fbffe6a09474baa92086fe8b docs/reviews/web-native-keyinput-k1/native-5cd63ff-k1corr1-h17-zh-saved-flash.png | OK last_commit=6b9f0eec72fc unchanged_since=true | receipt review-k1.md:full, CURRENT-CONTROL-PLANE.md:not-listed
  deb5b34e0ff7bf1d1b448577ff947a0f0822ecc845bbf196fa46aacc1a2bb5d9 docs/reviews/web-native-keyinput-k1/native-5cd63ff-k1corr1-h17-zh-tab-focused.png | OK last_commit=6b9f0eec72fc unchanged_since=true | receipt review-k1.md:full, CURRENT-CONTROL-PLANE.md:not-listed
  4bb062a1754c5c2baf6730287d0c82d679ec8fc8d8c60f50e14aeb8501053f12 docs/reviews/web-native-keyinput-k1/native-5cd63ff-k1corr1-h17.log | OK last_commit=6b9f0eec72fc unchanged_since=true | receipt review-k1.md:full, CURRENT-CONTROL-PLANE.md:not-listed
  f5d4f8c3cc443e26d406d0868c85c81af595777668c488117d0fb9dbd0b50f36 docs/reviews/web-native-keyinput-k1/native-5cd63ff-k1corr1-h3-en-density-applied.png | OK last_commit=6b9f0eec72fc unchanged_since=true | receipt review-k1.md:full, CURRENT-CONTROL-PLANE.md:not-listed
  e2432cffd5586cbc848d998d5ef0fe94c5a3d7a637abe1ce195fdaa7a2bd77d9 docs/reviews/web-native-keyinput-k1/native-5cd63ff-k1corr1-h3-en-lang-applied.png | OK last_commit=6b9f0eec72fc unchanged_since=true | receipt review-k1.md:full, CURRENT-CONTROL-PLANE.md:not-listed
  96903223dd6c9bdd66ed9532cae01ae49a93f84120522dc792c0032a1bd6c3b8 docs/reviews/web-native-keyinput-k1/native-5cd63ff-k1corr1-h3-en-theme-applied.png | OK last_commit=6b9f0eec72fc unchanged_since=true | receipt review-k1.md:full, CURRENT-CONTROL-PLANE.md:not-listed
  9b3c3d20e8586c915fa57c9339e4be366d0d4ad0ac7f4190a590dd26915c40c2 docs/reviews/web-native-keyinput-k1/native-5cd63ff-k1corr1-h3-zh-density-applied.png | OK last_commit=6b9f0eec72fc unchanged_since=true | receipt review-k1.md:full, CURRENT-CONTROL-PLANE.md:not-listed
  a7159e8606afd0c86522c8d16d80624442676ac326b3b8160e776df6b3196b95 docs/reviews/web-native-keyinput-k1/native-5cd63ff-k1corr1-h3-zh-lang-applied.png | OK last_commit=6b9f0eec72fc unchanged_since=true | receipt review-k1.md:full, CURRENT-CONTROL-PLANE.md:not-listed
  b203f73f2de1ab3436955c5bbd9bcfb900980a60cea81f391310b3504e9420bc docs/reviews/web-native-keyinput-k1/native-5cd63ff-k1corr1-h3-zh-theme-applied.png | OK last_commit=6b9f0eec72fc unchanged_since=true | receipt review-k1.md:full, CURRENT-CONTROL-PLANE.md:not-listed
  e7433a552b985428e47250d08a07a21e899203adc8f237b06dba6e717232e763 docs/reviews/web-native-keyinput-k1/native-5cd63ff-k1corr1-h3.log | OK last_commit=6b9f0eec72fc unchanged_since=true | receipt review-k1.md:full, CURRENT-CONTROL-PLANE.md:not-listed
  b852f5e1e0bf445fa58edab8f905565e74179ddd52cb090cbca5aa70607e1a3a docs/reviews/web-native-keyinput-k1/native-5cd63ff-k1corr1-h5-en-after-save-and-apply.png | OK last_commit=6b9f0eec72fc unchanged_since=true | receipt review-k1.md:full, CURRENT-CONTROL-PLANE.md:not-listed
  327c968871c1efb24728817c749fcaf01bd839ae7083e7fc3f056d5c5a603f5e docs/reviews/web-native-keyinput-k1/native-5cd63ff-k1corr1-h5-en-after-topbar-change.png | OK last_commit=6b9f0eec72fc unchanged_since=true | receipt review-k1.md:full, CURRENT-CONTROL-PLANE.md:not-listed
  309d3b6c5172736959d74d624d83ae2762192a672851a7e9faaf495d53411a59 docs/reviews/web-native-keyinput-k1/native-5cd63ff-k1corr1-h5-zh-after-save-and-apply.png | OK last_commit=6b9f0eec72fc unchanged_since=true | receipt review-k1.md:full, CURRENT-CONTROL-PLANE.md:not-listed
  1494f9e982c4ad63ca060a0a0f3d4e7a07f642c44e5c882c6ed9c687a87667af docs/reviews/web-native-keyinput-k1/native-5cd63ff-k1corr1-h5-zh-after-topbar-change.png | OK last_commit=6b9f0eec72fc unchanged_since=true | receipt review-k1.md:full, CURRENT-CONTROL-PLANE.md:not-listed
  ede37c1d5e6a3d9ea42dd0d05d9fb03a7abfbe931edd13b2d26cff0d9f646c36 docs/reviews/web-native-keyinput-k1/native-5cd63ff-k1corr1-h5.log | OK last_commit=6b9f0eec72fc unchanged_since=true | receipt review-k1.md:full, CURRENT-CONTROL-PLANE.md:not-listed
  7098785548213a358665090b67a3b0baa2bdd78c401b072bd89d6a7c042abf87 docs/reviews/web-native-keyinput-k1/native-5cd63ff-k1repro1-h10-en-A-after-B-commits.png | OK last_commit=6b9f0eec72fc unchanged_since=true | receipt review-k1.md:full, CURRENT-CONTROL-PLANE.md:not-listed
  c330980eeb3cd57f695399c951ec1265b215d1e99d584adf8a89163b43837add docs/reviews/web-native-keyinput-k1/native-5cd63ff-k1repro1-h10-en-A-after-reload.png | OK last_commit=6b9f0eec72fc unchanged_since=true | receipt review-k1.md:full, CURRENT-CONTROL-PLANE.md:not-listed
  7d7a64a5d20440da4ea2ec8186c86dc48d058b1ed84cf43784ece67194e68892 docs/reviews/web-native-keyinput-k1/native-5cd63ff-k1repro1-h10-zh-A-after-B-commits.png | OK last_commit=6b9f0eec72fc unchanged_since=true | receipt review-k1.md:full, CURRENT-CONTROL-PLANE.md:not-listed
  f1da81a0b2898838544b1921194139458d5be4b2f5b83ad6af66b58dfeef0f57 docs/reviews/web-native-keyinput-k1/native-5cd63ff-k1repro1-h10-zh-A-after-reload.png | OK last_commit=6b9f0eec72fc unchanged_since=true | receipt review-k1.md:full, CURRENT-CONTROL-PLANE.md:not-listed
  1c2fdce3093482597dc42535d5e63fb925f116d289a5a7ff99a9a233f2663c70 docs/reviews/web-native-keyinput-k1/native-5cd63ff-k1repro1-h10.log | OK last_commit=6b9f0eec72fc unchanged_since=true | receipt review-k1.md:full, CURRENT-CONTROL-PLANE.md:not-listed
  431599119e93f8edc8ac43bba8131dce347da074965034c2664086e625a4be2e docs/reviews/web-native-keyinput-k1/native-5cd63ff-k1repro1-h15-en-before-activation.png | OK last_commit=6b9f0eec72fc unchanged_since=true | receipt review-k1.md:full, CURRENT-CONTROL-PLANE.md:not-listed
  cffb77871ad05d2a22f2939a4ff13dd1bce0fddfea0991d74084f4c8952d7250 docs/reviews/web-native-keyinput-k1/native-5cd63ff-k1repro1-h15-en-saved-flash.png | OK last_commit=6b9f0eec72fc unchanged_since=true | receipt review-k1.md:full, CURRENT-CONTROL-PLANE.md:not-listed
  c91361d0f05c9dc4b7240ca2b9c11a7f7d10b5dceef54abf1490aa85484d28d5 docs/reviews/web-native-keyinput-k1/native-5cd63ff-k1repro1-h15-zh-before-activation.png | OK last_commit=6b9f0eec72fc unchanged_since=true | receipt review-k1.md:full, CURRENT-CONTROL-PLANE.md:not-listed
  1590fcc4f6fd3e3d4fda6eb05d21f06e34cf89cbc0ca251914638b25f113b117 docs/reviews/web-native-keyinput-k1/native-5cd63ff-k1repro1-h15-zh-saved-flash.png | OK last_commit=6b9f0eec72fc unchanged_since=true | receipt review-k1.md:full, CURRENT-CONTROL-PLANE.md:not-listed
  3f164a881b2469c8cf35d2069f2eeffdfa71d60f7e076f493d4a85035697e469 docs/reviews/web-native-keyinput-k1/native-5cd63ff-k1repro1-h15.log | OK last_commit=6b9f0eec72fc unchanged_since=true | receipt review-k1.md:full, CURRENT-CONTROL-PLANE.md:not-listed
  5b4d4d321c8577fe9d8c577353db44a99a97c65672ae92c0ca24466a4c27850d docs/reviews/web-native-keyinput-k1/native-5cd63ff-k1repro1-h17-en-saved-flash.png | OK last_commit=6b9f0eec72fc unchanged_since=true | receipt review-k1.md:full, CURRENT-CONTROL-PLANE.md:not-listed
  740549b7c15878df31b721b9414a4fedb00f111c5c642841540d0e3f1d87fc94 docs/reviews/web-native-keyinput-k1/native-5cd63ff-k1repro1-h17-en-stored-before-activation.png | OK last_commit=6b9f0eec72fc unchanged_since=true | receipt review-k1.md:full, CURRENT-CONTROL-PLANE.md:not-listed
  d82d2c13472fc82e893c0dcf6f02689a90ffc8813357b72414b297932d60b668 docs/reviews/web-native-keyinput-k1/native-5cd63ff-k1repro1-h17-en-tab-focused.png | OK last_commit=6b9f0eec72fc unchanged_since=true | receipt review-k1.md:full, CURRENT-CONTROL-PLANE.md:not-listed
  2f0bbc6b84aedca7ad43a47a31f18fe07b75d559f3a1e5e14f8e488da04ad845 docs/reviews/web-native-keyinput-k1/native-5cd63ff-k1repro1-h17-zh-saved-flash.png | OK last_commit=6b9f0eec72fc unchanged_since=true | receipt review-k1.md:full, CURRENT-CONTROL-PLANE.md:not-listed
  deb5b34e0ff7bf1d1b448577ff947a0f0822ecc845bbf196fa46aacc1a2bb5d9 docs/reviews/web-native-keyinput-k1/native-5cd63ff-k1repro1-h17-zh-tab-focused.png | OK last_commit=6b9f0eec72fc unchanged_since=true | receipt review-k1.md:full, CURRENT-CONTROL-PLANE.md:not-listed
  1b7c7cfd53cce694240d4ba7361ef0d14b4cccfb46b5fdd78ac53b08674aeaf0 docs/reviews/web-native-keyinput-k1/native-5cd63ff-k1repro1-h17.log | OK last_commit=6b9f0eec72fc unchanged_since=true | receipt review-k1.md:full, CURRENT-CONTROL-PLANE.md:not-listed
  f5d4f8c3cc443e26d406d0868c85c81af595777668c488117d0fb9dbd0b50f36 docs/reviews/web-native-keyinput-k1/native-5cd63ff-k1repro1-h3-en-density-applied.png | OK last_commit=6b9f0eec72fc unchanged_since=true | receipt review-k1.md:full, CURRENT-CONTROL-PLANE.md:not-listed
  adfb24315a176487eae4013f3a834d49c2877eb5e50b8a6310af327b6e0b13f1 docs/reviews/web-native-keyinput-k1/native-5cd63ff-k1repro1-h3-en-lang-applied.png | OK last_commit=6b9f0eec72fc unchanged_since=true | receipt review-k1.md:full, CURRENT-CONTROL-PLANE.md:not-listed
  96903223dd6c9bdd66ed9532cae01ae49a93f84120522dc792c0032a1bd6c3b8 docs/reviews/web-native-keyinput-k1/native-5cd63ff-k1repro1-h3-en-theme-applied.png | OK last_commit=6b9f0eec72fc unchanged_since=true | receipt review-k1.md:full, CURRENT-CONTROL-PLANE.md:not-listed
  8d27180e8db3ea36704b3b05a6f449af8653113d0146917aa3f44f8dc0cf81c9 docs/reviews/web-native-keyinput-k1/native-5cd63ff-k1repro1-h3-zh-density-applied.png | OK last_commit=6b9f0eec72fc unchanged_since=true | receipt review-k1.md:full, CURRENT-CONTROL-PLANE.md:not-listed
  a7159e8606afd0c86522c8d16d80624442676ac326b3b8160e776df6b3196b95 docs/reviews/web-native-keyinput-k1/native-5cd63ff-k1repro1-h3-zh-lang-applied.png | OK last_commit=6b9f0eec72fc unchanged_since=true | receipt review-k1.md:full, CURRENT-CONTROL-PLANE.md:not-listed
  b203f73f2de1ab3436955c5bbd9bcfb900980a60cea81f391310b3504e9420bc docs/reviews/web-native-keyinput-k1/native-5cd63ff-k1repro1-h3-zh-theme-applied.png | OK last_commit=6b9f0eec72fc unchanged_since=true | receipt review-k1.md:full, CURRENT-CONTROL-PLANE.md:not-listed
  8f1ae478b10da866dac6255506e18b3a96a65d97a441af1e54068262ded53bae docs/reviews/web-native-keyinput-k1/native-5cd63ff-k1repro1-h3.log | OK last_commit=6b9f0eec72fc unchanged_since=true | receipt review-k1.md:full, CURRENT-CONTROL-PLANE.md:not-listed
  94463b5f632c977097765feac9dcd8df12bfa778703448df8cffb45eb8fe74f1 docs/reviews/web-native-keyinput-k1/native-5cd63ff-k1repro1-h5-en-after-save-and-apply.png | OK last_commit=6b9f0eec72fc unchanged_since=true | receipt review-k1.md:full, CURRENT-CONTROL-PLANE.md:not-listed
  327c968871c1efb24728817c749fcaf01bd839ae7083e7fc3f056d5c5a603f5e docs/reviews/web-native-keyinput-k1/native-5cd63ff-k1repro1-h5-en-after-topbar-change.png | OK last_commit=6b9f0eec72fc unchanged_since=true | receipt review-k1.md:full, CURRENT-CONTROL-PLANE.md:not-listed
  f3c3bbfbd6a38ca3e507cec70a191c33ffe5ec10fccb4c84779db273e8030527 docs/reviews/web-native-keyinput-k1/native-5cd63ff-k1repro1-h5-zh-after-save-and-apply.png | OK last_commit=6b9f0eec72fc unchanged_since=true | receipt review-k1.md:full, CURRENT-CONTROL-PLANE.md:not-listed
  1494f9e982c4ad63ca060a0a0f3d4e7a07f642c44e5c882c6ed9c687a87667af docs/reviews/web-native-keyinput-k1/native-5cd63ff-k1repro1-h5-zh-after-topbar-change.png | OK last_commit=6b9f0eec72fc unchanged_since=true | receipt review-k1.md:full, CURRENT-CONTROL-PLANE.md:not-listed
  e70cddb49838b1379d42969cf8943ca892a6b0bd0a542aa1ca791d2632b3349c docs/reviews/web-native-keyinput-k1/native-5cd63ff-k1repro1-h5.log | OK last_commit=6b9f0eec72fc unchanged_since=true | receipt review-k1.md:full, CURRENT-CONTROL-PLANE.md:not-listed
  d980511d1266c3750c8456b949fc362cd37aee276e0b5d7894b52cfc34744b59 docs/reviews/web-native-keyinput-k1/native-app.tsx | OK last_commit=6b9f0eec72fc unchanged_since=true | receipt review-k1.md:full, CURRENT-CONTROL-PLANE.md:not-listed
  6eae5f7f7479de5822a5bb322205cde77931b939c7ed7bf7d8b5fc005fbe8dcf docs/reviews/web-native-keyinput-k1/native-prelude.js | OK last_commit=6b9f0eec72fc unchanged_since=true | receipt review-k1.md:full, CURRENT-CONTROL-PLANE.md:not-listed
  6bb03aec67ab4ec58e72ee5d2fa512f4c58d71c869df01a7e6ac7e6fc74be662 docs/reviews/web-native-keyinput-k1/probe-followup-r2.log | OK last_commit=6b9f0eec72fc unchanged_since=true | receipt review-k1.md:full, CURRENT-CONTROL-PLANE.md:not-listed
  b97906198c1a57e816d97d31f9aa35e8022f8c5c162517a1ce31d9011a03f999 docs/reviews/web-native-keyinput-k1/probe-keys.mjs | OK last_commit=6b9f0eec72fc unchanged_since=true | receipt review-k1.md:full, CURRENT-CONTROL-PLANE.md:not-listed
  b85e508fecc011ba1f4fc3f1189961c59f92bef1abfd353e4ba9ae0bec3e23e5 docs/reviews/web-native-keyinput-k1/probe-mechanism-r2.log | OK last_commit=6b9f0eec72fc unchanged_since=true | receipt review-k1.md:full, CURRENT-CONTROL-PLANE.md:not-listed
  b4913f5e3ee7dba9d047ec07860b306f8e29eb9bdf65cd3c097f27e07c179559 docs/reviews/web-native-keyinput-k1/probe-page.html | OK last_commit=6b9f0eec72fc unchanged_since=true | receipt review-k1.md:full, CURRENT-CONTROL-PLANE.md:not-listed
  e752e2d6701a5e9f8084acd7a971af25165f0b473723d18490d0a252eda8ae3f docs/reviews/web-native-keyinput-k1/probe-reference-r2.log | OK last_commit=6b9f0eec72fc unchanged_since=true | receipt review-k1.md:full, CURRENT-CONTROL-PLANE.md:not-listed
  bf75cfe73ea864c5012f5dd4d99834c5d42e8accc695f0aebbd2b8207b6280cb docs/reviews/web-native-keyinput-k1/probe-runner-r2.log | OK last_commit=6b9f0eec72fc unchanged_since=true | receipt review-k1.md:full, CURRENT-CONTROL-PLANE.md:not-listed
  18a98325b5ff04960087967260017237fda9d2be67ef97f91bffa26e14eaf04b docs/reviews/web-native-keyinput-k1/review-k1.md | OK last_commit=6b9f0eec72fc unchanged_since=true | receipt CURRENT-CONTROL-PLANE.md:prefix8
  2f58c2c14ca379acbd25afe67ac82aa570b95ba7e52592ea0fbe656ee9eda242 docs/reviews/web-native-keyinput-k1/verify-f1-appearance-k1-repro.mjs | OK last_commit=6b9f0eec72fc unchanged_since=true | receipt review-k1.md:full, CURRENT-CONTROL-PLANE.md:not-listed
  e9fbc5905fbace2c5716190baf7e93fd2295bb890b663cb7fd7c90ca2115896d docs/reviews/web-native-keyinput-k1/verify-f1-appearance-k1.mjs | OK last_commit=6b9f0eec72fc unchanged_since=true | receipt review-k1.md:full, CURRENT-CONTROL-PLANE.md:not-listed
  095a3aec62dc0ed52ff168cbbb7215eba27c11acccb4b77ff7ddc07e3f9a7651 docs/reviews/web-native-keyinput-k1/verify-native-before-k1-repro.mjs | OK last_commit=6b9f0eec72fc unchanged_since=true | receipt review-k1.md:full, CURRENT-CONTROL-PLANE.md:not-listed
  d2ec37387a8ad62619886ebed232ecf4b11d7c5d6d238272b39b6a088ad1cbd1 docs/reviews/web-native-keyinput-k1/verify-native-before-k1.mjs | OK last_commit=6b9f0eec72fc unchanged_since=true | receipt review-k1.md:full, CURRENT-CONTROL-PLANE.md:not-listed
  summary E4/E5 supplementary K-1: files=82 receipt_full=81 receipt_prefix8=1 receipt_none_or_na=0
## E5 producing commit 72538d1fd7282d621c35e355ebbd8d93f26d4d96 (5 files) receipts docs/reviews/web-appearance-recovery-f1/before-5cd63ff.md, docs/reviews/20260908-full-product-audit/CURRENT-CONTROL-PLANE.md
  ddd1f4924641b56dbbc03b1dd342fc743f28aab4a22dbace485b22a3f8a55935 docs/reviews/web-appearance-recovery-f1/before-5cd63ff.md | OK last_commit=72538d1fd728 unchanged_since=true | receipt CURRENT-CONTROL-PLANE.md:prefix8
  6da3c371cf1f8a49eb5128bbe89bf386a4eda254b350dfcdb6c5337fd9c501ea docs/reviews/web-appearance-recovery-f1/f1-5cd63ff-appearance-before1.log | OK last_commit=72538d1fd728 unchanged_since=true | receipt before-5cd63ff.md:full, CURRENT-CONTROL-PLANE.md:not-listed
  01876092a60ccfa8527935229365d69622b76f8b4ec4ef0047f1fbedb8374f86 docs/reviews/web-appearance-recovery-f1/f1-5cd63ff-selfcheck-before1.log | OK last_commit=72538d1fd728 unchanged_since=true | receipt before-5cd63ff.md:full, CURRENT-CONTROL-PLANE.md:not-listed
  19b4601f971c8892e674651244541f7e9635027dc5fe2cb56187a9a71a3dadef docs/reviews/web-appearance-recovery-f1/f1-appearance-host.tsx | OK last_commit=72538d1fd728 unchanged_since=true | receipt before-5cd63ff.md:full, CURRENT-CONTROL-PLANE.md:not-listed
  f570b5c9a29d13a59aa3abe3436552a4f90e1107849a7430259cf58513e1f328 docs/reviews/web-appearance-recovery-f1/verify-f1-appearance.mjs | OK last_commit=72538d1fd728 unchanged_since=true | receipt before-5cd63ff.md:full, CURRENT-CONTROL-PLANE.md:not-listed
  summary E5: files=5 receipt_full=4 receipt_prefix8=1 receipt_none_or_na=0
## E6 r1 run record producing commit 4874170f91a86d46c1553785357ad6c71af84102 (10 files) receipts docs/reviews/web-appearance-recovery-terra/implementation.md
  022498efadf744d7197b4749d41e7487a86a96eb5a17ef053e991888285defa4 docs/reviews/web-appearance-recovery-terra/appearance-lint.log | OK last_commit=4874170f91a8 unchanged_since=true | receipt implementation.md:not-listed
  f99fc19499cbaafceeae159067cac80a5cf417dcc844936872e44a432b77447d docs/reviews/web-appearance-recovery-terra/appearance-test.log | OK last_commit=4874170f91a8 unchanged_since=true | receipt implementation.md:not-listed
  0f6955b7434f1bee2f05c81cd327c41d8a52b692e1dcd7b00e5e047d811a6ffe docs/reviews/web-appearance-recovery-terra/appearance-typecheck.log | OK last_commit=4874170f91a8 unchanged_since=true | receipt implementation.md:not-listed
  6e07573a8a5881155be91cf002ba27624c9911497c285c91fb0806f747eb5e58 docs/reviews/web-appearance-recovery-terra/implementation.md | OK last_commit=4874170f91a8 unchanged_since=true | receipt n/a
  a0b37ca9c2b05be9180f028b9c28985139591f96351ed2c6d0a4f7a93e8ee228 docs/reviews/web-appearance-recovery-terra/shell-check-types.log | OK last_commit=4874170f91a8 unchanged_since=true | receipt implementation.md:not-listed
  5e5f0ae51385cb321017e21691d83a0ce5d05d644e3b68852fa2c2f95173f678 docs/reviews/web-appearance-recovery-terra/shell-lint.log | OK last_commit=4874170f91a8 unchanged_since=true | receipt implementation.md:not-listed
  59a9d0bb7cc1b1ec2af45409ce364729c63b6062b38f88dbab684473e7515ee4 docs/reviews/web-appearance-recovery-terra/shell-test.log | OK last_commit=4874170f91a8 unchanged_since=true | receipt implementation.md:not-listed
  ab304c96b9229a285081288d531549912faa586ba491b1127b11d418ecd9c3f7 docs/reviews/web-appearance-recovery-terra/web-check-types.log | OK last_commit=4874170f91a8 unchanged_since=true | receipt implementation.md:not-listed
  5f29a427d2c78691c9ab15c6ecf240370a27a99b67995e28d1e56b998dd8e4fa docs/reviews/web-appearance-recovery-terra/web-lint.log | OK last_commit=4874170f91a8 unchanged_since=true | receipt implementation.md:not-listed
  74a9d29fd7caaee84a716362229ce8d73abcf2821a2e9eec20b4c18e073b41d0 docs/reviews/web-appearance-recovery-terra/web-test.log | OK last_commit=4874170f91a8 unchanged_since=true | receipt implementation.md:not-listed
  summary E6 r1 run record: files=10 receipt_full=0 receipt_prefix8=0 receipt_none_or_na=10
## E6 r2 run record producing commit 0d34bf2e843ee89c5a2cdaf9a504193830711687 (7 files) receipts docs/reviews/web-appearance-recovery-terra/implementation-r2.md
  3aa3a24cd1d288a15e62e2ab19a5f6cee39d15ea6e435d3106a894fc3b05c2c4 docs/reviews/web-appearance-recovery-terra/implementation-r2.md | OK last_commit=0d34bf2e843e unchanged_since=true | receipt n/a
  f416e8cdc0fa11d356fc7b28f03331f5a219bee530d449926b1c7915c3f65f7e docs/reviews/web-appearance-recovery-terra/r2-appearance-lint.log | OK last_commit=0d34bf2e843e unchanged_since=true | receipt implementation-r2.md:full
  4e2ee96b4924c207c916151f2cb647d838ff8a391d71f409e36e44d31b855ffa docs/reviews/web-appearance-recovery-terra/r2-appearance-test.log | OK last_commit=0d34bf2e843e unchanged_since=true | receipt implementation-r2.md:full
  9ece7f20a510ce7a7f8700ed828ad14455b0270c6664ae3bfa4cf9b849a47e0a docs/reviews/web-appearance-recovery-terra/r2-appearance-typecheck.log | OK last_commit=0d34bf2e843e unchanged_since=true | receipt implementation-r2.md:full
  f9a2e8ed14af3de637f1c508e1f4d7f11b93b7b59602d998f47f7a53e71882eb docs/reviews/web-appearance-recovery-terra/r2-baseline-appearance-test.log | OK last_commit=0d34bf2e843e unchanged_since=true | receipt implementation-r2.md:full
  f34be4b2a7a1957f74ac94b17cc39c096eb3ab20ad7888ac1f7e7cfa31d46145 docs/reviews/web-appearance-recovery-terra/r2-negative-control-focus-ring-test.log | OK last_commit=0d34bf2e843e unchanged_since=true | receipt implementation-r2.md:full
  d78ba934ac9b0b70b55e20ed562b729cc7c42c80f97b273130031923599272de docs/reviews/web-appearance-recovery-terra/r2-web-test.log | OK last_commit=0d34bf2e843e unchanged_since=true | receipt implementation-r2.md:full
  summary E6 r2 run record: files=7 receipt_full=6 receipt_prefix8=0 receipt_none_or_na=1
## E6 r3 run record producing commit 5766c1e4457158e9e7bcf0a573464ef1861b4640 (7 files) receipts docs/reviews/web-appearance-recovery-terra/implementation-r3.md
  c6bdb848eee78f6bc8f5bf7663e27193cb5585ebaf907f7cd0c1be33feb5f748 docs/reviews/web-appearance-recovery-terra/implementation-r3.md | OK last_commit=5766c1e44571 unchanged_since=true | receipt n/a
  2c7befd3a86112300adb146b3a3778cbecf9b816c729c9190c520bb5caa7c06d docs/reviews/web-appearance-recovery-terra/r3-appearance-lint.log | OK last_commit=5766c1e44571 unchanged_since=true | receipt implementation-r3.md:full
  539cb4bb5f662dc9ad547366a25a6524646a84850e5280989c06cecfc50972c2 docs/reviews/web-appearance-recovery-terra/r3-appearance-test.log | OK last_commit=5766c1e44571 unchanged_since=true | receipt implementation-r3.md:full
  9b553be3ed678ba062fca60631902573eadaf6aa64cc4e0ed25af6ae6d2c7c1e docs/reviews/web-appearance-recovery-terra/r3-appearance-typecheck.log | OK last_commit=5766c1e44571 unchanged_since=true | receipt implementation-r3.md:full
  9fdd4b8c7669461e393d668510cf6ef96f546538e61db64cce9a2c16ad403ffb docs/reviews/web-appearance-recovery-terra/r3-negative-control-selected-focus-test.log | OK last_commit=5766c1e44571 unchanged_since=true | receipt implementation-r3.md:full
  ab72785296e7dafb7291ee032c9ec67f987726a4e9ed0af556b33aacfde4f08b docs/reviews/web-appearance-recovery-terra/r3-static-focus-audit.log | OK last_commit=5766c1e44571 unchanged_since=true | receipt implementation-r3.md:full
  0adfb87352250db6fb11f706ead2f94bbf7bcc3fb228c4867e4ccb22d851d246 docs/reviews/web-appearance-recovery-terra/r3-web-test.log | OK last_commit=5766c1e44571 unchanged_since=true | receipt implementation-r3.md:full
  summary E6 r3 run record: files=7 receipt_full=6 receipt_prefix8=0 receipt_none_or_na=1
## E6 product (§11 files at 419e56d) at revision 419e56d (26 files) receipts docs/reviews/web-appearance-recovery-final/protected-diff-appearance-final-v1-419e56d.log
  3e3757680209e9337c0241209a13fc2092099ffc7de3858a9709740dd20dcc41 packages/xai-web-settings-appearance/docs/api.md | at 419e56d | receipt protected-diff-appearance-final-v1-419e56d.log:full
  7d9384b3cf84051ea8404b8d218333d8ec09460025b365144b26976ee52bce30 packages/xai-web-settings-appearance/docs/test.md | at 419e56d | receipt protected-diff-appearance-final-v1-419e56d.log:full
  0818f7ee1cb9b525e6fac603ba4958b175dd401e0fd754d05ed3ac7d88e27c8f packages/xai-web-settings-appearance/src/AppearancePane.tsx | at 419e56d | receipt protected-diff-appearance-final-v1-419e56d.log:full
  5128074fc56b2e9726baf4258d897ce50ccb4de50b1ff1810e62ba6d10f309a4 packages/xai-web-settings-appearance/src/__tests__/AppearanceController.test.tsx | at 419e56d | receipt protected-diff-appearance-final-v1-419e56d.log:full
  77990b76a32830e5e3bd62c2db36e2b3d7affa197c2e7330347279f51ba602ff packages/xai-web-settings-appearance/src/__tests__/AppearancePane.bilingual.test.tsx | at 419e56d | receipt protected-diff-appearance-final-v1-419e56d.log:full
  caea5da64db325d3d0e7484ec9ce1a527cf6a061fe3d45bda379146172d708a5 packages/xai-web-settings-appearance/src/__tests__/AppearancePane.focus-ring.test.tsx | at 419e56d | receipt protected-diff-appearance-final-v1-419e56d.log:full
  1dc849d57819d5788e2f229e5021cf7f8841df4e12f8957f4f35fd56b3beded4 packages/xai-web-settings-appearance/src/__tests__/AppearancePane.live-binding.test.tsx | at 419e56d | receipt protected-diff-appearance-final-v1-419e56d.log:full
  d67910461c3e86649f8c0942e60447a8f82933b720281e56a1e4dd5b639ce2f2 packages/xai-web-settings-appearance/src/__tests__/AppearancePane.rendering.test.tsx | at 419e56d | receipt protected-diff-appearance-final-v1-419e56d.log:full
  3c01fb2c3d49556af08ceb16a5ad696b9f33ea387312fc82bc608e62d94c440c packages/xai-web-settings-appearance/src/__tests__/AppearancePane.save-reset.test.tsx | at 419e56d | receipt protected-diff-appearance-final-v1-419e56d.log:full
  598f3418b4ca12cd168d907b2c45d76bcf79ab839ebb6c3a0e40938144cd9dcd packages/xai-web-settings-appearance/src/__tests__/AppearancePane.selected-focus.test.tsx | at 419e56d | receipt protected-diff-appearance-final-v1-419e56d.log:full
  1f04115361bf4d4d1c9d6b838a01f610469eda6ac3430c12306cda84cd065349 packages/xai-web-settings-appearance/src/__tests__/AppearanceRetryAll.test.tsx | at 419e56d | receipt protected-diff-appearance-final-v1-419e56d.log:full
  88a30fc8d464242a35eac4d051928d2a43cec7f34c4cbd83fb7dc374bf5dbd22 packages/xai-web-settings-appearance/src/__tests__/appearanceLockFixture.ts | at 419e56d | receipt protected-diff-appearance-final-v1-419e56d.log:full
  9113e85cab3eee31e1f54e5220b87e8d8eac69a48f73b2697a8662dac1d5caef packages/xai-web-settings-appearance/src/index.ts | at 419e56d | receipt protected-diff-appearance-final-v1-419e56d.log:full
  54f227efe3f8f2473e49a0e8e5c18329a9d2f6d37da504adee1a090c540780ad packages/xai-web-settings-appearance/src/internal/AppearanceActions.tsx | at 419e56d | receipt protected-diff-appearance-final-v1-419e56d.log:full
  414a76b3ff6b5e0e638124eb9c1f0b4dad8d7e6282fbaa4d788bf3982836c27c packages/xai-web-settings-appearance/src/internal/AppearanceStatus.tsx | at 419e56d | receipt protected-diff-appearance-final-v1-419e56d.log:full
  64d6c8b74f689bc989bc8d1bcfa85bb333b068826829269f1e31d97cd2878e5a packages/xai-web-settings-appearance/src/internal/appearanceController.tsx | at 419e56d | receipt protected-diff-appearance-final-v1-419e56d.log:full
  991232e97e44919c1b00b5502a62df05d814de3ccc34ed4452104ad59b54dab0 packages/xai-web-settings-appearance/src/internal/appearanceRecoveryCopy.ts | at 419e56d | receipt protected-diff-appearance-final-v1-419e56d.log:full
  cd95e4a921e334d7ac47fc7e808ffa3e79b664c45fbf754049be33f649f250ce packages/xai-web-settings-appearance/src/styles.css | at 419e56d | receipt protected-diff-appearance-final-v1-419e56d.log:full
  40a72a058ba1e4b64f40afe8a31d590935d800e786d065248a8030f3137eeae3 packages/xai-web-settings-appearance/src/types.ts | at 419e56d | receipt protected-diff-appearance-final-v1-419e56d.log:full
  5ce33b6cdba6bce0936b264157909810063ef74d4094d55762b8e8d41b5d1e24 packages/xai-web-shell/docs/api.md | at 419e56d | receipt protected-diff-appearance-final-v1-419e56d.log:full
  1f5fc6c7281c74d1c08b5fac99d90feae79637f5c349fa38823dc2f042428c5f packages/xai-web-shell/src/Shell.tsx | at 419e56d | receipt protected-diff-appearance-final-v1-419e56d.log:full
  87b243344cb055d0a55b5e749bfeceb97b16c6a72a442ee1f990a76ced74c1f0 packages/xai-web-shell/src/Topbar.tsx | at 419e56d | receipt protected-diff-appearance-final-v1-419e56d.log:full
  b3a068eab6bbb95e62cb2ec73f8a715921a48549f090bf7237e8d8c0dabfcb12 packages/xai-web-shell/src/__tests__/Topbar.test.tsx | at 419e56d | receipt protected-diff-appearance-final-v1-419e56d.log:full
  ada0b296ed314bdb74b8847dac2b6a20bc3ffc297ded929b7f4f8ad09a88d93a packages/xai-web-shell/src/types.ts | at 419e56d | receipt protected-diff-appearance-final-v1-419e56d.log:full
  24461a52a34c83d9e9e51dc92d99db6d76e4c56435bec3e5293e0937a8cc935a apps/web/src/App.tsx | at 419e56d | receipt protected-diff-appearance-final-v1-419e56d.log:full
  4ea4aba6efc32eef8531abe744b4510f0bc835261863996c436fe46d4bd58e6e apps/web/src/__tests__/App.appearance.test.tsx | at 419e56d | receipt protected-diff-appearance-final-v1-419e56d.log:full
  summary E6 product (§11 files at 419e56d): files=26 receipt_full=26 receipt_prefix8=0 receipt_none_or_na=0
## E7 OE erratum basis producing commit 26cfce8d9d7f253272878a4476f5cc54ae340ffd (15 files) receipts docs/reviews/web-appearance-recovery-oracle-erratum/review-oe.md, docs/reviews/20260908-full-product-audit/CURRENT-CONTROL-PLANE.md
  a677aff6258931f8d6876b0f10ccf937c3df586ba0675a5ad855467b33fa9e18 docs/reviews/web-appearance-recovery-oracle-erratum/analysis-oe2.log | OK last_commit=26cfce8d9d7f unchanged_since=true | receipt review-oe.md:full, CURRENT-CONTROL-PLANE.md:not-listed
  d72c484c979b59a8595eab412bf2ae02ef656bcf38ff174c87e5397203003aa3 docs/reviews/web-appearance-recovery-oracle-erratum/analyze-oe.mjs | OK last_commit=26cfce8d9d7f unchanged_since=true | receipt review-oe.md:full, CURRENT-CONTROL-PLANE.md:not-listed
  354bf6561db0ba238212f554597e1a9c23065a2b8e6a36d053f8c13cd2b030c1 docs/reviews/web-appearance-recovery-oracle-erratum/continuity-export.corrected.diff | OK last_commit=26cfce8d9d7f unchanged_since=true | receipt review-oe.md:full, CURRENT-CONTROL-PLANE.md:not-listed
  6e9c7def13a5128534a245653c90414c805a5af7597e7a12644189a258a5909a docs/reviews/web-appearance-recovery-oracle-erratum/continuity-export.corrected.test.tsx | OK last_commit=26cfce8d9d7f unchanged_since=true | receipt review-oe.md:full, CURRENT-CONTROL-PLANE.md:not-listed
  3ec6b66dd460dc17f94248214bdd04da9dbf0524ee12ecda22a03f4676c3c265 docs/reviews/web-appearance-recovery-oracle-erratum/corrected-oe1-24073b5.log | OK last_commit=26cfce8d9d7f unchanged_since=true | receipt review-oe.md:full, CURRENT-CONTROL-PLANE.md:not-listed
  81a965f1e08ac02eb83be8c663bce5507d63979d3dfca6fec142e080b0b25c21 docs/reviews/web-appearance-recovery-oracle-erratum/corrected-oe1-5cd63ff.log | OK last_commit=26cfce8d9d7f unchanged_since=true | receipt review-oe.md:full, CURRENT-CONTROL-PLANE.md:not-listed
  f573263793f1bef6e5c418533a7afbf0b97dc207f3f58755c1cbbe7ccab52935 docs/reviews/web-appearance-recovery-oracle-erratum/corrected-oe2-24073b5.log | OK last_commit=26cfce8d9d7f unchanged_since=true | receipt review-oe.md:full, CURRENT-CONTROL-PLANE.md:not-listed
  2deda71954de56b640fed2846ef9d74a4870cda206a63c98b8e49122e22babf7 docs/reviews/web-appearance-recovery-oracle-erratum/corrected-oe2-5cd63ff.log | OK last_commit=26cfce8d9d7f unchanged_since=true | receipt review-oe.md:full, CURRENT-CONTROL-PLANE.md:not-listed
  48485177dbedf1124202b140b8cefc72e431e938ecfca430d07877d13c3e7701 docs/reviews/web-appearance-recovery-oracle-erratum/frozen-oe1-24073b5.log | OK last_commit=26cfce8d9d7f unchanged_since=true | receipt review-oe.md:full, CURRENT-CONTROL-PLANE.md:not-listed
  aa689afb7021e36f9bd6888d2802ed4aca14e6f9a4af2940ca67d24d2122095f docs/reviews/web-appearance-recovery-oracle-erratum/frozen-oe2-24073b5.log | OK last_commit=26cfce8d9d7f unchanged_since=true | receipt review-oe.md:full, CURRENT-CONTROL-PLANE.md:not-listed
  6261aa76d3b934d2d614876ecf7b96c0900388d76778875b2606d181b796ce18 docs/reviews/web-appearance-recovery-oracle-erratum/oe-replay.test.tsx | OK last_commit=26cfce8d9d7f unchanged_since=true | receipt review-oe.md:full, CURRENT-CONTROL-PLANE.md:not-listed
  f1599bccc686f0543925490b7cd75b52254b9063d0b0bf5fff228d1889050241 docs/reviews/web-appearance-recovery-oracle-erratum/replay-oe2-24073b5.log | OK last_commit=26cfce8d9d7f unchanged_since=true | receipt review-oe.md:full, CURRENT-CONTROL-PLANE.md:not-listed
  10e2bdde8e22ff88075ed2f97cab721997632e6ca14052287b2c2d4caffbfe2f docs/reviews/web-appearance-recovery-oracle-erratum/replay-oe2-5cd63ff.log | OK last_commit=26cfce8d9d7f unchanged_since=true | receipt review-oe.md:full, CURRENT-CONTROL-PLANE.md:not-listed
  63e7eed0313baebb5255a8aa1144ba66a30bef0e83426377d40418d2dacc220b docs/reviews/web-appearance-recovery-oracle-erratum/review-oe.md | OK last_commit=26cfce8d9d7f unchanged_since=true | receipt CURRENT-CONTROL-PLANE.md:prefix8
  354c220b0cddb6997486a52afe88182c11d622d490d00da7fd2cabd3fddf81d8 docs/reviews/web-appearance-recovery-oracle-erratum/verify-erratum.mjs | OK last_commit=26cfce8d9d7f unchanged_since=true | receipt review-oe.md:full, CURRENT-CONTROL-PLANE.md:not-listed
  summary E7 OE erratum basis: files=15 receipt_full=14 receipt_prefix8=1 receipt_none_or_na=0
## E7 producing commit 31d6335eb0afeff50cea0f042cad40aa2552bbd6 (9 files) receipts docs/reviews/web-appearance-recovery-sol/fixed-24073b5.md, docs/reviews/20260908-full-product-audit/CURRENT-CONTROL-PLANE.md
  a4588ba5b38a77291fd75d02487db209c3a18a7e5e7402077269a01fd04decf3 docs/reviews/web-appearance-recovery-sol/bytes-fixed1-24073b5.log | OK last_commit=31d6335eb0af unchanged_since=true | receipt fixed-24073b5.md:full, CURRENT-CONTROL-PLANE.md:not-listed
  bcff6ee006ce448b11ec0f1104bc8cc506912ec445b97bdc11a810646a33de95 docs/reviews/web-appearance-recovery-sol/continuity-export-fixed1-24073b5.log | OK last_commit=31d6335eb0af unchanged_since=true | receipt fixed-24073b5.md:full, CURRENT-CONTROL-PLANE.md:not-listed
  dc35680f9fb72c72ca34a598b144a4554ca7a86b5226dcc547546ebbcfc0aeef docs/reviews/web-appearance-recovery-sol/fields-fixed1-24073b5.log | OK last_commit=31d6335eb0af unchanged_since=true | receipt fixed-24073b5.md:full, CURRENT-CONTROL-PLANE.md:not-listed
  59b8b56fb6765ea35d34a98b5c51a01f0fb4914c9c9193c617bfb8490ef6b149 docs/reviews/web-appearance-recovery-sol/fixed-24073b5.md | OK last_commit=31d6335eb0af unchanged_since=true | receipt CURRENT-CONTROL-PLANE.md:prefix8
  d4c13cf8f289f97ae3b4dc29136be4dc3b37c4bf0060a84d98c26822edc439c5 docs/reviews/web-appearance-recovery-sol/host-fixed1-24073b5.log | OK last_commit=31d6335eb0af unchanged_since=true | receipt fixed-24073b5.md:full, CURRENT-CONTROL-PLANE.md:not-listed
  595b96ed49289490e5398fec447732a4861cb51dcfe62447654a3b80b1255365 docs/reviews/web-appearance-recovery-sol/original-fixed1-24073b5.log | OK last_commit=31d6335eb0af unchanged_since=true | receipt fixed-24073b5.md:full, CURRENT-CONTROL-PLANE.md:not-listed
  b7ec55fe24cc9211b8c34699b42ecccf168b1d6f9c28147594e8cb29487a1710 docs/reviews/web-appearance-recovery-sol/queues-fixed1-24073b5.log | OK last_commit=31d6335eb0af unchanged_since=true | receipt fixed-24073b5.md:full, CURRENT-CONTROL-PLANE.md:not-listed
  5a72a30ba575346348c202880bf422479c115a335b7f99eb5548ed2fc7c0b61b docs/reviews/web-appearance-recovery-sol/reset-fixed1-24073b5.log | OK last_commit=31d6335eb0af unchanged_since=true | receipt fixed-24073b5.md:full, CURRENT-CONTROL-PLANE.md:not-listed
  4a20985a777208bd885e3345732a14e4db291475e1f3ee98be5fbc803dae714f docs/reviews/web-appearance-recovery-sol/retry-all-fixed1-24073b5.log | OK last_commit=31d6335eb0af unchanged_since=true | receipt fixed-24073b5.md:full, CURRENT-CONTROL-PLANE.md:not-listed
  summary E7: files=9 receipt_full=8 receipt_prefix8=1 receipt_none_or_na=0
## E7 corrected copy run producing commit 31d6335eb0afeff50cea0f042cad40aa2552bbd6 (1 files) receipts docs/reviews/web-appearance-recovery-sol/fixed-24073b5.md
  4c0f405102ce26b7a4bbda94b141aa36e74234216e253d48d926bb1bb2ee47ba docs/reviews/web-appearance-recovery-oracle-erratum/corrected-fixed1-24073b5.log | OK last_commit=31d6335eb0af unchanged_since=true | receipt fixed-24073b5.md:full
  summary E7 corrected copy run: files=1 receipt_full=1 receipt_prefix8=0 receipt_none_or_na=0
## E8 producing commit 31d6335eb0afeff50cea0f042cad40aa2552bbd6 (1 files) receipts docs/reviews/web-appearance-recovery-sol/fixed-24073b5.md
  b2425a58806178d0f89a1966a19ce78996191ac759e6e5a99a306b2725b1c4b1 docs/reviews/web-appearance-recovery-independent/host-fixed1-24073b5.log | OK last_commit=31d6335eb0af unchanged_since=true | receipt fixed-24073b5.md:full
  summary E8: files=1 receipt_full=1 receipt_prefix8=0 receipt_none_or_na=0
## E9 producing commit 3419542b8ea4421ba657effd3bfa0039f9afc0d4 (5 files) receipts docs/reviews/web-appearance-recovery-native/review-controls-reset-export-24073b5.md, docs/reviews/20260908-full-product-audit/CURRENT-CONTROL-PLANE.md
  ccf7acb2d3152e8b1db7340dc9a60185d38c40c5a99362e0e7f4f04ca87384fa docs/reviews/web-appearance-recovery-native/native-24073b5-fixed1-controls.log | OK last_commit=3419542b8ea4 unchanged_since=true | receipt review-controls-reset-export-24073b5.md:full, CURRENT-CONTROL-PLANE.md:not-listed
  27bdc8e6a29532482f8510538a004d984c0e68754b022d02788d5b69694af4d7 docs/reviews/web-appearance-recovery-native/native-fixed-app.tsx | OK last_commit=3419542b8ea4 unchanged_since=true | receipt review-controls-reset-export-24073b5.md:full, CURRENT-CONTROL-PLANE.md:not-listed
  c8324c16e0494b56612bb671518118fd9643a6983b7ce19d3b658b8203b8249d docs/reviews/web-appearance-recovery-native/native-fixed-prelude.js | OK last_commit=3419542b8ea4 unchanged_since=true | receipt review-controls-reset-export-24073b5.md:full, CURRENT-CONTROL-PLANE.md:not-listed
  287477b8b4f4a5a4304d6117dd495e40c467d6af18fe4addaa621ef9c82e55c0 docs/reviews/web-appearance-recovery-native/review-controls-reset-export-24073b5.md | OK last_commit=3419542b8ea4 unchanged_since=true | receipt CURRENT-CONTROL-PLANE.md:prefix8
  6249155657986667e47cf9fe52f34f29d0dce2abbf6010a0bfe259b8ea1003ad docs/reviews/web-appearance-recovery-native/verify-native-fixed.mjs | OK last_commit=3419542b8ea4 unchanged_since=true | receipt review-controls-reset-export-24073b5.md:full, CURRENT-CONTROL-PLANE.md:not-listed
  summary E9: files=5 receipt_full=4 receipt_prefix8=1 receipt_none_or_na=0
## E10 producing commit 3419542b8ea4421ba657effd3bfa0039f9afc0d4 (1 files) receipts docs/reviews/web-appearance-recovery-native/review-controls-reset-export-24073b5.md
  5b6fe71481c0049694f4919b0c1991678b6d125263d9b3efa951448176157809 docs/reviews/web-appearance-recovery-native/native-24073b5-fixed1-reset.log | OK last_commit=3419542b8ea4 unchanged_since=true | receipt review-controls-reset-export-24073b5.md:full
  summary E10: files=1 receipt_full=1 receipt_prefix8=0 receipt_none_or_na=0
## E11 producing commit 3419542b8ea4421ba657effd3bfa0039f9afc0d4 (10 files) receipts docs/reviews/web-appearance-recovery-native/review-controls-reset-export-24073b5.md
  97b57a58c43858b1c5eb56de008494e84b4d1690923f3e6e818148713b16ee95 docs/reviews/web-appearance-recovery-native/native-24073b5-fixed1-export-x1-sparse-set-topbar-theme-appearance-draft.json | OK last_commit=3419542b8ea4 unchanged_since=true | receipt review-controls-reset-export-24073b5.md:full
  1a17fe15377fbb2b8327b0bb3d0ed70f03ae09b399dd75f52c3e6cb6f11037c4 docs/reviews/web-appearance-recovery-native/native-24073b5-fixed1-export-x2-sparse-registered-set-accent-appearance-draft.json | OK last_commit=3419542b8ea4 unchanged_since=true | receipt review-controls-reset-export-24073b5.md:full
  5473b6503cdc6a0861279cbd0e6fceacab99e229641a9d7e2ba2c8fdc1667502 docs/reviews/web-appearance-recovery-native/native-24073b5-fixed1-export-x3-background-both-writes-failing-appearance-draft.json | OK last_commit=3419542b8ea4 unchanged_since=true | receipt review-controls-reset-export-24073b5.md:full
  dbefb91c5c75db1569108f1c5e944b8825c7a03609b0343db33c701674d7cf83 docs/reviews/web-appearance-recovery-native/native-24073b5-fixed1-export-x4-mixed-set-and-reset-appearance-draft.json | OK last_commit=3419542b8ea4 unchanged_since=true | receipt review-controls-reset-export-24073b5.md:full
  e5912d04587e8613b2222d5d6e890303c1d76d2ed35216fe2a3dcac8f3f50221 docs/reviews/web-appearance-recovery-native/native-24073b5-fixed1-export-x5-all-six-pending-resets-appearance-draft.json | OK last_commit=3419542b8ea4 unchanged_since=true | receipt review-controls-reset-export-24073b5.md:full
  e58d4e79f79090f062ef8b7639bcf38ca53ed549e34f90721cb337158c4e49a3 docs/reviews/web-appearance-recovery-native/native-24073b5-fixed1-export-x6-all-seven-sets-including-language-appearance-draft.json | OK last_commit=3419542b8ea4 unchanged_since=true | receipt review-controls-reset-export-24073b5.md:full
  7946a5a86ce289288ed59e4453d1b4594526f0a478a769b282648090768fb32a docs/reviews/web-appearance-recovery-native/native-24073b5-fixed1-export-x7-one-operation-held-behind-a-real-lock-appearance-draft.json | OK last_commit=3419542b8ea4 unchanged_since=true | receipt review-controls-reset-export-24073b5.md:full
  bb63a96f38ab0848bab72b3c82dac778b487b8a7d71ae57658d8494557c3014c docs/reviews/web-appearance-recovery-native/native-24073b5-fixed1-export-x8-after-navigating-away-and-back-appearance-draft.json | OK last_commit=3419542b8ea4 unchanged_since=true | receipt review-controls-reset-export-24073b5.md:full
  bb63a96f38ab0848bab72b3c82dac778b487b8a7d71ae57658d8494557c3014c docs/reviews/web-appearance-recovery-native/native-24073b5-fixed1-export-x9b-recovered-after-click-failure-appearance-draft.json | OK last_commit=3419542b8ea4 unchanged_since=true | receipt review-controls-reset-export-24073b5.md:full
  c3ac58b0e1d6096525c28991f46b5b26e6762e4fe2ca69a6625a7481a20e3e9c docs/reviews/web-appearance-recovery-native/native-24073b5-fixed1-export.log | OK last_commit=3419542b8ea4 unchanged_since=true | receipt review-controls-reset-export-24073b5.md:full
  summary E11: files=10 receipt_full=10 receipt_prefix8=0 receipt_none_or_na=0
## E12 producing commit 32e675388ffd259aab37721acd2969a08888b112 (6 files) receipts docs/reviews/web-appearance-recovery-native/review-host-downstream-retryall-24073b5.md, docs/reviews/20260908-full-product-audit/CURRENT-CONTROL-PLANE.md
  1a17fe15377fbb2b8327b0bb3d0ed70f03ae09b399dd75f52c3e6cb6f11037c4 docs/reviews/web-appearance-recovery-native/native-24073b5-fixed1-host-p-partial-retry-all-appearance-draft.json | OK last_commit=32e675388ffd unchanged_since=true | receipt review-host-downstream-retryall-24073b5.md:full, CURRENT-CONTROL-PLANE.md:not-listed
  57ba2c11dc53391831f64d666a7211dbcee79ed95be828b388ccff6eeb1a0d06 docs/reviews/web-appearance-recovery-native/native-24073b5-fixed1-host.log | OK last_commit=32e675388ffd unchanged_since=true | receipt review-host-downstream-retryall-24073b5.md:full, CURRENT-CONTROL-PLANE.md:not-listed
  118f565783fc99e2642341e39ff9afa2df4a6cb937dc016ca41ab13ab1721c19 docs/reviews/web-appearance-recovery-native/native-host-retryall-app.tsx | OK last_commit=32e675388ffd unchanged_since=true | receipt review-host-downstream-retryall-24073b5.md:full, CURRENT-CONTROL-PLANE.md:not-listed
  ad4d711a5639b6685f05ea9cf5742f77d17e5924a127453dcd42f1a117757e7b docs/reviews/web-appearance-recovery-native/native-host-retryall-prelude.js | OK last_commit=32e675388ffd unchanged_since=true | receipt review-host-downstream-retryall-24073b5.md:full, CURRENT-CONTROL-PLANE.md:not-listed
  ea10ba23e2c0ba6df2d55a2d066e50c432430a6b37a9f758b2a8b63ac3a00020 docs/reviews/web-appearance-recovery-native/review-host-downstream-retryall-24073b5.md | OK last_commit=32e675388ffd unchanged_since=true | receipt CURRENT-CONTROL-PLANE.md:prefix8
  8af7adf4d7be3281f6575bddedd3d6f76a85d0f8f0cfd9b367a92828cbcb4fad docs/reviews/web-appearance-recovery-native/verify-native-host-retryall.mjs | OK last_commit=32e675388ffd unchanged_since=true | receipt review-host-downstream-retryall-24073b5.md:full, CURRENT-CONTROL-PLANE.md:not-listed
  summary E12: files=6 receipt_full=5 receipt_prefix8=1 receipt_none_or_na=0
## E13 producing commit 32e675388ffd259aab37721acd2969a08888b112 (18 files) receipts docs/reviews/web-appearance-recovery-native/review-host-downstream-retryall-24073b5.md
  08b645249eecc4d4077d5704c3187725cf709439f66321aed9b4fabc2e7ac351 docs/reviews/web-appearance-recovery-native/native-24073b5-fixed1-downstream-crash-accentHue-Infinity-en.png | OK last_commit=32e675388ffd unchanged_since=true | receipt review-host-downstream-retryall-24073b5.md:full
  d9c22ee3d80d595d07cad7e347efd4e69099d777ce443a190bd819c458232b49 docs/reviews/web-appearance-recovery-native/native-24073b5-fixed1-downstream-crash-accentHue-Infinity-zh.png | OK last_commit=32e675388ffd unchanged_since=true | receipt review-host-downstream-retryall-24073b5.md:full
  f7fce58489336a46d031c05af901e3d23f7cb15d14a15c3d5315845f87fe884e docs/reviews/web-appearance-recovery-native/native-24073b5-fixed1-downstream-crash-cross-document-accent-infinity-en.png | OK last_commit=32e675388ffd unchanged_since=true | receipt review-host-downstream-retryall-24073b5.md:full
  feed3964d8559d1e34eec937491f0684003c892f02a3fb1b5dac9f648b456b97 docs/reviews/web-appearance-recovery-native/native-24073b5-fixed1-downstream-crash-fontScale--1-en.png | OK last_commit=32e675388ffd unchanged_since=true | receipt review-host-downstream-retryall-24073b5.md:full
  cb3b27ff721bb4c3b8f6cbdfad9fe0bc50d804f80d3161c37b9588b217309d05 docs/reviews/web-appearance-recovery-native/native-24073b5-fixed1-downstream-crash-fontScale--1-zh.png | OK last_commit=32e675388ffd unchanged_since=true | receipt review-host-downstream-retryall-24073b5.md:full
  feed3964d8559d1e34eec937491f0684003c892f02a3fb1b5dac9f648b456b97 docs/reviews/web-appearance-recovery-native/native-24073b5-fixed1-downstream-crash-fontScale-0-en.png | OK last_commit=32e675388ffd unchanged_since=true | receipt review-host-downstream-retryall-24073b5.md:full
  43dd1d780ae385716777223076463367743c01d3401c3738cab5774300c166dd docs/reviews/web-appearance-recovery-native/native-24073b5-fixed1-downstream-crash-fontScale-0-zh.png | OK last_commit=32e675388ffd unchanged_since=true | receipt review-host-downstream-retryall-24073b5.md:full
  4a3c738ef7af36e20e6b1348eb4823846e8f19d634468284db9894e6502c8932 docs/reviews/web-appearance-recovery-native/native-24073b5-fixed1-downstream-crash-fontScale-1-en.png | OK last_commit=32e675388ffd unchanged_since=true | receipt review-host-downstream-retryall-24073b5.md:full
  cb3b27ff721bb4c3b8f6cbdfad9fe0bc50d804f80d3161c37b9588b217309d05 docs/reviews/web-appearance-recovery-native/native-24073b5-fixed1-downstream-crash-fontScale-1-zh.png | OK last_commit=32e675388ffd unchanged_since=true | receipt review-host-downstream-retryall-24073b5.md:full
  feed3964d8559d1e34eec937491f0684003c892f02a3fb1b5dac9f648b456b97 docs/reviews/web-appearance-recovery-native/native-24073b5-fixed1-downstream-crash-fontScale-big-en.png | OK last_commit=32e675388ffd unchanged_since=true | receipt review-host-downstream-retryall-24073b5.md:full
  8aa294ee7058c2bed358e7c708500af6f3a4bb8afdec21e7e8f0d765fe7ce5cc docs/reviews/web-appearance-recovery-native/native-24073b5-fixed1-downstream-crash-fontScale-big-zh.png | OK last_commit=32e675388ffd unchanged_since=true | receipt review-host-downstream-retryall-24073b5.md:full
  feed3964d8559d1e34eec937491f0684003c892f02a3fb1b5dac9f648b456b97 docs/reviews/web-appearance-recovery-native/native-24073b5-fixed1-downstream-crash-fontScale-null-en.png | OK last_commit=32e675388ffd unchanged_since=true | receipt review-host-downstream-retryall-24073b5.md:full
  cb3b27ff721bb4c3b8f6cbdfad9fe0bc50d804f80d3161c37b9588b217309d05 docs/reviews/web-appearance-recovery-native/native-24073b5-fixed1-downstream-crash-fontScale-null-zh.png | OK last_commit=32e675388ffd unchanged_since=true | receipt review-host-downstream-retryall-24073b5.md:full
  4550baa6c5a5695b1d29fce581d6db95ffd45cc69391a2d7c671ceb6f31a605d docs/reviews/web-appearance-recovery-native/native-24073b5-fixed1-downstream-crash-lang-1-en.png | OK last_commit=32e675388ffd unchanged_since=true | receipt review-host-downstream-retryall-24073b5.md:full
  4550baa6c5a5695b1d29fce581d6db95ffd45cc69391a2d7c671ceb6f31a605d docs/reviews/web-appearance-recovery-native/native-24073b5-fixed1-downstream-crash-lang-EN-en.png | OK last_commit=32e675388ffd unchanged_since=true | receipt review-host-downstream-retryall-24073b5.md:full
  4550baa6c5a5695b1d29fce581d6db95ffd45cc69391a2d7c671ceb6f31a605d docs/reviews/web-appearance-recovery-native/native-24073b5-fixed1-downstream-crash-lang-fr-en.png | OK last_commit=32e675388ffd unchanged_since=true | receipt review-host-downstream-retryall-24073b5.md:full
  a6af0b98dd1a0cdb0da4b20246252818074e2f8db8bd8441611a3b66c854c2a9 docs/reviews/web-appearance-recovery-native/native-24073b5-fixed1-downstream-crash-lang-null-en.png | OK last_commit=32e675388ffd unchanged_since=true | receipt review-host-downstream-retryall-24073b5.md:full
  8da81f7e0101bae29e9c98fc33916afe84f66bbc4573c4f785e0247cf1eaa472 docs/reviews/web-appearance-recovery-native/native-24073b5-fixed1-downstream.log | OK last_commit=32e675388ffd unchanged_since=true | receipt review-host-downstream-retryall-24073b5.md:full
  summary E13: files=18 receipt_full=18 receipt_prefix8=0 receipt_none_or_na=0
## E14 (PASS at 419e56d) producing commit 2696855b80a20d2c18da6304d2c13f67fce40b8a (40 files) receipts docs/reviews/web-appearance-recovery-native/review-visual-keyboard-419e56d.md, docs/reviews/20260908-full-product-audit/CURRENT-CONTROL-PLANE.md
  520491218ee4abe79106110c49d91604f24e12cf5e4d79c9e953ff8c424d9e6f docs/reviews/web-appearance-recovery-native/native-419e56d-fixed1-visual-en-1024-all-seven.png | OK last_commit=2696855b80a2 unchanged_since=true | receipt review-visual-keyboard-419e56d.md:full, CURRENT-CONTROL-PLANE.md:not-listed
  52e42be75f78c025adba514dcb2890c166f2947029a54cc4dace3e05fe320d56 docs/reviews/web-appearance-recovery-native/native-419e56d-fixed1-visual-en-1440-all-seven.png | OK last_commit=2696855b80a2 unchanged_since=true | receipt review-visual-keyboard-419e56d.md:full, CURRENT-CONTROL-PLANE.md:not-listed
  9d73cdb446b6d20fe5ac189ea1de49ed714611f42dd510e273e7d77424d9c5e2 docs/reviews/web-appearance-recovery-native/native-419e56d-fixed1-visual-en-1440-clean-retry-all-disabled-focused.png | OK last_commit=2696855b80a2 unchanged_since=true | receipt review-visual-keyboard-419e56d.md:full, CURRENT-CONTROL-PLANE.md:not-listed
  24bfb64b39de925eea77d7b59aae3af13f58b90d9f9cb87f1b5e47f6b6da2c26 docs/reviews/web-appearance-recovery-native/native-419e56d-fixed1-visual-en-1440-topbar-status-pane.png | OK last_commit=2696855b80a2 unchanged_since=true | receipt review-visual-keyboard-419e56d.md:full, CURRENT-CONTROL-PLANE.md:not-listed
  b1ca2e9bffb7a531ffc06930c8dbbfd7579b131cd8cd93dece3366b796a8b2df docs/reviews/web-appearance-recovery-native/native-419e56d-fixed1-visual-en-1440-topbar-status-tasks.png | OK last_commit=2696855b80a2 unchanged_since=true | receipt review-visual-keyboard-419e56d.md:full, CURRENT-CONTROL-PLANE.md:not-listed
  c8e06451ff1a00c4effe1846ee0a73add0664c24dc73bd2cf12096020d769d70 docs/reviews/web-appearance-recovery-native/native-419e56d-fixed1-visual-en-375-all-seven.png | OK last_commit=2696855b80a2 unchanged_since=true | receipt review-visual-keyboard-419e56d.md:full, CURRENT-CONTROL-PLANE.md:not-listed
  b807a324ec0538468ed0f6281429a90845f22080e089515d1276ed68b903c4c0 docs/reviews/web-appearance-recovery-native/native-419e56d-fixed1-visual-en-375-clean-retry-all-disabled-focused.png | OK last_commit=2696855b80a2 unchanged_since=true | receipt review-visual-keyboard-419e56d.md:full, CURRENT-CONTROL-PLANE.md:not-listed
  385c14adae099880f796d441525faae0cc67de0c7422965621858653c1139f7d docs/reviews/web-appearance-recovery-native/native-419e56d-fixed1-visual-en-375-partial-pass.png | OK last_commit=2696855b80a2 unchanged_since=true | receipt review-visual-keyboard-419e56d.md:full, CURRENT-CONTROL-PLANE.md:not-listed
  8bc2fa37619429bb234c13b596bd8f033657661be5d2f74e9f520a5761ed6d5e docs/reviews/web-appearance-recovery-native/native-419e56d-fixed1-visual-en-375-partial-reset.png | OK last_commit=2696855b80a2 unchanged_since=true | receipt review-visual-keyboard-419e56d.md:full, CURRENT-CONTROL-PLANE.md:not-listed
  77f151f2d0566d47a2e9e257688f676b807bc4843f82700dc32ed014302f605a docs/reviews/web-appearance-recovery-native/native-419e56d-fixed1-visual-en-375-topbar-status-pane.png | OK last_commit=2696855b80a2 unchanged_since=true | receipt review-visual-keyboard-419e56d.md:full, CURRENT-CONTROL-PLANE.md:not-listed
  b6b5aa20544b8a6ce2ef32bd15600c409bb624acdf4a9211a0e171b4a3e6c040 docs/reviews/web-appearance-recovery-native/native-419e56d-fixed1-visual-en-375-topbar-status-tasks.png | OK last_commit=2696855b80a2 unchanged_since=true | receipt review-visual-keyboard-419e56d.md:full, CURRENT-CONTROL-PLANE.md:not-listed
  9e8f6f36c38c84292ce024778c9ab74606ddbf5811385ee34e936186c418ce98 docs/reviews/web-appearance-recovery-native/native-419e56d-fixed1-visual-en-414-all-seven.png | OK last_commit=2696855b80a2 unchanged_since=true | receipt review-visual-keyboard-419e56d.md:full, CURRENT-CONTROL-PLANE.md:not-listed
  aa9481f8fe77b7722aa35ed597c2fbd4bb54e07d008cb3f5147b476e87ce7514 docs/reviews/web-appearance-recovery-native/native-419e56d-fixed1-visual-en-767-topbar-status-breakpoint.png | OK last_commit=2696855b80a2 unchanged_since=true | receipt review-visual-keyboard-419e56d.md:full, CURRENT-CONTROL-PLANE.md:not-listed
  605aaccc692d584b4d99837e635e89d0ce8f2efdac1072b30f8bccc6110c21d9 docs/reviews/web-appearance-recovery-native/native-419e56d-fixed1-visual-en-768-all-seven.png | OK last_commit=2696855b80a2 unchanged_since=true | receipt review-visual-keyboard-419e56d.md:full, CURRENT-CONTROL-PLANE.md:not-listed
  cb5bf8327f112bf0e91d5e77c00b42425028c9eceffb63b1e5a92ca1e1a4a832 docs/reviews/web-appearance-recovery-native/native-419e56d-fixed1-visual-en-768-pet-on-all-seven-end.png | OK last_commit=2696855b80a2 unchanged_since=true | receipt review-visual-keyboard-419e56d.md:full, CURRENT-CONTROL-PLANE.md:not-listed
  ae9fdc8beeae4721fc2f886c1333d56f97befd0f95116439a8ff7c82a963312a docs/reviews/web-appearance-recovery-native/native-419e56d-fixed1-visual-en-768-pet-on-before-5cd63ff-end.png | OK last_commit=2696855b80a2 unchanged_since=true | receipt review-visual-keyboard-419e56d.md:full, CURRENT-CONTROL-PLANE.md:not-listed
  73ab5f7a57102c9717e842a84928405173e912ae778b8f86249f664bd9553aad docs/reviews/web-appearance-recovery-native/native-419e56d-fixed1-visual-en-768-pet-on-before-5cd63ff-top.png | OK last_commit=2696855b80a2 unchanged_since=true | receipt review-visual-keyboard-419e56d.md:full, CURRENT-CONTROL-PLANE.md:not-listed
  dccfebba7bb0bd76d5ba7e06f6d3b11fff93baf7d916a27451b9e7d7b83885a5 docs/reviews/web-appearance-recovery-native/native-419e56d-fixed1-visual-en-768-pet-on-clean-end.png | OK last_commit=2696855b80a2 unchanged_since=true | receipt review-visual-keyboard-419e56d.md:full, CURRENT-CONTROL-PLANE.md:not-listed
  c21876e6389749339060ce699837060e34b493884762b9407e2ef9d184cf8299 docs/reviews/web-appearance-recovery-native/native-419e56d-fixed1-visual-en-768-topbar-status-breakpoint.png | OK last_commit=2696855b80a2 unchanged_since=true | receipt review-visual-keyboard-419e56d.md:full, CURRENT-CONTROL-PLANE.md:not-listed
  0e8e642b60e8f8211357211456bb8d4ecf0931ec8ce7a98ec9cd9781e7b9277b docs/reviews/web-appearance-recovery-native/native-419e56d-fixed1-visual-en.log | OK last_commit=2696855b80a2 unchanged_since=true | receipt review-visual-keyboard-419e56d.md:full, CURRENT-CONTROL-PLANE.md:not-listed
  b7b07a503cb72ba1cb7a51735c0f75c75800f5fc69eb25b8bafbd8b5196b2a12 docs/reviews/web-appearance-recovery-native/native-419e56d-fixed1-visual-zh-1024-all-seven.png | OK last_commit=2696855b80a2 unchanged_since=true | receipt review-visual-keyboard-419e56d.md:full, CURRENT-CONTROL-PLANE.md:not-listed
  02a0dd329110dc73845648e19bcfed4c66e869160808def8c320df943ebceaf9 docs/reviews/web-appearance-recovery-native/native-419e56d-fixed1-visual-zh-1440-all-seven.png | OK last_commit=2696855b80a2 unchanged_since=true | receipt review-visual-keyboard-419e56d.md:full, CURRENT-CONTROL-PLANE.md:not-listed
  b42cf14f1346b409fd80a12f3763f08fec5a4c3ed7264f4242feea476ad8b430 docs/reviews/web-appearance-recovery-native/native-419e56d-fixed1-visual-zh-1440-clean-retry-all-disabled-focused.png | OK last_commit=2696855b80a2 unchanged_since=true | receipt review-visual-keyboard-419e56d.md:full, CURRENT-CONTROL-PLANE.md:not-listed
  abd773ebdeba358e51b4ffe775ad5b943fc64e8a910fc5c3fa34dbeba777cbb3 docs/reviews/web-appearance-recovery-native/native-419e56d-fixed1-visual-zh-1440-topbar-status-pane.png | OK last_commit=2696855b80a2 unchanged_since=true | receipt review-visual-keyboard-419e56d.md:full, CURRENT-CONTROL-PLANE.md:not-listed
  46839106d01d09436dc0bffdc34292d7474e48dd5ddd8b8010ca497eded91aff docs/reviews/web-appearance-recovery-native/native-419e56d-fixed1-visual-zh-1440-topbar-status-tasks.png | OK last_commit=2696855b80a2 unchanged_since=true | receipt review-visual-keyboard-419e56d.md:full, CURRENT-CONTROL-PLANE.md:not-listed
  ebb298ae2f064a4967fc5b6d6035b827cede332d8024533d05dadb6d0c22a932 docs/reviews/web-appearance-recovery-native/native-419e56d-fixed1-visual-zh-375-all-seven.png | OK last_commit=2696855b80a2 unchanged_since=true | receipt review-visual-keyboard-419e56d.md:full, CURRENT-CONTROL-PLANE.md:not-listed
  a11438e1245468dc55cdaa1383ad91ede324aa7766542ce876e5663987afcbcb docs/reviews/web-appearance-recovery-native/native-419e56d-fixed1-visual-zh-375-clean-retry-all-disabled-focused.png | OK last_commit=2696855b80a2 unchanged_since=true | receipt review-visual-keyboard-419e56d.md:full, CURRENT-CONTROL-PLANE.md:not-listed
  4ed72af642976f63e913e6a11f8d8ab827b04043a3ee5479f6a25b66115f5411 docs/reviews/web-appearance-recovery-native/native-419e56d-fixed1-visual-zh-375-partial-pass.png | OK last_commit=2696855b80a2 unchanged_since=true | receipt review-visual-keyboard-419e56d.md:full, CURRENT-CONTROL-PLANE.md:not-listed
  11bf7139b41d3950a591448a0b85279b739e3f145a2228d964ed5aa9f57f7bdd docs/reviews/web-appearance-recovery-native/native-419e56d-fixed1-visual-zh-375-partial-reset.png | OK last_commit=2696855b80a2 unchanged_since=true | receipt review-visual-keyboard-419e56d.md:full, CURRENT-CONTROL-PLANE.md:not-listed
  d62b9ba3a1b98cc771c12f97e492ee07e54fb622f44570deca548e2450aea585 docs/reviews/web-appearance-recovery-native/native-419e56d-fixed1-visual-zh-375-topbar-status-pane.png | OK last_commit=2696855b80a2 unchanged_since=true | receipt review-visual-keyboard-419e56d.md:full, CURRENT-CONTROL-PLANE.md:not-listed
  b8b86e2127d2931e8fcec2a9855e42d22de8ea54dec2beff0df13f1f5056929a docs/reviews/web-appearance-recovery-native/native-419e56d-fixed1-visual-zh-375-topbar-status-tasks.png | OK last_commit=2696855b80a2 unchanged_since=true | receipt review-visual-keyboard-419e56d.md:full, CURRENT-CONTROL-PLANE.md:not-listed
  2463d03d5f4e81934ddbcf18b218c78deb48d98d4a4893d37753544e3c8bb7f2 docs/reviews/web-appearance-recovery-native/native-419e56d-fixed1-visual-zh-414-all-seven.png | OK last_commit=2696855b80a2 unchanged_since=true | receipt review-visual-keyboard-419e56d.md:full, CURRENT-CONTROL-PLANE.md:not-listed
  c2df5d00c817a5767313ec8696149c0374293957d656a799f6f266af0f2fab94 docs/reviews/web-appearance-recovery-native/native-419e56d-fixed1-visual-zh-767-topbar-status-breakpoint.png | OK last_commit=2696855b80a2 unchanged_since=true | receipt review-visual-keyboard-419e56d.md:full, CURRENT-CONTROL-PLANE.md:not-listed
  02da234cd4c8ebfaf98624ddaccf181d88c5a640eddf09d1104032a9eb757b66 docs/reviews/web-appearance-recovery-native/native-419e56d-fixed1-visual-zh-768-all-seven.png | OK last_commit=2696855b80a2 unchanged_since=true | receipt review-visual-keyboard-419e56d.md:full, CURRENT-CONTROL-PLANE.md:not-listed
  707df8e944335f633573b445cd7feb8d5d57820f2f720bcb2748a16b2140de0e docs/reviews/web-appearance-recovery-native/native-419e56d-fixed1-visual-zh-768-pet-on-all-seven-end.png | OK last_commit=2696855b80a2 unchanged_since=true | receipt review-visual-keyboard-419e56d.md:full, CURRENT-CONTROL-PLANE.md:not-listed
  f825d6b58497369e5862a428f35630e7f72e103242204293d06c62fe4094f6bd docs/reviews/web-appearance-recovery-native/native-419e56d-fixed1-visual-zh-768-pet-on-before-5cd63ff-end.png | OK last_commit=2696855b80a2 unchanged_since=true | receipt review-visual-keyboard-419e56d.md:full, CURRENT-CONTROL-PLANE.md:not-listed
  68070535614aebae5f4df2ed0bd838e18f19f16c1bf38ae7abcdc06e284c7a58 docs/reviews/web-appearance-recovery-native/native-419e56d-fixed1-visual-zh-768-pet-on-before-5cd63ff-top.png | OK last_commit=2696855b80a2 unchanged_since=true | receipt review-visual-keyboard-419e56d.md:full, CURRENT-CONTROL-PLANE.md:not-listed
  a058ea9190fa4190721a7a365a772c07138a994384aee85eec7ea4f0a5006cbb docs/reviews/web-appearance-recovery-native/native-419e56d-fixed1-visual-zh-768-pet-on-clean-end.png | OK last_commit=2696855b80a2 unchanged_since=true | receipt review-visual-keyboard-419e56d.md:full, CURRENT-CONTROL-PLANE.md:not-listed
  2ed9edd10c8b6cd1417ce9cae1e8717032f1c3aa345d491fb17cd38943fd701c docs/reviews/web-appearance-recovery-native/native-419e56d-fixed1-visual-zh-768-topbar-status-breakpoint.png | OK last_commit=2696855b80a2 unchanged_since=true | receipt review-visual-keyboard-419e56d.md:full, CURRENT-CONTROL-PLANE.md:not-listed
  43097916cb3fc721909fa95c2fba487f1a1eab8369a84563e54186fd511903c5 docs/reviews/web-appearance-recovery-native/native-419e56d-fixed1-visual-zh.log | OK last_commit=2696855b80a2 unchanged_since=true | receipt review-visual-keyboard-419e56d.md:full, CURRENT-CONTROL-PLANE.md:not-listed
  summary E14 (PASS at 419e56d): files=40 receipt_full=40 receipt_prefix8=0 receipt_none_or_na=0
## E15 (PASS at 419e56d) producing commit 2696855b80a20d2c18da6304d2c13f67fce40b8a (121 files) receipts docs/reviews/web-appearance-recovery-native/review-visual-keyboard-419e56d.md
  2f54bcdca7a3d255ef379b114556bdad1e8dfc540b4cb33bc783ae1f1b206fd0 docs/reviews/web-appearance-recovery-native/native-419e56d-fixed1-keyboard-en-419e56d-font-slider-focused-row.png | OK last_commit=2696855b80a2 unchanged_since=true | receipt review-visual-keyboard-419e56d.md:full
  62f79bd03edcf94cb33a79161a33fb45e26cf567ad59cb8795d3a3ba84620fa5 docs/reviews/web-appearance-recovery-native/native-419e56d-fixed1-keyboard-en-419e56d-font-slider-focused.png | OK last_commit=2696855b80a2 unchanged_since=true | receipt review-visual-keyboard-419e56d.md:full
  6ad3f2c8e99258bad51e4b8125ad9b29752a7ff4ac4ac0f217c3bdd2cea05803 docs/reviews/web-appearance-recovery-native/native-419e56d-fixed1-keyboard-en-419e56d-font-slider-unfocused.png | OK last_commit=2696855b80a2 unchanged_since=true | receipt review-visual-keyboard-419e56d.md:full
  c99eb4519145b628ce7a90443f9f98c0f6f38aa4df902cecb279286e24429a7b docs/reviews/web-appearance-recovery-native/native-419e56d-fixed1-keyboard-en-419e56d-hue-slider-focused-row.png | OK last_commit=2696855b80a2 unchanged_since=true | receipt review-visual-keyboard-419e56d.md:full
  c148a9e2ef0470ec85857d9e60ad44773f3dd26cfa48a77bde7e20126c4d96ac docs/reviews/web-appearance-recovery-native/native-419e56d-fixed1-keyboard-en-419e56d-hue-slider-focused.png | OK last_commit=2696855b80a2 unchanged_since=true | receipt review-visual-keyboard-419e56d.md:full
  065dff6b8e7d30d34ec8a12d03c181e4298176deb864cc49312eedd174cb37eb docs/reviews/web-appearance-recovery-native/native-419e56d-fixed1-keyboard-en-419e56d-hue-slider-unfocused.png | OK last_commit=2696855b80a2 unchanged_since=true | receipt review-visual-keyboard-419e56d.md:full
  38a2cb5672a4679ac5ab97abea3215eed7c0575f3436cc6f30d265038675d4a1 docs/reviews/web-appearance-recovery-native/native-419e56d-fixed1-keyboard-en-before-5cd63ff-font-slider-focused-row.png | OK last_commit=2696855b80a2 unchanged_since=true | receipt review-visual-keyboard-419e56d.md:full
  3a90a4773e80d89b51ab2d424d495c45a416a906c57f1160450deb66c8685616 docs/reviews/web-appearance-recovery-native/native-419e56d-fixed1-keyboard-en-before-5cd63ff-font-slider-focused.png | OK last_commit=2696855b80a2 unchanged_since=true | receipt review-visual-keyboard-419e56d.md:full
  3a90a4773e80d89b51ab2d424d495c45a416a906c57f1160450deb66c8685616 docs/reviews/web-appearance-recovery-native/native-419e56d-fixed1-keyboard-en-before-5cd63ff-font-slider-unfocused.png | OK last_commit=2696855b80a2 unchanged_since=true | receipt review-visual-keyboard-419e56d.md:full
  e0d08ea0f966a9caea7d2f84eb806e74d37e41370be311e8083b571ef7cdd6d6 docs/reviews/web-appearance-recovery-native/native-419e56d-fixed1-keyboard-en-before-5cd63ff-hue-slider-focused-row.png | OK last_commit=2696855b80a2 unchanged_since=true | receipt review-visual-keyboard-419e56d.md:full
  121b887475fa007ea5c2d360b0d9c926c4c4a558e0d58e6a8f5ee954d21e26d3 docs/reviews/web-appearance-recovery-native/native-419e56d-fixed1-keyboard-en-before-5cd63ff-hue-slider-focused.png | OK last_commit=2696855b80a2 unchanged_since=true | receipt review-visual-keyboard-419e56d.md:full
  44656b7b8fbb2f733f37eb516b175033466564196ae883f11ae71078b8097a19 docs/reviews/web-appearance-recovery-native/native-419e56d-fixed1-keyboard-en-before-5cd63ff-hue-slider-unfocused.png | OK last_commit=2696855b80a2 unchanged_since=true | receipt review-visual-keyboard-419e56d.md:full
  f4292e5cccd1c23abf3e5677a031c3b07e4e678bc028949ee6b294016d0398ce docs/reviews/web-appearance-recovery-native/native-419e56d-fixed1-keyboard-en-popover-dark-checked-focused-panel.png | OK last_commit=2696855b80a2 unchanged_since=true | receipt review-visual-keyboard-419e56d.md:full
  fc2409958e5b61a43ebf43be44fd5fc8d5395e3d160da642d66d5649e22bf435 docs/reviews/web-appearance-recovery-native/native-419e56d-fixed1-keyboard-en-popover-dark-checked-option-focused.png | OK last_commit=2696855b80a2 unchanged_since=true | receipt review-visual-keyboard-419e56d.md:full
  6945346c1cbb856d896e391a0741f994a87e99fda2250717312d615b44ae0be6 docs/reviews/web-appearance-recovery-native/native-419e56d-fixed1-keyboard-en-popover-dark-checked-option-moved-on.png | OK last_commit=2696855b80a2 unchanged_since=true | receipt review-visual-keyboard-419e56d.md:full
  7cccfbd6525c6c10df3c2ba377e2ff323d89543a6e8c964b4a541626c102c2d4 docs/reviews/web-appearance-recovery-native/native-419e56d-fixed1-keyboard-en-popover-dark-unchecked-focused-panel.png | OK last_commit=2696855b80a2 unchanged_since=true | receipt review-visual-keyboard-419e56d.md:full
  d6b6e8e2c713d1387dc3cfa369073420091fedd1c9a66fda61b03af8a56afd29 docs/reviews/web-appearance-recovery-native/native-419e56d-fixed1-keyboard-en-popover-dark-unchecked-option-focused.png | OK last_commit=2696855b80a2 unchanged_since=true | receipt review-visual-keyboard-419e56d.md:full
  95a5c8c0a3dcfe761ecf1645c975bfc644029fed8a974f1b5482d1e499357aea docs/reviews/web-appearance-recovery-native/native-419e56d-fixed1-keyboard-en-popover-dark-unchecked-option-moved-on.png | OK last_commit=2696855b80a2 unchanged_since=true | receipt review-visual-keyboard-419e56d.md:full
  5cc402769161f689478b631acda51db08277f44dc05898de981cc76a34981c30 docs/reviews/web-appearance-recovery-native/native-419e56d-fixed1-keyboard-en-popover-light-checked-focused-panel.png | OK last_commit=2696855b80a2 unchanged_since=true | receipt review-visual-keyboard-419e56d.md:full
  7cb2c7098c24c38329490fc1ccf9a302052d3e9938457b15b2047609277d6b69 docs/reviews/web-appearance-recovery-native/native-419e56d-fixed1-keyboard-en-popover-light-checked-option-focused.png | OK last_commit=2696855b80a2 unchanged_since=true | receipt review-visual-keyboard-419e56d.md:full
  8455d71cfd7f6f5ec2cad49c93224ed489a3a8033aac612806658d873c2d62b9 docs/reviews/web-appearance-recovery-native/native-419e56d-fixed1-keyboard-en-popover-light-checked-option-moved-on.png | OK last_commit=2696855b80a2 unchanged_since=true | receipt review-visual-keyboard-419e56d.md:full
  9d9415592472bd62c02275e39bcc47f2cb32466cd93e297df1ade51e9b74efbd docs/reviews/web-appearance-recovery-native/native-419e56d-fixed1-keyboard-en-popover-light-unchecked-focused-panel.png | OK last_commit=2696855b80a2 unchanged_since=true | receipt review-visual-keyboard-419e56d.md:full
  598beb4b400a979a6d024b502ed7916bc5aeb2c8c13dbfb671dbbca7ce0e4c07 docs/reviews/web-appearance-recovery-native/native-419e56d-fixed1-keyboard-en-popover-light-unchecked-option-focused.png | OK last_commit=2696855b80a2 unchanged_since=true | receipt review-visual-keyboard-419e56d.md:full
  ff2a05f06c3e53c1c2d96be37e9049d1e921e6f09ecc95630d57dafa35ba66dc docs/reviews/web-appearance-recovery-native/native-419e56d-fixed1-keyboard-en-popover-light-unchecked-option-moved-on.png | OK last_commit=2696855b80a2 unchanged_since=true | receipt review-visual-keyboard-419e56d.md:full
  b7ac86ca9e455a1425d9f3638e2f4930337954205fa65609b6cf468673379fa7 docs/reviews/web-appearance-recovery-native/native-419e56d-fixed1-keyboard-en-selring-dark-swatch-0-control-swatch-1-focused.png | OK last_commit=2696855b80a2 unchanged_since=true | receipt review-visual-keyboard-419e56d.md:full
  6bc41df476b371ceb2d7f5978269687deafdb346bae4d679c704881cc8e8d94d docs/reviews/web-appearance-recovery-native/native-419e56d-fixed1-keyboard-en-selring-dark-swatch-0-focused-row.png | OK last_commit=2696855b80a2 unchanged_since=true | receipt review-visual-keyboard-419e56d.md:full
  49db5dab03514e7dd585aa47072a71999b8701d333947747526d475679fd582d docs/reviews/web-appearance-recovery-native/native-419e56d-fixed1-keyboard-en-selring-dark-swatch-0-focused.png | OK last_commit=2696855b80a2 unchanged_since=true | receipt review-visual-keyboard-419e56d.md:full
  ec04834ae4b0d26249775808401a2d9b6efdba840410dee8e110b5fdde56c258 docs/reviews/web-appearance-recovery-native/native-419e56d-fixed1-keyboard-en-selring-dark-swatch-0-unfocused.png | OK last_commit=2696855b80a2 unchanged_since=true | receipt review-visual-keyboard-419e56d.md:full
  e0812c5473ad360f3226b220136e6c9ef39bf70efd5732e901a1d1c8d2cf9b60 docs/reviews/web-appearance-recovery-native/native-419e56d-fixed1-keyboard-en-selring-dark-swatch-1-control-swatch-2-focused.png | OK last_commit=2696855b80a2 unchanged_since=true | receipt review-visual-keyboard-419e56d.md:full
  e1ecad6d6c98e08d43db9e3c9bba775354a5d02a383a2496e18e60fc93eb5976 docs/reviews/web-appearance-recovery-native/native-419e56d-fixed1-keyboard-en-selring-dark-swatch-1-focused-row.png | OK last_commit=2696855b80a2 unchanged_since=true | receipt review-visual-keyboard-419e56d.md:full
  4f56d72b561fe669791b74d32af1600ef080f03bd18aa809b75d25157fd90f05 docs/reviews/web-appearance-recovery-native/native-419e56d-fixed1-keyboard-en-selring-dark-swatch-1-focused.png | OK last_commit=2696855b80a2 unchanged_since=true | receipt review-visual-keyboard-419e56d.md:full
  375bf40e5b9dad866096e73d29e4dbfbdead51f32ee833f731975ed969577d18 docs/reviews/web-appearance-recovery-native/native-419e56d-fixed1-keyboard-en-selring-dark-swatch-1-unfocused.png | OK last_commit=2696855b80a2 unchanged_since=true | receipt review-visual-keyboard-419e56d.md:full
  b3ba0ad4b6da6169a489bc4ac8188ec5c86952a12dc53c2d8380a7a37a5c11f4 docs/reviews/web-appearance-recovery-native/native-419e56d-fixed1-keyboard-en-selring-light-swatch-0-control-swatch-1-focused.png | OK last_commit=2696855b80a2 unchanged_since=true | receipt review-visual-keyboard-419e56d.md:full
  24854c20aa1409ee0584d5310a5ca1ee508e9eb260f6b84ceaea7a070380ddcf docs/reviews/web-appearance-recovery-native/native-419e56d-fixed1-keyboard-en-selring-light-swatch-0-focused-row.png | OK last_commit=2696855b80a2 unchanged_since=true | receipt review-visual-keyboard-419e56d.md:full
  efa3b968320eef41e6f788cd7c4bfc9684fbc5cf3b7f7aac807bb26c2d51964f docs/reviews/web-appearance-recovery-native/native-419e56d-fixed1-keyboard-en-selring-light-swatch-0-focused.png | OK last_commit=2696855b80a2 unchanged_since=true | receipt review-visual-keyboard-419e56d.md:full
  22ae3bab7cb9ad2b21cd0caac4d33312b0c5d22e8f8b766b3c78dda87ff23d9c docs/reviews/web-appearance-recovery-native/native-419e56d-fixed1-keyboard-en-selring-light-swatch-0-unfocused.png | OK last_commit=2696855b80a2 unchanged_since=true | receipt review-visual-keyboard-419e56d.md:full
  dd4aa3ebc082ffd961836716aaf769c5fa7b199a6a6530495607a2f5aa349a54 docs/reviews/web-appearance-recovery-native/native-419e56d-fixed1-keyboard-en-selring-light-swatch-4-control-swatch-5-focused.png | OK last_commit=2696855b80a2 unchanged_since=true | receipt review-visual-keyboard-419e56d.md:full
  3d3c8682f401bba3a7d7f3454a076b2fa3518330fb662ef5abb4a89f20e46356 docs/reviews/web-appearance-recovery-native/native-419e56d-fixed1-keyboard-en-selring-light-swatch-4-focused-row.png | OK last_commit=2696855b80a2 unchanged_since=true | receipt review-visual-keyboard-419e56d.md:full
  43048bfd836106e4f9f90a7751f7a566477c728bb26478ad151c4ed46a2849bd docs/reviews/web-appearance-recovery-native/native-419e56d-fixed1-keyboard-en-selring-light-swatch-4-focused.png | OK last_commit=2696855b80a2 unchanged_since=true | receipt review-visual-keyboard-419e56d.md:full
  f2886e577638542624fe54479bdd7cf297d2df957c7694d2b7bd4637748abe69 docs/reviews/web-appearance-recovery-native/native-419e56d-fixed1-keyboard-en-selring-light-swatch-4-unfocused.png | OK last_commit=2696855b80a2 unchanged_since=true | receipt review-visual-keyboard-419e56d.md:full
  54858f2b20b98e4d606dba8f7e17c9746ee776cce5e5aa177db360116c2988a2 docs/reviews/web-appearance-recovery-native/native-419e56d-fixed1-keyboard-en-swatch-419e56d-accent-230-swatch-1-focus-moved-back.png | OK last_commit=2696855b80a2 unchanged_since=true | receipt review-visual-keyboard-419e56d.md:full
  879a7916bb99c30a03bf2920a1c5347a83dda005a6fe0cd8e6282b4d0ecccabb docs/reviews/web-appearance-recovery-native/native-419e56d-fixed1-keyboard-en-swatch-419e56d-accent-230-swatch-1-focused-row.png | OK last_commit=2696855b80a2 unchanged_since=true | receipt review-visual-keyboard-419e56d.md:full
  40366c16ef906fc33af7524a33b22b994042ebd7185cfa8274efa97b31700945 docs/reviews/web-appearance-recovery-native/native-419e56d-fixed1-keyboard-en-swatch-419e56d-accent-230-swatch-1-focused.png | OK last_commit=2696855b80a2 unchanged_since=true | receipt review-visual-keyboard-419e56d.md:full
  eef15f6ebf217a25810eca06aaac0b58af3012c909a89642ed255ddb47265387 docs/reviews/web-appearance-recovery-native/native-419e56d-fixed1-keyboard-en-swatch-419e56d-accent-230-swatch-2-focus-moved-back.png | OK last_commit=2696855b80a2 unchanged_since=true | receipt review-visual-keyboard-419e56d.md:full
  477bc9a3a94b7046bfe3508b2bf2db82cf78072cd1f4eeed113ee1fc61fcf467 docs/reviews/web-appearance-recovery-native/native-419e56d-fixed1-keyboard-en-swatch-419e56d-accent-230-swatch-2-focused-row.png | OK last_commit=2696855b80a2 unchanged_since=true | receipt review-visual-keyboard-419e56d.md:full
  89ba207537da902705cdccdf1bfe1fb4822dc42a88714d53f11cc9f2dc19cb52 docs/reviews/web-appearance-recovery-native/native-419e56d-fixed1-keyboard-en-swatch-419e56d-accent-230-swatch-2-focused.png | OK last_commit=2696855b80a2 unchanged_since=true | receipt review-visual-keyboard-419e56d.md:full
  22ae3bab7cb9ad2b21cd0caac4d33312b0c5d22e8f8b766b3c78dda87ff23d9c docs/reviews/web-appearance-recovery-native/native-419e56d-fixed1-keyboard-en-swatch-419e56d-swatch-0-focus-moved-back.png | OK last_commit=2696855b80a2 unchanged_since=true | receipt review-visual-keyboard-419e56d.md:full
  24854c20aa1409ee0584d5310a5ca1ee508e9eb260f6b84ceaea7a070380ddcf docs/reviews/web-appearance-recovery-native/native-419e56d-fixed1-keyboard-en-swatch-419e56d-swatch-0-focused-row.png | OK last_commit=2696855b80a2 unchanged_since=true | receipt review-visual-keyboard-419e56d.md:full
  efa3b968320eef41e6f788cd7c4bfc9684fbc5cf3b7f7aac807bb26c2d51964f docs/reviews/web-appearance-recovery-native/native-419e56d-fixed1-keyboard-en-swatch-419e56d-swatch-0-focused.png | OK last_commit=2696855b80a2 unchanged_since=true | receipt review-visual-keyboard-419e56d.md:full
  e2048ed25a8d7f084f9ff862afa5f30728c422e16bcdd9746414ecce81a05472 docs/reviews/web-appearance-recovery-native/native-419e56d-fixed1-keyboard-en-swatch-419e56d-swatch-1-focus-moved-back.png | OK last_commit=2696855b80a2 unchanged_since=true | receipt review-visual-keyboard-419e56d.md:full
  e8e951013732bf1af3efaad01fd6e1de9e85fc4e4e1e38576c26c0aa399abf58 docs/reviews/web-appearance-recovery-native/native-419e56d-fixed1-keyboard-en-swatch-419e56d-swatch-1-focused-row.png | OK last_commit=2696855b80a2 unchanged_since=true | receipt review-visual-keyboard-419e56d.md:full
  a450127b738d77b9af8f2e9bd334f7e13bdfaf7541bed45b0589493fdf66743e docs/reviews/web-appearance-recovery-native/native-419e56d-fixed1-keyboard-en-swatch-419e56d-swatch-1-focused.png | OK last_commit=2696855b80a2 unchanged_since=true | receipt review-visual-keyboard-419e56d.md:full
  a9a8821fba60f6d89ce5251b77883d81e2d08e8d9e643574ac7a9b3895126173 docs/reviews/web-appearance-recovery-native/native-419e56d-fixed1-keyboard-en-swatch-before-5cd63ff-swatch-0-focus-moved-back.png | OK last_commit=2696855b80a2 unchanged_since=true | receipt review-visual-keyboard-419e56d.md:full
  5267b69f67151c0ad3ac2ee749ed4e3ed94ed3046c38297923665ea1a5078bf6 docs/reviews/web-appearance-recovery-native/native-419e56d-fixed1-keyboard-en-swatch-before-5cd63ff-swatch-0-focused-row.png | OK last_commit=2696855b80a2 unchanged_since=true | receipt review-visual-keyboard-419e56d.md:full
  a9a8821fba60f6d89ce5251b77883d81e2d08e8d9e643574ac7a9b3895126173 docs/reviews/web-appearance-recovery-native/native-419e56d-fixed1-keyboard-en-swatch-before-5cd63ff-swatch-0-focused.png | OK last_commit=2696855b80a2 unchanged_since=true | receipt review-visual-keyboard-419e56d.md:full
  fb6da820f2a76e231ed8820c91d5ce5e11f216466d22899c2fa72d3d198cd91c docs/reviews/web-appearance-recovery-native/native-419e56d-fixed1-keyboard-en-swatch-before-5cd63ff-swatch-1-focus-moved-back.png | OK last_commit=2696855b80a2 unchanged_since=true | receipt review-visual-keyboard-419e56d.md:full
  b79eefea5307534265d263c51dffa4d275571c864e8dae6ca0be09a77d676057 docs/reviews/web-appearance-recovery-native/native-419e56d-fixed1-keyboard-en-swatch-before-5cd63ff-swatch-1-focused-row.png | OK last_commit=2696855b80a2 unchanged_since=true | receipt review-visual-keyboard-419e56d.md:full
  915430a6c6a25440c793a69d9c6ea7ecb743ccbb955243f17da749816acc5bde docs/reviews/web-appearance-recovery-native/native-419e56d-fixed1-keyboard-en-swatch-before-5cd63ff-swatch-1-focused.png | OK last_commit=2696855b80a2 unchanged_since=true | receipt review-visual-keyboard-419e56d.md:full
  2c96feb68ae200a4232981cfa79cc13bbefaf04e59abba533e0b57e9a8e7d486 docs/reviews/web-appearance-recovery-native/native-419e56d-fixed1-keyboard-en.log | OK last_commit=2696855b80a2 unchanged_since=true | receipt review-visual-keyboard-419e56d.md:full
  c3f91273f703bf51d393f8c7e596a346cbde8d364769bfdcb904c0a97f03b531 docs/reviews/web-appearance-recovery-native/native-419e56d-fixed1-keyboard-zh-419e56d-font-slider-focused-row.png | OK last_commit=2696855b80a2 unchanged_since=true | receipt review-visual-keyboard-419e56d.md:full
  ab7f6fb4c4b41dcf043d0f969e1e79e0af286a4b065869419d17112d722ff20c docs/reviews/web-appearance-recovery-native/native-419e56d-fixed1-keyboard-zh-419e56d-font-slider-focused.png | OK last_commit=2696855b80a2 unchanged_since=true | receipt review-visual-keyboard-419e56d.md:full
  31dd04a84afa2e94c660c87d485e77bf253de131ce20d7c98af17cfbac04c12d docs/reviews/web-appearance-recovery-native/native-419e56d-fixed1-keyboard-zh-419e56d-font-slider-unfocused.png | OK last_commit=2696855b80a2 unchanged_since=true | receipt review-visual-keyboard-419e56d.md:full
  42bb43dc99f7144877e8eb4eca51bcc4485cb78540e27d409380d62f35bba784 docs/reviews/web-appearance-recovery-native/native-419e56d-fixed1-keyboard-zh-419e56d-hue-slider-focused-row.png | OK last_commit=2696855b80a2 unchanged_since=true | receipt review-visual-keyboard-419e56d.md:full
  b35454b779e480c30730c228ce49e7679dfa29a952d3a468f26bdcab4006353c docs/reviews/web-appearance-recovery-native/native-419e56d-fixed1-keyboard-zh-419e56d-hue-slider-focused.png | OK last_commit=2696855b80a2 unchanged_since=true | receipt review-visual-keyboard-419e56d.md:full
  776ef536bffb8a828f3ad55f2eb561dd596fce776c7052b1ac66d06f28287346 docs/reviews/web-appearance-recovery-native/native-419e56d-fixed1-keyboard-zh-419e56d-hue-slider-unfocused.png | OK last_commit=2696855b80a2 unchanged_since=true | receipt review-visual-keyboard-419e56d.md:full
  e78cdb9da51008263102403653bca1fb1c80b3c9e434681808c0cee6bf43d0ff docs/reviews/web-appearance-recovery-native/native-419e56d-fixed1-keyboard-zh-before-5cd63ff-font-slider-focused-row.png | OK last_commit=2696855b80a2 unchanged_since=true | receipt review-visual-keyboard-419e56d.md:full
  a1343047a35424ad288a7bf8de2c1f86eecce569a19b7e6455f281744d460771 docs/reviews/web-appearance-recovery-native/native-419e56d-fixed1-keyboard-zh-before-5cd63ff-font-slider-focused.png | OK last_commit=2696855b80a2 unchanged_since=true | receipt review-visual-keyboard-419e56d.md:full
  a1343047a35424ad288a7bf8de2c1f86eecce569a19b7e6455f281744d460771 docs/reviews/web-appearance-recovery-native/native-419e56d-fixed1-keyboard-zh-before-5cd63ff-font-slider-unfocused.png | OK last_commit=2696855b80a2 unchanged_since=true | receipt review-visual-keyboard-419e56d.md:full
  b3e684bfa01e95ca75d86b85be00270198c66e042ecabc4a64e6ac323e17a884 docs/reviews/web-appearance-recovery-native/native-419e56d-fixed1-keyboard-zh-before-5cd63ff-hue-slider-focused-row.png | OK last_commit=2696855b80a2 unchanged_since=true | receipt review-visual-keyboard-419e56d.md:full
  b35454b779e480c30730c228ce49e7679dfa29a952d3a468f26bdcab4006353c docs/reviews/web-appearance-recovery-native/native-419e56d-fixed1-keyboard-zh-before-5cd63ff-hue-slider-focused.png | OK last_commit=2696855b80a2 unchanged_since=true | receipt review-visual-keyboard-419e56d.md:full
  776ef536bffb8a828f3ad55f2eb561dd596fce776c7052b1ac66d06f28287346 docs/reviews/web-appearance-recovery-native/native-419e56d-fixed1-keyboard-zh-before-5cd63ff-hue-slider-unfocused.png | OK last_commit=2696855b80a2 unchanged_since=true | receipt review-visual-keyboard-419e56d.md:full
  44187499b035f79919e9e60aecb616cc1f0d42e1d5426a9952d2b9a2b245cfa7 docs/reviews/web-appearance-recovery-native/native-419e56d-fixed1-keyboard-zh-popover-dark-checked-focused-panel.png | OK last_commit=2696855b80a2 unchanged_since=true | receipt review-visual-keyboard-419e56d.md:full
  5df3c1d7af3b4c112d9284062514dc73eb687b12da06f11a5b542b16cae64a1e docs/reviews/web-appearance-recovery-native/native-419e56d-fixed1-keyboard-zh-popover-dark-checked-option-focused.png | OK last_commit=2696855b80a2 unchanged_since=true | receipt review-visual-keyboard-419e56d.md:full
  141e128cc431c655c1bbd05f12feafdd78d7dba1ed27d5d71dd647bec0521e92 docs/reviews/web-appearance-recovery-native/native-419e56d-fixed1-keyboard-zh-popover-dark-checked-option-moved-on.png | OK last_commit=2696855b80a2 unchanged_since=true | receipt review-visual-keyboard-419e56d.md:full
  9c6ba25c9d4d138a0c5e6dfeb281390eefe227eb13fcb8252df5d70c0836daf9 docs/reviews/web-appearance-recovery-native/native-419e56d-fixed1-keyboard-zh-popover-dark-unchecked-focused-panel.png | OK last_commit=2696855b80a2 unchanged_since=true | receipt review-visual-keyboard-419e56d.md:full
  32b91c9e97fcd42fd41de84e1ae249564361efcf4c1a644540be5fa21f25282c docs/reviews/web-appearance-recovery-native/native-419e56d-fixed1-keyboard-zh-popover-dark-unchecked-option-focused.png | OK last_commit=2696855b80a2 unchanged_since=true | receipt review-visual-keyboard-419e56d.md:full
  221273599d683c3b5cdc5419d01644115c84120a6400eb815c04a0628791991b docs/reviews/web-appearance-recovery-native/native-419e56d-fixed1-keyboard-zh-popover-dark-unchecked-option-moved-on.png | OK last_commit=2696855b80a2 unchanged_since=true | receipt review-visual-keyboard-419e56d.md:full
  d4043841c0f4a6fff8f42e7ed54590dc956db91707a371a6951f15c98c79d243 docs/reviews/web-appearance-recovery-native/native-419e56d-fixed1-keyboard-zh-popover-light-checked-focused-panel.png | OK last_commit=2696855b80a2 unchanged_since=true | receipt review-visual-keyboard-419e56d.md:full
  50d6957925815ae5ac48b6ac3c909d4c0cd85a77ebe873bab30fc0732325fe69 docs/reviews/web-appearance-recovery-native/native-419e56d-fixed1-keyboard-zh-popover-light-checked-option-focused.png | OK last_commit=2696855b80a2 unchanged_since=true | receipt review-visual-keyboard-419e56d.md:full
  6fceb1d067d4bc0713c5829b430cdb4ba0a804fe0dbcd3679e1d7c4273224458 docs/reviews/web-appearance-recovery-native/native-419e56d-fixed1-keyboard-zh-popover-light-checked-option-moved-on.png | OK last_commit=2696855b80a2 unchanged_since=true | receipt review-visual-keyboard-419e56d.md:full
  43d6f1578b4cd3de1ef4dc4118009ebb133d98d7aa5bf84d724c821609f82f66 docs/reviews/web-appearance-recovery-native/native-419e56d-fixed1-keyboard-zh-popover-light-unchecked-focused-panel.png | OK last_commit=2696855b80a2 unchanged_since=true | receipt review-visual-keyboard-419e56d.md:full
  aed98c68cb557870738d70d2a7322d868254788317c4e734031288e97a429bef docs/reviews/web-appearance-recovery-native/native-419e56d-fixed1-keyboard-zh-popover-light-unchecked-option-focused.png | OK last_commit=2696855b80a2 unchanged_since=true | receipt review-visual-keyboard-419e56d.md:full
  3254ec12639a631bc792b30a31f2a1ebd9fafce411dc8f88c26340faca989d94 docs/reviews/web-appearance-recovery-native/native-419e56d-fixed1-keyboard-zh-popover-light-unchecked-option-moved-on.png | OK last_commit=2696855b80a2 unchanged_since=true | receipt review-visual-keyboard-419e56d.md:full
  f1cf53259bb2c38995785a51633a3e0e49b01f15ea14c83479013aed5449f185 docs/reviews/web-appearance-recovery-native/native-419e56d-fixed1-keyboard-zh-selring-dark-swatch-0-control-swatch-1-focused.png | OK last_commit=2696855b80a2 unchanged_since=true | receipt review-visual-keyboard-419e56d.md:full
  f9c9df0e67b96788d4b6329f58bf0cbcc5b3d227cb010ea5b96473841c4b75a4 docs/reviews/web-appearance-recovery-native/native-419e56d-fixed1-keyboard-zh-selring-dark-swatch-0-focused-row.png | OK last_commit=2696855b80a2 unchanged_since=true | receipt review-visual-keyboard-419e56d.md:full
  3cf1ddbd1fdb430832ebf7926f6f85ee974ddf8dc93cebc967c621c1e3cf0b5f docs/reviews/web-appearance-recovery-native/native-419e56d-fixed1-keyboard-zh-selring-dark-swatch-0-focused.png | OK last_commit=2696855b80a2 unchanged_since=true | receipt review-visual-keyboard-419e56d.md:full
  9feef5e60e485475967d89c8df8d95d1eca2801be17ff7160cc7c52cbaf5eec3 docs/reviews/web-appearance-recovery-native/native-419e56d-fixed1-keyboard-zh-selring-dark-swatch-0-unfocused.png | OK last_commit=2696855b80a2 unchanged_since=true | receipt review-visual-keyboard-419e56d.md:full
  bd676cba3b016e9de00ce62dd9875f7c8d2cfc86d6b79f6ef4aeb5e0d4d7eb47 docs/reviews/web-appearance-recovery-native/native-419e56d-fixed1-keyboard-zh-selring-dark-swatch-1-control-swatch-2-focused.png | OK last_commit=2696855b80a2 unchanged_since=true | receipt review-visual-keyboard-419e56d.md:full
  d8311aa105bda9f4f8b001ff0cd207e4876e0639773c258561c04044a7278259 docs/reviews/web-appearance-recovery-native/native-419e56d-fixed1-keyboard-zh-selring-dark-swatch-1-focused-row.png | OK last_commit=2696855b80a2 unchanged_since=true | receipt review-visual-keyboard-419e56d.md:full
  5b2da3958360308ba8691ce55d6d220c03ffe9937a83162047fde2f8a37fa098 docs/reviews/web-appearance-recovery-native/native-419e56d-fixed1-keyboard-zh-selring-dark-swatch-1-focused.png | OK last_commit=2696855b80a2 unchanged_since=true | receipt review-visual-keyboard-419e56d.md:full
  33e1315d8c592828afa9899c3320a30e80d26480aadea7c427f8882e523bd7ea docs/reviews/web-appearance-recovery-native/native-419e56d-fixed1-keyboard-zh-selring-dark-swatch-1-unfocused.png | OK last_commit=2696855b80a2 unchanged_since=true | receipt review-visual-keyboard-419e56d.md:full
  1f97781bd0237bff1e7dcb18925e677fd8d8704564dac49fda5b4e7fb7ff764d docs/reviews/web-appearance-recovery-native/native-419e56d-fixed1-keyboard-zh-selring-light-swatch-0-control-swatch-1-focused.png | OK last_commit=2696855b80a2 unchanged_since=true | receipt review-visual-keyboard-419e56d.md:full
  35713addf08210a30d15845fd4b920a464f2668889217133a85442a0ed247969 docs/reviews/web-appearance-recovery-native/native-419e56d-fixed1-keyboard-zh-selring-light-swatch-0-focused-row.png | OK last_commit=2696855b80a2 unchanged_since=true | receipt review-visual-keyboard-419e56d.md:full
  6e001129e799a8627df1c9376926a8dbefa82860d52beec962068bd558a0bfcd docs/reviews/web-appearance-recovery-native/native-419e56d-fixed1-keyboard-zh-selring-light-swatch-0-focused.png | OK last_commit=2696855b80a2 unchanged_since=true | receipt review-visual-keyboard-419e56d.md:full
  b4f04d2eb2b8be330291abde4c72a2e7c762ccc8875eafa0220382a7781a2801 docs/reviews/web-appearance-recovery-native/native-419e56d-fixed1-keyboard-zh-selring-light-swatch-0-unfocused.png | OK last_commit=2696855b80a2 unchanged_since=true | receipt review-visual-keyboard-419e56d.md:full
  491f56ebaef1c274fd6b5129cb4dcad845dafba1af910993e9f7d394aae4a1a5 docs/reviews/web-appearance-recovery-native/native-419e56d-fixed1-keyboard-zh-selring-light-swatch-4-control-swatch-5-focused.png | OK last_commit=2696855b80a2 unchanged_since=true | receipt review-visual-keyboard-419e56d.md:full
  b00b1873f4515be6f72d9a05ffda7a898757b5bcaf6cdd64f56c9699cbe4bace docs/reviews/web-appearance-recovery-native/native-419e56d-fixed1-keyboard-zh-selring-light-swatch-4-focused-row.png | OK last_commit=2696855b80a2 unchanged_since=true | receipt review-visual-keyboard-419e56d.md:full
  f58159cff10e1cb4df2423f8e7033f36cf1f32dbb8a15e883bd73e6339f08bd9 docs/reviews/web-appearance-recovery-native/native-419e56d-fixed1-keyboard-zh-selring-light-swatch-4-focused.png | OK last_commit=2696855b80a2 unchanged_since=true | receipt review-visual-keyboard-419e56d.md:full
  47f35ac8f76fc051e145647d609428fd296032eeee852947701a645128314b04 docs/reviews/web-appearance-recovery-native/native-419e56d-fixed1-keyboard-zh-selring-light-swatch-4-unfocused.png | OK last_commit=2696855b80a2 unchanged_since=true | receipt review-visual-keyboard-419e56d.md:full
  7b4b5826465517881034f787989a5744f15c1295227864013a38bca32166b98c docs/reviews/web-appearance-recovery-native/native-419e56d-fixed1-keyboard-zh-swatch-419e56d-accent-230-swatch-1-focus-moved-back.png | OK last_commit=2696855b80a2 unchanged_since=true | receipt review-visual-keyboard-419e56d.md:full
  a29149e7f53bd951be3452ea1be5c42d7b6b860be40a1c0997d853c3a55b7b02 docs/reviews/web-appearance-recovery-native/native-419e56d-fixed1-keyboard-zh-swatch-419e56d-accent-230-swatch-1-focused-row.png | OK last_commit=2696855b80a2 unchanged_since=true | receipt review-visual-keyboard-419e56d.md:full
  f78e2d96dbfc3dad8ad7413b581d1a000c01ff1cf3bca09971fc61c20553dc7c docs/reviews/web-appearance-recovery-native/native-419e56d-fixed1-keyboard-zh-swatch-419e56d-accent-230-swatch-1-focused.png | OK last_commit=2696855b80a2 unchanged_since=true | receipt review-visual-keyboard-419e56d.md:full
  2019fe06be6e5fbd9298436f71558a31b121e56dae12d8d89ca9f3a8c90d80de docs/reviews/web-appearance-recovery-native/native-419e56d-fixed1-keyboard-zh-swatch-419e56d-accent-230-swatch-2-focus-moved-back.png | OK last_commit=2696855b80a2 unchanged_since=true | receipt review-visual-keyboard-419e56d.md:full
  b9b9a0e8e2ba9e1a9c754c943fb2a348f50f35fadc1fc0454236f194fa1fd8ce docs/reviews/web-appearance-recovery-native/native-419e56d-fixed1-keyboard-zh-swatch-419e56d-accent-230-swatch-2-focused-row.png | OK last_commit=2696855b80a2 unchanged_since=true | receipt review-visual-keyboard-419e56d.md:full
  7c480559625987c63b7d2f6e43d4a1f511bd2cde7ec2c33fc86724747bddbb94 docs/reviews/web-appearance-recovery-native/native-419e56d-fixed1-keyboard-zh-swatch-419e56d-accent-230-swatch-2-focused.png | OK last_commit=2696855b80a2 unchanged_since=true | receipt review-visual-keyboard-419e56d.md:full
  b4f04d2eb2b8be330291abde4c72a2e7c762ccc8875eafa0220382a7781a2801 docs/reviews/web-appearance-recovery-native/native-419e56d-fixed1-keyboard-zh-swatch-419e56d-swatch-0-focus-moved-back.png | OK last_commit=2696855b80a2 unchanged_since=true | receipt review-visual-keyboard-419e56d.md:full
  35713addf08210a30d15845fd4b920a464f2668889217133a85442a0ed247969 docs/reviews/web-appearance-recovery-native/native-419e56d-fixed1-keyboard-zh-swatch-419e56d-swatch-0-focused-row.png | OK last_commit=2696855b80a2 unchanged_since=true | receipt review-visual-keyboard-419e56d.md:full
  6e001129e799a8627df1c9376926a8dbefa82860d52beec962068bd558a0bfcd docs/reviews/web-appearance-recovery-native/native-419e56d-fixed1-keyboard-zh-swatch-419e56d-swatch-0-focused.png | OK last_commit=2696855b80a2 unchanged_since=true | receipt review-visual-keyboard-419e56d.md:full
  9723354fd55c826a947c4ab49326ee8256d1159a3531963d128dfd6a3fbafc9f docs/reviews/web-appearance-recovery-native/native-419e56d-fixed1-keyboard-zh-swatch-419e56d-swatch-1-focus-moved-back.png | OK last_commit=2696855b80a2 unchanged_since=true | receipt review-visual-keyboard-419e56d.md:full
  e2657e221f5531b7cf8ebd6fcafcd288f48d3f06baefd78319d7d15d571b3e44 docs/reviews/web-appearance-recovery-native/native-419e56d-fixed1-keyboard-zh-swatch-419e56d-swatch-1-focused-row.png | OK last_commit=2696855b80a2 unchanged_since=true | receipt review-visual-keyboard-419e56d.md:full
  e61734225a1c56d0f9f1f0df017b08bbde0f2cf8ada68672c7b6b09f6c78765d docs/reviews/web-appearance-recovery-native/native-419e56d-fixed1-keyboard-zh-swatch-419e56d-swatch-1-focused.png | OK last_commit=2696855b80a2 unchanged_since=true | receipt review-visual-keyboard-419e56d.md:full
  300ff1da729435bafb9bf6a37b5a7a598ed156dc47d4ba5450641eb44846d7e9 docs/reviews/web-appearance-recovery-native/native-419e56d-fixed1-keyboard-zh-swatch-before-5cd63ff-swatch-0-focus-moved-back.png | OK last_commit=2696855b80a2 unchanged_since=true | receipt review-visual-keyboard-419e56d.md:full
  6c05c8bdd5a27f73526c255ac0b15cb6e98e4bf0d393c04e832b22ac4e6bc31e docs/reviews/web-appearance-recovery-native/native-419e56d-fixed1-keyboard-zh-swatch-before-5cd63ff-swatch-0-focused-row.png | OK last_commit=2696855b80a2 unchanged_since=true | receipt review-visual-keyboard-419e56d.md:full
  300ff1da729435bafb9bf6a37b5a7a598ed156dc47d4ba5450641eb44846d7e9 docs/reviews/web-appearance-recovery-native/native-419e56d-fixed1-keyboard-zh-swatch-before-5cd63ff-swatch-0-focused.png | OK last_commit=2696855b80a2 unchanged_since=true | receipt review-visual-keyboard-419e56d.md:full
  4749df264cf1de8ce3fbbc42f4c01b33efd42ca33c85dc9f5949ae267700769d docs/reviews/web-appearance-recovery-native/native-419e56d-fixed1-keyboard-zh-swatch-before-5cd63ff-swatch-1-focus-moved-back.png | OK last_commit=2696855b80a2 unchanged_since=true | receipt review-visual-keyboard-419e56d.md:full
  330454fb37213040244a7982417341960c4a00c4be7d3d237c43931724e75b92 docs/reviews/web-appearance-recovery-native/native-419e56d-fixed1-keyboard-zh-swatch-before-5cd63ff-swatch-1-focused-row.png | OK last_commit=2696855b80a2 unchanged_since=true | receipt review-visual-keyboard-419e56d.md:full
  1f97781bd0237bff1e7dcb18925e677fd8d8704564dac49fda5b4e7fb7ff764d docs/reviews/web-appearance-recovery-native/native-419e56d-fixed1-keyboard-zh-swatch-before-5cd63ff-swatch-1-focused.png | OK last_commit=2696855b80a2 unchanged_since=true | receipt review-visual-keyboard-419e56d.md:full
  cfe5d63f71368fa3c8f76c25d57fff0e180348ab404a3e1868615c9f01ffca9e docs/reviews/web-appearance-recovery-native/native-419e56d-fixed1-keyboard-zh.log | OK last_commit=2696855b80a2 unchanged_since=true | receipt review-visual-keyboard-419e56d.md:full
  89ee14cdca69bf91e5c7fa117572a5dd9e17f51bdd2cbec616cb3910af06a0cc docs/reviews/web-appearance-recovery-native/review-visual-keyboard-419e56d.md | OK last_commit=2696855b80a2 unchanged_since=true | receipt n/a
  63a89eab831798d3c1bc9f27e3453195e189cc46903d7f3b8e15eefff25f9173 docs/reviews/web-appearance-recovery-native/verify-visual-keyboard-419e56d.diff | OK last_commit=2696855b80a2 unchanged_since=true | receipt review-visual-keyboard-419e56d.md:full
  d5fc3262ebd5c0b1c1c95b28d7866b7301190186653991ffb3b8cf0fdc976bcf docs/reviews/web-appearance-recovery-native/verify-visual-keyboard-419e56d.mjs | OK last_commit=2696855b80a2 unchanged_since=true | receipt review-visual-keyboard-419e56d.md:full
  summary E15 (PASS at 419e56d): files=121 receipt_full=120 receipt_prefix8=0 receipt_none_or_na=1
## E14-E15 historical FAIL at 24073b5 (F-APP-1) producing commit 5307b6f514c8d0343de02869fb469b853d38cb7e (29 files) receipts docs/reviews/web-appearance-recovery-native/review-visual-keyboard-24073b5.md, docs/reviews/20260908-full-product-audit/CURRENT-CONTROL-PLANE.md
  38a2cb5672a4679ac5ab97abea3215eed7c0575f3436cc6f30d265038675d4a1 docs/reviews/web-appearance-recovery-native/native-24073b5-fixed1-keyboard-en-24073b5-font-slider-focused-row.png | OK last_commit=5307b6f514c8 unchanged_since=true | receipt review-visual-keyboard-24073b5.md:full, CURRENT-CONTROL-PLANE.md:not-listed
  3a90a4773e80d89b51ab2d424d495c45a416a906c57f1160450deb66c8685616 docs/reviews/web-appearance-recovery-native/native-24073b5-fixed1-keyboard-en-24073b5-font-slider-focused.png | OK last_commit=5307b6f514c8 unchanged_since=true | receipt review-visual-keyboard-24073b5.md:full, CURRENT-CONTROL-PLANE.md:prefix8
  3a90a4773e80d89b51ab2d424d495c45a416a906c57f1160450deb66c8685616 docs/reviews/web-appearance-recovery-native/native-24073b5-fixed1-keyboard-en-24073b5-font-slider-unfocused.png | OK last_commit=5307b6f514c8 unchanged_since=true | receipt review-visual-keyboard-24073b5.md:full, CURRENT-CONTROL-PLANE.md:prefix8
  94eff7fbbdce7354bf2eecf3c399392ea37c00524405abedfce54fc41aaf7525 docs/reviews/web-appearance-recovery-native/native-24073b5-fixed1-keyboard-en-24073b5-hue-slider-focused-row.png | OK last_commit=5307b6f514c8 unchanged_since=true | receipt review-visual-keyboard-24073b5.md:full, CURRENT-CONTROL-PLANE.md:not-listed
  121b887475fa007ea5c2d360b0d9c926c4c4a558e0d58e6a8f5ee954d21e26d3 docs/reviews/web-appearance-recovery-native/native-24073b5-fixed1-keyboard-en-24073b5-hue-slider-focused.png | OK last_commit=5307b6f514c8 unchanged_since=true | receipt review-visual-keyboard-24073b5.md:full, CURRENT-CONTROL-PLANE.md:not-listed
  065dff6b8e7d30d34ec8a12d03c181e4298176deb864cc49312eedd174cb37eb docs/reviews/web-appearance-recovery-native/native-24073b5-fixed1-keyboard-en-24073b5-hue-slider-unfocused.png | OK last_commit=5307b6f514c8 unchanged_since=true | receipt review-visual-keyboard-24073b5.md:full, CURRENT-CONTROL-PLANE.md:not-listed
  38a2cb5672a4679ac5ab97abea3215eed7c0575f3436cc6f30d265038675d4a1 docs/reviews/web-appearance-recovery-native/native-24073b5-fixed1-keyboard-en-before-5cd63ff-font-slider-focused-row.png | OK last_commit=5307b6f514c8 unchanged_since=true | receipt review-visual-keyboard-24073b5.md:full, CURRENT-CONTROL-PLANE.md:not-listed
  3a90a4773e80d89b51ab2d424d495c45a416a906c57f1160450deb66c8685616 docs/reviews/web-appearance-recovery-native/native-24073b5-fixed1-keyboard-en-before-5cd63ff-font-slider-focused.png | OK last_commit=5307b6f514c8 unchanged_since=true | receipt review-visual-keyboard-24073b5.md:full, CURRENT-CONTROL-PLANE.md:prefix8
  3a90a4773e80d89b51ab2d424d495c45a416a906c57f1160450deb66c8685616 docs/reviews/web-appearance-recovery-native/native-24073b5-fixed1-keyboard-en-before-5cd63ff-font-slider-unfocused.png | OK last_commit=5307b6f514c8 unchanged_since=true | receipt review-visual-keyboard-24073b5.md:full, CURRENT-CONTROL-PLANE.md:prefix8
  e0d08ea0f966a9caea7d2f84eb806e74d37e41370be311e8083b571ef7cdd6d6 docs/reviews/web-appearance-recovery-native/native-24073b5-fixed1-keyboard-en-before-5cd63ff-hue-slider-focused-row.png | OK last_commit=5307b6f514c8 unchanged_since=true | receipt review-visual-keyboard-24073b5.md:full, CURRENT-CONTROL-PLANE.md:not-listed
  121b887475fa007ea5c2d360b0d9c926c4c4a558e0d58e6a8f5ee954d21e26d3 docs/reviews/web-appearance-recovery-native/native-24073b5-fixed1-keyboard-en-before-5cd63ff-hue-slider-focused.png | OK last_commit=5307b6f514c8 unchanged_since=true | receipt review-visual-keyboard-24073b5.md:full, CURRENT-CONTROL-PLANE.md:not-listed
  44656b7b8fbb2f733f37eb516b175033466564196ae883f11ae71078b8097a19 docs/reviews/web-appearance-recovery-native/native-24073b5-fixed1-keyboard-en-before-5cd63ff-hue-slider-unfocused.png | OK last_commit=5307b6f514c8 unchanged_since=true | receipt review-visual-keyboard-24073b5.md:full, CURRENT-CONTROL-PLANE.md:not-listed
  18bddfb635fd5a61654f7ec893fa8253fc54c512c83b33601967f11a4aff104b docs/reviews/web-appearance-recovery-native/native-24073b5-fixed1-keyboard-en.log | OK last_commit=5307b6f514c8 unchanged_since=true | receipt review-visual-keyboard-24073b5.md:full, CURRENT-CONTROL-PLANE.md:not-listed
  e78cdb9da51008263102403653bca1fb1c80b3c9e434681808c0cee6bf43d0ff docs/reviews/web-appearance-recovery-native/native-24073b5-fixed1-keyboard-zh-24073b5-font-slider-focused-row.png | OK last_commit=5307b6f514c8 unchanged_since=true | receipt review-visual-keyboard-24073b5.md:full, CURRENT-CONTROL-PLANE.md:not-listed
  a1343047a35424ad288a7bf8de2c1f86eecce569a19b7e6455f281744d460771 docs/reviews/web-appearance-recovery-native/native-24073b5-fixed1-keyboard-zh-24073b5-font-slider-focused.png | OK last_commit=5307b6f514c8 unchanged_since=true | receipt review-visual-keyboard-24073b5.md:full, CURRENT-CONTROL-PLANE.md:prefix8
  a1343047a35424ad288a7bf8de2c1f86eecce569a19b7e6455f281744d460771 docs/reviews/web-appearance-recovery-native/native-24073b5-fixed1-keyboard-zh-24073b5-font-slider-unfocused.png | OK last_commit=5307b6f514c8 unchanged_since=true | receipt review-visual-keyboard-24073b5.md:full, CURRENT-CONTROL-PLANE.md:prefix8
  6690683af2d92de29123245f565079fd8f43cbbf3dda0a30e805a86f3e0c03a4 docs/reviews/web-appearance-recovery-native/native-24073b5-fixed1-keyboard-zh-24073b5-hue-slider-focused-row.png | OK last_commit=5307b6f514c8 unchanged_since=true | receipt review-visual-keyboard-24073b5.md:full, CURRENT-CONTROL-PLANE.md:not-listed
  b35454b779e480c30730c228ce49e7679dfa29a952d3a468f26bdcab4006353c docs/reviews/web-appearance-recovery-native/native-24073b5-fixed1-keyboard-zh-24073b5-hue-slider-focused.png | OK last_commit=5307b6f514c8 unchanged_since=true | receipt review-visual-keyboard-24073b5.md:full, CURRENT-CONTROL-PLANE.md:not-listed
  776ef536bffb8a828f3ad55f2eb561dd596fce776c7052b1ac66d06f28287346 docs/reviews/web-appearance-recovery-native/native-24073b5-fixed1-keyboard-zh-24073b5-hue-slider-unfocused.png | OK last_commit=5307b6f514c8 unchanged_since=true | receipt review-visual-keyboard-24073b5.md:full, CURRENT-CONTROL-PLANE.md:not-listed
  e78cdb9da51008263102403653bca1fb1c80b3c9e434681808c0cee6bf43d0ff docs/reviews/web-appearance-recovery-native/native-24073b5-fixed1-keyboard-zh-before-5cd63ff-font-slider-focused-row.png | OK last_commit=5307b6f514c8 unchanged_since=true | receipt review-visual-keyboard-24073b5.md:full, CURRENT-CONTROL-PLANE.md:not-listed
  a1343047a35424ad288a7bf8de2c1f86eecce569a19b7e6455f281744d460771 docs/reviews/web-appearance-recovery-native/native-24073b5-fixed1-keyboard-zh-before-5cd63ff-font-slider-focused.png | OK last_commit=5307b6f514c8 unchanged_since=true | receipt review-visual-keyboard-24073b5.md:full, CURRENT-CONTROL-PLANE.md:prefix8
  a1343047a35424ad288a7bf8de2c1f86eecce569a19b7e6455f281744d460771 docs/reviews/web-appearance-recovery-native/native-24073b5-fixed1-keyboard-zh-before-5cd63ff-font-slider-unfocused.png | OK last_commit=5307b6f514c8 unchanged_since=true | receipt review-visual-keyboard-24073b5.md:full, CURRENT-CONTROL-PLANE.md:prefix8
  b3e684bfa01e95ca75d86b85be00270198c66e042ecabc4a64e6ac323e17a884 docs/reviews/web-appearance-recovery-native/native-24073b5-fixed1-keyboard-zh-before-5cd63ff-hue-slider-focused-row.png | OK last_commit=5307b6f514c8 unchanged_since=true | receipt review-visual-keyboard-24073b5.md:full, CURRENT-CONTROL-PLANE.md:not-listed
  b35454b779e480c30730c228ce49e7679dfa29a952d3a468f26bdcab4006353c docs/reviews/web-appearance-recovery-native/native-24073b5-fixed1-keyboard-zh-before-5cd63ff-hue-slider-focused.png | OK last_commit=5307b6f514c8 unchanged_since=true | receipt review-visual-keyboard-24073b5.md:full, CURRENT-CONTROL-PLANE.md:not-listed
  776ef536bffb8a828f3ad55f2eb561dd596fce776c7052b1ac66d06f28287346 docs/reviews/web-appearance-recovery-native/native-24073b5-fixed1-keyboard-zh-before-5cd63ff-hue-slider-unfocused.png | OK last_commit=5307b6f514c8 unchanged_since=true | receipt review-visual-keyboard-24073b5.md:full, CURRENT-CONTROL-PLANE.md:not-listed
  602acda97843fd8a24844b6fa23d2ac8a092746931df9be0c5640041e0430837 docs/reviews/web-appearance-recovery-native/native-24073b5-fixed1-keyboard-zh.log | OK last_commit=5307b6f514c8 unchanged_since=true | receipt review-visual-keyboard-24073b5.md:full, CURRENT-CONTROL-PLANE.md:not-listed
  4df16575470d739d1655f32cd1bb0101c2b772552439f3ecfefded4f87bc02c4 docs/reviews/web-appearance-recovery-native/native-visual-keyboard-probes.js | OK last_commit=5307b6f514c8 unchanged_since=true | receipt review-visual-keyboard-24073b5.md:full, CURRENT-CONTROL-PLANE.md:not-listed
  f0d6e7af2b2c4f44a9e33b93745ce74dd30f7cfa1599b10418afbae0cf0e9fd4 docs/reviews/web-appearance-recovery-native/review-visual-keyboard-24073b5.md | OK last_commit=5307b6f514c8 unchanged_since=true | receipt CURRENT-CONTROL-PLANE.md:prefix8
  ac268a0af6263772c9e3976d30b7bc2f3502d52c3973de4daa976734aead0781 docs/reviews/web-appearance-recovery-native/verify-visual-keyboard.mjs | OK last_commit=5307b6f514c8 unchanged_since=true | receipt review-visual-keyboard-24073b5.md:full, CURRENT-CONTROL-PLANE.md:not-listed
  summary E14-E15 historical FAIL at 24073b5 (F-APP-1): files=29 receipt_full=28 receipt_prefix8=1 receipt_none_or_na=0
## E14-E15 historical FAIL at 5bbf473 (F-APP-2) producing commit bacdbbc17d395e320cd100234aa5738cdbae3414 (77 files) receipts docs/reviews/web-appearance-recovery-native/review-visual-keyboard-5bbf473.md, docs/reviews/20260908-full-product-audit/CURRENT-CONTROL-PLANE.md
  2f54bcdca7a3d255ef379b114556bdad1e8dfc540b4cb33bc783ae1f1b206fd0 docs/reviews/web-appearance-recovery-native/native-5bbf473-fixed1-keyboard-en-5bbf473-font-slider-focused-row.png | OK last_commit=bacdbbc17d39 unchanged_since=true | receipt review-visual-keyboard-5bbf473.md:full, CURRENT-CONTROL-PLANE.md:not-listed
  62f79bd03edcf94cb33a79161a33fb45e26cf567ad59cb8795d3a3ba84620fa5 docs/reviews/web-appearance-recovery-native/native-5bbf473-fixed1-keyboard-en-5bbf473-font-slider-focused.png | OK last_commit=bacdbbc17d39 unchanged_since=true | receipt review-visual-keyboard-5bbf473.md:full, CURRENT-CONTROL-PLANE.md:not-listed
  6ad3f2c8e99258bad51e4b8125ad9b29752a7ff4ac4ac0f217c3bdd2cea05803 docs/reviews/web-appearance-recovery-native/native-5bbf473-fixed1-keyboard-en-5bbf473-font-slider-unfocused.png | OK last_commit=bacdbbc17d39 unchanged_since=true | receipt review-visual-keyboard-5bbf473.md:full, CURRENT-CONTROL-PLANE.md:not-listed
  94eff7fbbdce7354bf2eecf3c399392ea37c00524405abedfce54fc41aaf7525 docs/reviews/web-appearance-recovery-native/native-5bbf473-fixed1-keyboard-en-5bbf473-hue-slider-focused-row.png | OK last_commit=bacdbbc17d39 unchanged_since=true | receipt review-visual-keyboard-5bbf473.md:full, CURRENT-CONTROL-PLANE.md:not-listed
  121b887475fa007ea5c2d360b0d9c926c4c4a558e0d58e6a8f5ee954d21e26d3 docs/reviews/web-appearance-recovery-native/native-5bbf473-fixed1-keyboard-en-5bbf473-hue-slider-focused.png | OK last_commit=bacdbbc17d39 unchanged_since=true | receipt review-visual-keyboard-5bbf473.md:full, CURRENT-CONTROL-PLANE.md:not-listed
  065dff6b8e7d30d34ec8a12d03c181e4298176deb864cc49312eedd174cb37eb docs/reviews/web-appearance-recovery-native/native-5bbf473-fixed1-keyboard-en-5bbf473-hue-slider-unfocused.png | OK last_commit=bacdbbc17d39 unchanged_since=true | receipt review-visual-keyboard-5bbf473.md:full, CURRENT-CONTROL-PLANE.md:not-listed
  38a2cb5672a4679ac5ab97abea3215eed7c0575f3436cc6f30d265038675d4a1 docs/reviews/web-appearance-recovery-native/native-5bbf473-fixed1-keyboard-en-before-5cd63ff-font-slider-focused-row.png | OK last_commit=bacdbbc17d39 unchanged_since=true | receipt review-visual-keyboard-5bbf473.md:full, CURRENT-CONTROL-PLANE.md:not-listed
  3a90a4773e80d89b51ab2d424d495c45a416a906c57f1160450deb66c8685616 docs/reviews/web-appearance-recovery-native/native-5bbf473-fixed1-keyboard-en-before-5cd63ff-font-slider-focused.png | OK last_commit=bacdbbc17d39 unchanged_since=true | receipt review-visual-keyboard-5bbf473.md:full, CURRENT-CONTROL-PLANE.md:prefix8
  3a90a4773e80d89b51ab2d424d495c45a416a906c57f1160450deb66c8685616 docs/reviews/web-appearance-recovery-native/native-5bbf473-fixed1-keyboard-en-before-5cd63ff-font-slider-unfocused.png | OK last_commit=bacdbbc17d39 unchanged_since=true | receipt review-visual-keyboard-5bbf473.md:full, CURRENT-CONTROL-PLANE.md:prefix8
  94eff7fbbdce7354bf2eecf3c399392ea37c00524405abedfce54fc41aaf7525 docs/reviews/web-appearance-recovery-native/native-5bbf473-fixed1-keyboard-en-before-5cd63ff-hue-slider-focused-row.png | OK last_commit=bacdbbc17d39 unchanged_since=true | receipt review-visual-keyboard-5bbf473.md:full, CURRENT-CONTROL-PLANE.md:not-listed
  121b887475fa007ea5c2d360b0d9c926c4c4a558e0d58e6a8f5ee954d21e26d3 docs/reviews/web-appearance-recovery-native/native-5bbf473-fixed1-keyboard-en-before-5cd63ff-hue-slider-focused.png | OK last_commit=bacdbbc17d39 unchanged_since=true | receipt review-visual-keyboard-5bbf473.md:full, CURRENT-CONTROL-PLANE.md:not-listed
  44656b7b8fbb2f733f37eb516b175033466564196ae883f11ae71078b8097a19 docs/reviews/web-appearance-recovery-native/native-5bbf473-fixed1-keyboard-en-before-5cd63ff-hue-slider-unfocused.png | OK last_commit=bacdbbc17d39 unchanged_since=true | receipt review-visual-keyboard-5bbf473.md:full, CURRENT-CONTROL-PLANE.md:not-listed
  a9a8821fba60f6d89ce5251b77883d81e2d08e8d9e643574ac7a9b3895126173 docs/reviews/web-appearance-recovery-native/native-5bbf473-fixed1-keyboard-en-pixel-tab-clean-swatch-0-focused.png | OK last_commit=bacdbbc17d39 unchanged_since=true | receipt review-visual-keyboard-5bbf473.md:full, CURRENT-CONTROL-PLANE.md:prefix8
  ef6a59e46df9e6a31be735709e479f5241d78d1cfda2a60e74e785a732e3e1ba docs/reviews/web-appearance-recovery-native/native-5bbf473-fixed1-keyboard-en-pixel-tab-clean-swatch-0-moved-on.png | OK last_commit=bacdbbc17d39 unchanged_since=true | receipt review-visual-keyboard-5bbf473.md:full, CURRENT-CONTROL-PLANE.md:not-listed
  6099e1547038ca2ba466c4dcefea9e4b723b87251c90657cdf331ecc22b48f67 docs/reviews/web-appearance-recovery-native/native-5bbf473-fixed1-keyboard-en-pixel-tab-drafts-swatch-0-focused.png | OK last_commit=bacdbbc17d39 unchanged_since=true | receipt review-visual-keyboard-5bbf473.md:full, CURRENT-CONTROL-PLANE.md:not-listed
  8f8fe928076e132c9c6c202cf287f1c847fddbc8e9cc4299d32a10f4fabb0cef docs/reviews/web-appearance-recovery-native/native-5bbf473-fixed1-keyboard-en-pixel-tab-drafts-swatch-0-moved-on.png | OK last_commit=bacdbbc17d39 unchanged_since=true | receipt review-visual-keyboard-5bbf473.md:full, CURRENT-CONTROL-PLANE.md:not-listed
  a9a8821fba60f6d89ce5251b77883d81e2d08e8d9e643574ac7a9b3895126173 docs/reviews/web-appearance-recovery-native/native-5bbf473-fixed1-keyboard-en-pixel-tab-source-swatch-0-focused.png | OK last_commit=bacdbbc17d39 unchanged_since=true | receipt review-visual-keyboard-5bbf473.md:full, CURRENT-CONTROL-PLANE.md:prefix8
  ef6a59e46df9e6a31be735709e479f5241d78d1cfda2a60e74e785a732e3e1ba docs/reviews/web-appearance-recovery-native/native-5bbf473-fixed1-keyboard-en-pixel-tab-source-swatch-0-moved-on.png | OK last_commit=bacdbbc17d39 unchanged_since=true | receipt review-visual-keyboard-5bbf473.md:full, CURRENT-CONTROL-PLANE.md:not-listed
  e9af9a97ad387ffc3428715050013c7b677268640b03b71fbffc1b509f5a2c08 docs/reviews/web-appearance-recovery-native/native-5bbf473-fixed1-keyboard-en-swatch-5bbf473-accent-230-swatch-1-focus-moved-back.png | OK last_commit=bacdbbc17d39 unchanged_since=true | receipt review-visual-keyboard-5bbf473.md:full, CURRENT-CONTROL-PLANE.md:prefix8
  08bcc4d335f7917bcbf869c72393fdae16f3902c4cba3107114b44290092ad90 docs/reviews/web-appearance-recovery-native/native-5bbf473-fixed1-keyboard-en-swatch-5bbf473-accent-230-swatch-1-focused-row.png | OK last_commit=bacdbbc17d39 unchanged_since=true | receipt review-visual-keyboard-5bbf473.md:full, CURRENT-CONTROL-PLANE.md:not-listed
  e9af9a97ad387ffc3428715050013c7b677268640b03b71fbffc1b509f5a2c08 docs/reviews/web-appearance-recovery-native/native-5bbf473-fixed1-keyboard-en-swatch-5bbf473-accent-230-swatch-1-focused.png | OK last_commit=bacdbbc17d39 unchanged_since=true | receipt review-visual-keyboard-5bbf473.md:full, CURRENT-CONTROL-PLANE.md:prefix8
  f80129c0d1df9eaca3f5d9d524e9af92bbe8350588e58ddbaf9178691e4fa4fd docs/reviews/web-appearance-recovery-native/native-5bbf473-fixed1-keyboard-en-swatch-5bbf473-accent-230-swatch-2-focus-moved-back.png | OK last_commit=bacdbbc17d39 unchanged_since=true | receipt review-visual-keyboard-5bbf473.md:full, CURRENT-CONTROL-PLANE.md:not-listed
  b2c86fcd46d368d8e6d9ef90475baeddb0fc9fb7930ca3427fccb481b0e92805 docs/reviews/web-appearance-recovery-native/native-5bbf473-fixed1-keyboard-en-swatch-5bbf473-accent-230-swatch-2-focused-row.png | OK last_commit=bacdbbc17d39 unchanged_since=true | receipt review-visual-keyboard-5bbf473.md:full, CURRENT-CONTROL-PLANE.md:not-listed
  8116afa1cb81b69d7b25e5851e011d9980fcd94ba081998c09f071c1a9bff156 docs/reviews/web-appearance-recovery-native/native-5bbf473-fixed1-keyboard-en-swatch-5bbf473-accent-230-swatch-2-focused.png | OK last_commit=bacdbbc17d39 unchanged_since=true | receipt review-visual-keyboard-5bbf473.md:full, CURRENT-CONTROL-PLANE.md:not-listed
  a9a8821fba60f6d89ce5251b77883d81e2d08e8d9e643574ac7a9b3895126173 docs/reviews/web-appearance-recovery-native/native-5bbf473-fixed1-keyboard-en-swatch-5bbf473-swatch-0-focus-moved-back.png | OK last_commit=bacdbbc17d39 unchanged_since=true | receipt review-visual-keyboard-5bbf473.md:full, CURRENT-CONTROL-PLANE.md:prefix8
  5267b69f67151c0ad3ac2ee749ed4e3ed94ed3046c38297923665ea1a5078bf6 docs/reviews/web-appearance-recovery-native/native-5bbf473-fixed1-keyboard-en-swatch-5bbf473-swatch-0-focused-row.png | OK last_commit=bacdbbc17d39 unchanged_since=true | receipt review-visual-keyboard-5bbf473.md:full, CURRENT-CONTROL-PLANE.md:not-listed
  a9a8821fba60f6d89ce5251b77883d81e2d08e8d9e643574ac7a9b3895126173 docs/reviews/web-appearance-recovery-native/native-5bbf473-fixed1-keyboard-en-swatch-5bbf473-swatch-0-focused.png | OK last_commit=bacdbbc17d39 unchanged_since=true | receipt review-visual-keyboard-5bbf473.md:full, CURRENT-CONTROL-PLANE.md:prefix8
  fb6da820f2a76e231ed8820c91d5ce5e11f216466d22899c2fa72d3d198cd91c docs/reviews/web-appearance-recovery-native/native-5bbf473-fixed1-keyboard-en-swatch-5bbf473-swatch-1-focus-moved-back.png | OK last_commit=bacdbbc17d39 unchanged_since=true | receipt review-visual-keyboard-5bbf473.md:full, CURRENT-CONTROL-PLANE.md:not-listed
  b79eefea5307534265d263c51dffa4d275571c864e8dae6ca0be09a77d676057 docs/reviews/web-appearance-recovery-native/native-5bbf473-fixed1-keyboard-en-swatch-5bbf473-swatch-1-focused-row.png | OK last_commit=bacdbbc17d39 unchanged_since=true | receipt review-visual-keyboard-5bbf473.md:full, CURRENT-CONTROL-PLANE.md:not-listed
  915430a6c6a25440c793a69d9c6ea7ecb743ccbb955243f17da749816acc5bde docs/reviews/web-appearance-recovery-native/native-5bbf473-fixed1-keyboard-en-swatch-5bbf473-swatch-1-focused.png | OK last_commit=bacdbbc17d39 unchanged_since=true | receipt review-visual-keyboard-5bbf473.md:full, CURRENT-CONTROL-PLANE.md:not-listed
  a9a8821fba60f6d89ce5251b77883d81e2d08e8d9e643574ac7a9b3895126173 docs/reviews/web-appearance-recovery-native/native-5bbf473-fixed1-keyboard-en-swatch-before-5cd63ff-swatch-0-focus-moved-back.png | OK last_commit=bacdbbc17d39 unchanged_since=true | receipt review-visual-keyboard-5bbf473.md:full, CURRENT-CONTROL-PLANE.md:prefix8
  5267b69f67151c0ad3ac2ee749ed4e3ed94ed3046c38297923665ea1a5078bf6 docs/reviews/web-appearance-recovery-native/native-5bbf473-fixed1-keyboard-en-swatch-before-5cd63ff-swatch-0-focused-row.png | OK last_commit=bacdbbc17d39 unchanged_since=true | receipt review-visual-keyboard-5bbf473.md:full, CURRENT-CONTROL-PLANE.md:not-listed
  a9a8821fba60f6d89ce5251b77883d81e2d08e8d9e643574ac7a9b3895126173 docs/reviews/web-appearance-recovery-native/native-5bbf473-fixed1-keyboard-en-swatch-before-5cd63ff-swatch-0-focused.png | OK last_commit=bacdbbc17d39 unchanged_since=true | receipt review-visual-keyboard-5bbf473.md:full, CURRENT-CONTROL-PLANE.md:prefix8
  fb6da820f2a76e231ed8820c91d5ce5e11f216466d22899c2fa72d3d198cd91c docs/reviews/web-appearance-recovery-native/native-5bbf473-fixed1-keyboard-en-swatch-before-5cd63ff-swatch-1-focus-moved-back.png | OK last_commit=bacdbbc17d39 unchanged_since=true | receipt review-visual-keyboard-5bbf473.md:full, CURRENT-CONTROL-PLANE.md:not-listed
  e2ba8864182a847288c0a7c9c9ed657ed536ce2c9289c03b7654bdf2af7bec77 docs/reviews/web-appearance-recovery-native/native-5bbf473-fixed1-keyboard-en-swatch-before-5cd63ff-swatch-1-focused-row.png | OK last_commit=bacdbbc17d39 unchanged_since=true | receipt review-visual-keyboard-5bbf473.md:full, CURRENT-CONTROL-PLANE.md:not-listed
  f6edfd04b91e2d205adf4853de0764ef9a61360c98cf167ec7d2b1014b570a32 docs/reviews/web-appearance-recovery-native/native-5bbf473-fixed1-keyboard-en-swatch-before-5cd63ff-swatch-1-focused.png | OK last_commit=bacdbbc17d39 unchanged_since=true | receipt review-visual-keyboard-5bbf473.md:full, CURRENT-CONTROL-PLANE.md:not-listed
  5df3288bd03b2a7b565b6cbb79d3dfdbffe9e103bf8e33553840a7f3c2bf7f93 docs/reviews/web-appearance-recovery-native/native-5bbf473-fixed1-keyboard-en.log | OK last_commit=bacdbbc17d39 unchanged_since=true | receipt review-visual-keyboard-5bbf473.md:full, CURRENT-CONTROL-PLANE.md:not-listed
  c3f91273f703bf51d393f8c7e596a346cbde8d364769bfdcb904c0a97f03b531 docs/reviews/web-appearance-recovery-native/native-5bbf473-fixed1-keyboard-zh-5bbf473-font-slider-focused-row.png | OK last_commit=bacdbbc17d39 unchanged_since=true | receipt review-visual-keyboard-5bbf473.md:full, CURRENT-CONTROL-PLANE.md:not-listed
  ab7f6fb4c4b41dcf043d0f969e1e79e0af286a4b065869419d17112d722ff20c docs/reviews/web-appearance-recovery-native/native-5bbf473-fixed1-keyboard-zh-5bbf473-font-slider-focused.png | OK last_commit=bacdbbc17d39 unchanged_since=true | receipt review-visual-keyboard-5bbf473.md:full, CURRENT-CONTROL-PLANE.md:not-listed
  31dd04a84afa2e94c660c87d485e77bf253de131ce20d7c98af17cfbac04c12d docs/reviews/web-appearance-recovery-native/native-5bbf473-fixed1-keyboard-zh-5bbf473-font-slider-unfocused.png | OK last_commit=bacdbbc17d39 unchanged_since=true | receipt review-visual-keyboard-5bbf473.md:full, CURRENT-CONTROL-PLANE.md:not-listed
  6690683af2d92de29123245f565079fd8f43cbbf3dda0a30e805a86f3e0c03a4 docs/reviews/web-appearance-recovery-native/native-5bbf473-fixed1-keyboard-zh-5bbf473-hue-slider-focused-row.png | OK last_commit=bacdbbc17d39 unchanged_since=true | receipt review-visual-keyboard-5bbf473.md:full, CURRENT-CONTROL-PLANE.md:not-listed
  b35454b779e480c30730c228ce49e7679dfa29a952d3a468f26bdcab4006353c docs/reviews/web-appearance-recovery-native/native-5bbf473-fixed1-keyboard-zh-5bbf473-hue-slider-focused.png | OK last_commit=bacdbbc17d39 unchanged_since=true | receipt review-visual-keyboard-5bbf473.md:full, CURRENT-CONTROL-PLANE.md:not-listed
  776ef536bffb8a828f3ad55f2eb561dd596fce776c7052b1ac66d06f28287346 docs/reviews/web-appearance-recovery-native/native-5bbf473-fixed1-keyboard-zh-5bbf473-hue-slider-unfocused.png | OK last_commit=bacdbbc17d39 unchanged_since=true | receipt review-visual-keyboard-5bbf473.md:full, CURRENT-CONTROL-PLANE.md:not-listed
  e78cdb9da51008263102403653bca1fb1c80b3c9e434681808c0cee6bf43d0ff docs/reviews/web-appearance-recovery-native/native-5bbf473-fixed1-keyboard-zh-before-5cd63ff-font-slider-focused-row.png | OK last_commit=bacdbbc17d39 unchanged_since=true | receipt review-visual-keyboard-5bbf473.md:full, CURRENT-CONTROL-PLANE.md:not-listed
  a1343047a35424ad288a7bf8de2c1f86eecce569a19b7e6455f281744d460771 docs/reviews/web-appearance-recovery-native/native-5bbf473-fixed1-keyboard-zh-before-5cd63ff-font-slider-focused.png | OK last_commit=bacdbbc17d39 unchanged_since=true | receipt review-visual-keyboard-5bbf473.md:full, CURRENT-CONTROL-PLANE.md:prefix8
  a1343047a35424ad288a7bf8de2c1f86eecce569a19b7e6455f281744d460771 docs/reviews/web-appearance-recovery-native/native-5bbf473-fixed1-keyboard-zh-before-5cd63ff-font-slider-unfocused.png | OK last_commit=bacdbbc17d39 unchanged_since=true | receipt review-visual-keyboard-5bbf473.md:full, CURRENT-CONTROL-PLANE.md:prefix8
  75f2a492660f7836b88069a754e4b7b7d7f2f6b56bbbe5f4e92e7734c93ab7c8 docs/reviews/web-appearance-recovery-native/native-5bbf473-fixed1-keyboard-zh-before-5cd63ff-hue-slider-focused-row.png | OK last_commit=bacdbbc17d39 unchanged_since=true | receipt review-visual-keyboard-5bbf473.md:full, CURRENT-CONTROL-PLANE.md:not-listed
  b35454b779e480c30730c228ce49e7679dfa29a952d3a468f26bdcab4006353c docs/reviews/web-appearance-recovery-native/native-5bbf473-fixed1-keyboard-zh-before-5cd63ff-hue-slider-focused.png | OK last_commit=bacdbbc17d39 unchanged_since=true | receipt review-visual-keyboard-5bbf473.md:full, CURRENT-CONTROL-PLANE.md:not-listed
  776ef536bffb8a828f3ad55f2eb561dd596fce776c7052b1ac66d06f28287346 docs/reviews/web-appearance-recovery-native/native-5bbf473-fixed1-keyboard-zh-before-5cd63ff-hue-slider-unfocused.png | OK last_commit=bacdbbc17d39 unchanged_since=true | receipt review-visual-keyboard-5bbf473.md:full, CURRENT-CONTROL-PLANE.md:not-listed
  300ff1da729435bafb9bf6a37b5a7a598ed156dc47d4ba5450641eb44846d7e9 docs/reviews/web-appearance-recovery-native/native-5bbf473-fixed1-keyboard-zh-pixel-tab-clean-swatch-0-focused.png | OK last_commit=bacdbbc17d39 unchanged_since=true | receipt review-visual-keyboard-5bbf473.md:full, CURRENT-CONTROL-PLANE.md:prefix8
  f545af0ab4a437f5750ec5847f461aeecf522492c38a58583994977c85bfb565 docs/reviews/web-appearance-recovery-native/native-5bbf473-fixed1-keyboard-zh-pixel-tab-clean-swatch-0-moved-on.png | OK last_commit=bacdbbc17d39 unchanged_since=true | receipt review-visual-keyboard-5bbf473.md:full, CURRENT-CONTROL-PLANE.md:not-listed
  a9a8821fba60f6d89ce5251b77883d81e2d08e8d9e643574ac7a9b3895126173 docs/reviews/web-appearance-recovery-native/native-5bbf473-fixed1-keyboard-zh-pixel-tab-drafts-swatch-0-focused.png | OK last_commit=bacdbbc17d39 unchanged_since=true | receipt review-visual-keyboard-5bbf473.md:full, CURRENT-CONTROL-PLANE.md:prefix8
  a0e65e897e4cc196abcbcb12b11e7e07a48e3e1f633c544bcb7286f2873dc6a6 docs/reviews/web-appearance-recovery-native/native-5bbf473-fixed1-keyboard-zh-pixel-tab-drafts-swatch-0-moved-on.png | OK last_commit=bacdbbc17d39 unchanged_since=true | receipt review-visual-keyboard-5bbf473.md:full, CURRENT-CONTROL-PLANE.md:not-listed
  2f5fae71df11c7412f2e2377d8b4ef8ffdc54d3125d52083b67f95144dd52700 docs/reviews/web-appearance-recovery-native/native-5bbf473-fixed1-keyboard-zh-pixel-tab-source-swatch-0-focused.png | OK last_commit=bacdbbc17d39 unchanged_since=true | receipt review-visual-keyboard-5bbf473.md:full, CURRENT-CONTROL-PLANE.md:not-listed
  f4f3a978e7ae76e89f6b77c2d3bc6beeff04db761def426d3b8954779ba6452b docs/reviews/web-appearance-recovery-native/native-5bbf473-fixed1-keyboard-zh-pixel-tab-source-swatch-0-moved-on.png | OK last_commit=bacdbbc17d39 unchanged_since=true | receipt review-visual-keyboard-5bbf473.md:full, CURRENT-CONTROL-PLANE.md:not-listed
  5bdf828dc1817c83eb6235b3f71b68788a113dea83a7e2391048386c4d49df85 docs/reviews/web-appearance-recovery-native/native-5bbf473-fixed1-keyboard-zh-swatch-5bbf473-accent-230-swatch-1-focus-moved-back.png | OK last_commit=bacdbbc17d39 unchanged_since=true | receipt review-visual-keyboard-5bbf473.md:full, CURRENT-CONTROL-PLANE.md:prefix8
  e1c0a96621ba3d07f8b30400f735c7922d7221761f5f3cf451e66964989ef955 docs/reviews/web-appearance-recovery-native/native-5bbf473-fixed1-keyboard-zh-swatch-5bbf473-accent-230-swatch-1-focused-row.png | OK last_commit=bacdbbc17d39 unchanged_since=true | receipt review-visual-keyboard-5bbf473.md:full, CURRENT-CONTROL-PLANE.md:not-listed
  5bdf828dc1817c83eb6235b3f71b68788a113dea83a7e2391048386c4d49df85 docs/reviews/web-appearance-recovery-native/native-5bbf473-fixed1-keyboard-zh-swatch-5bbf473-accent-230-swatch-1-focused.png | OK last_commit=bacdbbc17d39 unchanged_since=true | receipt review-visual-keyboard-5bbf473.md:full, CURRENT-CONTROL-PLANE.md:prefix8
  ad4a6ccb65ca8fdccd1d5378e86c70faa18d034414012669122ae80caf632c02 docs/reviews/web-appearance-recovery-native/native-5bbf473-fixed1-keyboard-zh-swatch-5bbf473-accent-230-swatch-2-focus-moved-back.png | OK last_commit=bacdbbc17d39 unchanged_since=true | receipt review-visual-keyboard-5bbf473.md:full, CURRENT-CONTROL-PLANE.md:not-listed
  fe22e316af0f30976e46c07b8b508c6c1b1dbc721c3000260f94e459709c8667 docs/reviews/web-appearance-recovery-native/native-5bbf473-fixed1-keyboard-zh-swatch-5bbf473-accent-230-swatch-2-focused-row.png | OK last_commit=bacdbbc17d39 unchanged_since=true | receipt review-visual-keyboard-5bbf473.md:full, CURRENT-CONTROL-PLANE.md:not-listed
  7c480559625987c63b7d2f6e43d4a1f511bd2cde7ec2c33fc86724747bddbb94 docs/reviews/web-appearance-recovery-native/native-5bbf473-fixed1-keyboard-zh-swatch-5bbf473-accent-230-swatch-2-focused.png | OK last_commit=bacdbbc17d39 unchanged_since=true | receipt review-visual-keyboard-5bbf473.md:full, CURRENT-CONTROL-PLANE.md:not-listed
  300ff1da729435bafb9bf6a37b5a7a598ed156dc47d4ba5450641eb44846d7e9 docs/reviews/web-appearance-recovery-native/native-5bbf473-fixed1-keyboard-zh-swatch-5bbf473-swatch-0-focus-moved-back.png | OK last_commit=bacdbbc17d39 unchanged_since=true | receipt review-visual-keyboard-5bbf473.md:full, CURRENT-CONTROL-PLANE.md:prefix8
  6c05c8bdd5a27f73526c255ac0b15cb6e98e4bf0d393c04e832b22ac4e6bc31e docs/reviews/web-appearance-recovery-native/native-5bbf473-fixed1-keyboard-zh-swatch-5bbf473-swatch-0-focused-row.png | OK last_commit=bacdbbc17d39 unchanged_since=true | receipt review-visual-keyboard-5bbf473.md:full, CURRENT-CONTROL-PLANE.md:not-listed
  300ff1da729435bafb9bf6a37b5a7a598ed156dc47d4ba5450641eb44846d7e9 docs/reviews/web-appearance-recovery-native/native-5bbf473-fixed1-keyboard-zh-swatch-5bbf473-swatch-0-focused.png | OK last_commit=bacdbbc17d39 unchanged_since=true | receipt review-visual-keyboard-5bbf473.md:full, CURRENT-CONTROL-PLANE.md:prefix8
  4749df264cf1de8ce3fbbc42f4c01b33efd42ca33c85dc9f5949ae267700769d docs/reviews/web-appearance-recovery-native/native-5bbf473-fixed1-keyboard-zh-swatch-5bbf473-swatch-1-focus-moved-back.png | OK last_commit=bacdbbc17d39 unchanged_since=true | receipt review-visual-keyboard-5bbf473.md:full, CURRENT-CONTROL-PLANE.md:not-listed
  330454fb37213040244a7982417341960c4a00c4be7d3d237c43931724e75b92 docs/reviews/web-appearance-recovery-native/native-5bbf473-fixed1-keyboard-zh-swatch-5bbf473-swatch-1-focused-row.png | OK last_commit=bacdbbc17d39 unchanged_since=true | receipt review-visual-keyboard-5bbf473.md:full, CURRENT-CONTROL-PLANE.md:not-listed
  1f97781bd0237bff1e7dcb18925e677fd8d8704564dac49fda5b4e7fb7ff764d docs/reviews/web-appearance-recovery-native/native-5bbf473-fixed1-keyboard-zh-swatch-5bbf473-swatch-1-focused.png | OK last_commit=bacdbbc17d39 unchanged_since=true | receipt review-visual-keyboard-5bbf473.md:full, CURRENT-CONTROL-PLANE.md:not-listed
  300ff1da729435bafb9bf6a37b5a7a598ed156dc47d4ba5450641eb44846d7e9 docs/reviews/web-appearance-recovery-native/native-5bbf473-fixed1-keyboard-zh-swatch-before-5cd63ff-swatch-0-focus-moved-back.png | OK last_commit=bacdbbc17d39 unchanged_since=true | receipt review-visual-keyboard-5bbf473.md:full, CURRENT-CONTROL-PLANE.md:prefix8
  6c05c8bdd5a27f73526c255ac0b15cb6e98e4bf0d393c04e832b22ac4e6bc31e docs/reviews/web-appearance-recovery-native/native-5bbf473-fixed1-keyboard-zh-swatch-before-5cd63ff-swatch-0-focused-row.png | OK last_commit=bacdbbc17d39 unchanged_since=true | receipt review-visual-keyboard-5bbf473.md:full, CURRENT-CONTROL-PLANE.md:not-listed
  300ff1da729435bafb9bf6a37b5a7a598ed156dc47d4ba5450641eb44846d7e9 docs/reviews/web-appearance-recovery-native/native-5bbf473-fixed1-keyboard-zh-swatch-before-5cd63ff-swatch-0-focused.png | OK last_commit=bacdbbc17d39 unchanged_since=true | receipt review-visual-keyboard-5bbf473.md:full, CURRENT-CONTROL-PLANE.md:prefix8
  f6a04667b8a4f5ba55478b86ac8ba25961e68c8e546b44b528b5fc0b1f544395 docs/reviews/web-appearance-recovery-native/native-5bbf473-fixed1-keyboard-zh-swatch-before-5cd63ff-swatch-1-focus-moved-back.png | OK last_commit=bacdbbc17d39 unchanged_since=true | receipt review-visual-keyboard-5bbf473.md:full, CURRENT-CONTROL-PLANE.md:not-listed
  330454fb37213040244a7982417341960c4a00c4be7d3d237c43931724e75b92 docs/reviews/web-appearance-recovery-native/native-5bbf473-fixed1-keyboard-zh-swatch-before-5cd63ff-swatch-1-focused-row.png | OK last_commit=bacdbbc17d39 unchanged_since=true | receipt review-visual-keyboard-5bbf473.md:full, CURRENT-CONTROL-PLANE.md:not-listed
  1f97781bd0237bff1e7dcb18925e677fd8d8704564dac49fda5b4e7fb7ff764d docs/reviews/web-appearance-recovery-native/native-5bbf473-fixed1-keyboard-zh-swatch-before-5cd63ff-swatch-1-focused.png | OK last_commit=bacdbbc17d39 unchanged_since=true | receipt review-visual-keyboard-5bbf473.md:full, CURRENT-CONTROL-PLANE.md:not-listed
  a95f812e8455177143071c65e2b4c0e52f4e25a2164b48936f7d7f869581779e docs/reviews/web-appearance-recovery-native/native-5bbf473-fixed1-keyboard-zh.log | OK last_commit=bacdbbc17d39 unchanged_since=true | receipt review-visual-keyboard-5bbf473.md:full, CURRENT-CONTROL-PLANE.md:not-listed
  7095689bf4f97dc81bd9213841fec13b0223128746d8c4f69c12aa32fe775ace docs/reviews/web-appearance-recovery-native/review-visual-keyboard-5bbf473.md | OK last_commit=bacdbbc17d39 unchanged_since=true | receipt CURRENT-CONTROL-PLANE.md:prefix8
  d0fe845b97dcf86dfb16c0b9fde18dc0dc04d83473038cbfa7045cf6c6563c19 docs/reviews/web-appearance-recovery-native/verify-visual-keyboard-5bbf473.diff | OK last_commit=bacdbbc17d39 unchanged_since=true | receipt review-visual-keyboard-5bbf473.md:full, CURRENT-CONTROL-PLANE.md:not-listed
  5450891880f5c2ac998310c2b2960f067da6c6514d2f1eba215084368b8167e4 docs/reviews/web-appearance-recovery-native/verify-visual-keyboard-5bbf473.mjs | OK last_commit=bacdbbc17d39 unchanged_since=true | receipt review-visual-keyboard-5bbf473.md:full, CURRENT-CONTROL-PLANE.md:not-listed
  summary E14-E15 historical FAIL at 5bbf473 (F-APP-2): files=77 receipt_full=76 receipt_prefix8=1 receipt_none_or_na=0
## E16 producing commit 31d6335eb0afeff50cea0f042cad40aa2552bbd6 (10 files) receipts docs/reviews/web-appearance-recovery-sol/fixed-24073b5.md
  e8e557eb7c222f7996d5e413046a37be92d576a2849f72a25c49dd9b11ef33ef docs/reviews/web-sticky-recovery-f1/f1-24073b5-collaborate-fixed1.log | OK last_commit=31d6335eb0af unchanged_since=true | receipt fixed-24073b5.md:full
  ab7eb9a5d9d55a295b83f22961df56283878fbb68c79aaf6de52b953d2036b3f docs/reviews/web-sticky-recovery-f1/f1-24073b5-date-time-fixed1.log | OK last_commit=31d6335eb0af unchanged_since=true | receipt fixed-24073b5.md:full
  96abc76d39286633cab8cde22d90b496be6e933a746e4f2908b8e9c28e31ad4a docs/reviews/web-sticky-recovery-f1/f1-24073b5-header-fixed1.log | OK last_commit=31d6335eb0af unchanged_since=true | receipt fixed-24073b5.md:full
  884a494e1c8c05bb082732be136f4aaa0890a770d1f8bf17ac772efa17eccdac docs/reviews/web-sticky-recovery-f1/f1-24073b5-more-fixed1.log | OK last_commit=31d6335eb0af unchanged_since=true | receipt fixed-24073b5.md:full
  505f6e14649fc107f69d5b11f8060443e1b4fb83cac70c182e6e44681340ad54 docs/reviews/web-sticky-recovery-f1/f1-24073b5-notifications-fixed1.log | OK last_commit=31d6335eb0af unchanged_since=true | receipt fixed-24073b5.md:full
  ba43aa3f812b1c6b9f55b80883080a0b6e8dde7fc05b2d926f00fe557cac69bd docs/reviews/web-sticky-recovery-f1/f1-24073b5-pomodoro-fixed1.log | OK last_commit=31d6335eb0af unchanged_since=true | receipt fixed-24073b5.md:full
  64f53e91f62a4416bfc7d4679bad8a0d1193a5d2e22814c263c85d5b46647f3b docs/reviews/web-sticky-recovery-f1/f1-24073b5-race-fixed1.log | OK last_commit=31d6335eb0af unchanged_since=true | receipt fixed-24073b5.md:full
  1433c941445dff10234bd0f6ce1df8a9aaef050d10cc107cec47e66eac043804 docs/reviews/web-sticky-recovery-f1/f1-24073b5-selfcheck-fixed1.log | OK last_commit=31d6335eb0af unchanged_since=true | receipt fixed-24073b5.md:full
  72c288e4628ad9b5790b7231a8f7f703e6e67a107dd224adbb8f5297bbbf0f4f docs/reviews/web-sticky-recovery-f1/f1-24073b5-smart-lists-fixed1.log | OK last_commit=31d6335eb0af unchanged_since=true | receipt fixed-24073b5.md:full
  2d72ef3dabc4613557a65712c2f6508da0a1f0dc20f98469938e235cb43455c1 docs/reviews/web-sticky-recovery-f1/f1-24073b5-sticky-fixed1.log | OK last_commit=31d6335eb0af unchanged_since=true | receipt fixed-24073b5.md:full
  summary E16: files=10 receipt_full=10 receipt_prefix8=0 receipt_none_or_na=0
## E16 (Features F1) producing commit 31d6335eb0afeff50cea0f042cad40aa2552bbd6 (2 files) receipts docs/reviews/web-appearance-recovery-sol/fixed-24073b5.md
  3920208e60aee48c1cc1bb68f971351927e84f26f3b6244faf1138d7ae8c96ba docs/reviews/web-features-recovery-f1/f1-24073b5-features-fixed1.log | OK last_commit=31d6335eb0af unchanged_since=true | receipt fixed-24073b5.md:full
  4bd755adb7109fd28c1b8644ea5ee5a5ea7fc66814184643a1aebd04e8bbe875 docs/reviews/web-features-recovery-f1/f1-24073b5-selfcheck-fixed1.log | OK last_commit=31d6335eb0af unchanged_since=true | receipt fixed-24073b5.md:full
  summary E16 (Features F1): files=2 receipt_full=2 receipt_prefix8=0 receipt_none_or_na=0
## E17 producing commit 31d6335eb0afeff50cea0f042cad40aa2552bbd6 (2 files) receipts docs/reviews/web-appearance-recovery-sol/fixed-24073b5.md
  815196e8533fd70fe7104866d7de96215696e8ac708f2d13715c555e2ff0346e docs/reviews/web-appearance-recovery-f1/f1-24073b5-appearance-fixed1.log | OK last_commit=31d6335eb0af unchanged_since=true | receipt fixed-24073b5.md:full
  14aa082e831fabdc7b251cbd875434eb6904694a06874683b65abe7ac71f9440 docs/reviews/web-appearance-recovery-f1/f1-24073b5-selfcheck-fixed1.log | OK last_commit=31d6335eb0af unchanged_since=true | receipt fixed-24073b5.md:full
  summary E17: files=2 receipt_full=2 receipt_prefix8=0 receipt_none_or_na=0
## E26 producing commit 32e675388ffd259aab37721acd2969a08888b112 (5 files) receipts docs/reviews/web-appearance-recovery-native/review-host-downstream-retryall-24073b5.md
  289f3f37e347d0e1c8d058502d91938a314f94fb132ccb290c5d75b4a937ef4a docs/reviews/web-appearance-recovery-native/native-24073b5-fixed1-retryall-en-full-success-focus-on-disabled-retry-all.png | OK last_commit=32e675388ffd unchanged_since=true | receipt review-host-downstream-retryall-24073b5.md:full
  967c58bd02200bdc8e097b44bdc4c9d5ddfe0f58991d2cb29c517f7e4db8489d docs/reviews/web-appearance-recovery-native/native-24073b5-fixed1-retryall-en-partial-result.png | OK last_commit=32e675388ffd unchanged_since=true | receipt review-host-downstream-retryall-24073b5.md:full
  c2da16c0fa685ad059552b78ce85fe3e21056b51ea159bea7f7d3a61f15bdbd4 docs/reviews/web-appearance-recovery-native/native-24073b5-fixed1-retryall-zh-full-success-focus-on-disabled-retry-all.png | OK last_commit=32e675388ffd unchanged_since=true | receipt review-host-downstream-retryall-24073b5.md:full
  bffe5af297451a55982a00f3da51ecfe263541a483bc2c358c58f8347c9d35fe docs/reviews/web-appearance-recovery-native/native-24073b5-fixed1-retryall-zh-partial-result.png | OK last_commit=32e675388ffd unchanged_since=true | receipt review-host-downstream-retryall-24073b5.md:full
  dc7f27e859d99408e1607f8628cd5e83e64acd6e6b6132633f7577c09ef75d42 docs/reviews/web-appearance-recovery-native/native-24073b5-fixed1-retryall.log | OK last_commit=32e675388ffd unchanged_since=true | receipt review-host-downstream-retryall-24073b5.md:full
  summary E26: files=5 receipt_full=5 receipt_prefix8=0 receipt_none_or_na=0
## This batch (untracked under docs/reviews/ at hashing time): 107 files
### E21 (7 files)
  f073633fe2642c8ecfe234912b42d2a10d9524017ab38d8e8930945de52be646 docs/reviews/web-appearance-recovery-final/appearance-lint-appearance-final-v1-419e56d.log
  4b986489a694c22f3c49e1bbab18f789e94ed081dbb6307e6dbff70f3773f934 docs/reviews/web-appearance-recovery-final/appearance-test-appearance-final-v1-419e56d.log
  f80cfbc7dfab19a1cd1793798940648c5494f6c284c909c9be969e6a9b50dbb2 docs/reviews/web-appearance-recovery-final/appearance-typecheck-appearance-final-v1-419e56d.log
  c3dbdf5552edba8fe4d4419d464e0b788ded7a62878d7a825c5f7a93e1a7759c docs/reviews/web-appearance-recovery-final/appearance-unchanged-cases-appearance-final-v1-419e56d.log
  7da93e6d5b923419cc201dd5e7d102bf432ccdc1511c88b7829cdcf165faaa08 docs/reviews/web-appearance-recovery-final/appearance-unchanged-cases-appearance-final-v1-5cd63ff.log
  cd392439a3314a71e7a7e7522fd5e48115cf2208d6ee7b23bed3189bd162bdde docs/reviews/web-appearance-recovery-final/appearance-unchanged-files-appearance-final-v1-419e56d.log
  9bdafdf4b5ea4aa5346ec0d261ae54a35f6a92668ebbb33098f8abf544455fa5 docs/reviews/web-appearance-recovery-final/appearance-unchanged-files-appearance-final-v1-5cd63ff.log
### comparisons and E27 tools (5 files)
  2151a375520ca7e35342defa4e15224af492ab1e51243c1919c59025302b2980 docs/reviews/web-appearance-recovery-final/compare-accepted-appearance-final-v1.log
  b411eb3d21841f389331ec58f41aa2e2f89ebf3a3f5a2e6e51ca6493c529df2a docs/reviews/web-appearance-recovery-final/compare-accepted.mjs
  143afebae48bff030de62479051d1cae64b24f2e7cda37065c0e7819c9404f23 docs/reviews/web-appearance-recovery-final/compare-reruns-appearance-final-v1.log
  60d2c4403a82d9dea79b4ec1504adfb1a054859e0cc6209a8803ed5fc598dfdb docs/reviews/web-appearance-recovery-final/compare-reruns.mjs
  1ef935b50c05d2ddb1cf32da2632448bcfe107cdd6ba913adaad5ceb56b44768 docs/reviews/web-appearance-recovery-final/hash-evidence.mjs
### delta audit (4 files)
  3ef91d3dc5cfbee7a40143dd2402e7f4f93f8ef659dd6e8281230622762b1cd9 docs/reviews/web-appearance-recovery-final/delta-appearance-final-v1-419e56d.log
  eb2972a6458eebc27606993e7ab1cb968eeb62e2218efea716654ef49f6e090f docs/reviews/web-appearance-recovery-final/diagnostics/f1-bundle-depth-appearance-final-v1.log
  9e8719a07be882576cb88711737092bd924c33bc009b0eb011b4866687e01b49 docs/reviews/web-appearance-recovery-final/diagnostics/f1-bundle-depth.mjs
  a5b02d192304222a390131c81bad92ed2aecd749f4a9ad6a7f43a29e20473bb9 docs/reviews/web-appearance-recovery-final/verify-delta.mjs
### E24 F-FD1 diagnostics (8 files)
  cfe596be41218d288362a34ccd06c63a5d3c7c99ec7a625c4f6d06d611950810 docs/reviews/web-appearance-recovery-final/diag-features-sol-corrected.mjs
  913fc874616d703d908a585f066388b31de942dc7f168c5094a962d25bd4128d docs/reviews/web-appearance-recovery-final/diagnostics/diag-features-sol-corrected.diff
  5ba63de7f36a599e6656bad6e801083dfeda4ee776d037eed686ab8203d10070 docs/reviews/web-appearance-recovery-final/diagnostics/features-downstream.corrected.diff
  7bb5ad3cda8fec7957e999c2aa62956212b52934be20b942df72e286e90959e1 docs/reviews/web-appearance-recovery-final/diagnostics/features-downstream.corrected.test.tsx
  618e0f435704dfa51d69634d198b99a7718bf02aed00bda68b2607873384ce66 docs/reviews/web-appearance-recovery-final/diagnostics/features-sol-downstream-corrected-appearance-final-v1-419e56d.log
  92d355911ed796056a8f875daa8b38144e36db8445edf473142b5d798f9aad9a docs/reviews/web-appearance-recovery-final/diagnostics/features-sol-downstream-corrected-appearance-final-v1-5cd63ff.log
  82b174d58027a1204f362dd409d501822e5f23139253c9423fe79bda44b1fba2 docs/reviews/web-appearance-recovery-final/diagnostics/make-features-downstream-corrected.mjs
  0257de07bc3ec487cefec4895692050e27eda0ac32001095f02d64fa0e197a86 docs/reviews/web-features-recovery-sol/downstream-appearance-final-v1-24073b5.log
### E25 (7 files)
  937572d82d950c00af92b7c496924915a988850a64a736941d7a849a551a76d3 docs/reviews/web-appearance-recovery-final/native-419e56d-appearance-final-v1-downstream.log
  9b77055ea3ad625db957f854988ae9bc4b549b953c5cc667be321d465331cb63 docs/reviews/web-appearance-recovery-final/native-downstream.tsx
  40287c3657d0b883c16e6dff96763ec9e81874c48e754c8eca4e9da1dc141c80 docs/reviews/web-appearance-recovery-final/native-host-harness.e25.diff
  afa313f8e3562fe931871ae0182d0faa2193ac0291478c0c75ca266abc5e71cf docs/reviews/web-appearance-recovery-final/native-host-harness.mjs
  01acaa5dd43d02cb85d8e8c6cb46b97153f51162e6263e5128cb24251a069675 docs/reviews/web-appearance-recovery-final/native-host-prelude.js
  82df29615abbc366e31a7cb0f1073395f6a8f8611644b4d6e6c600e1af60be5b docs/reviews/web-appearance-recovery-final/verify-native-downstream.mjs
  273ecc123a38f277a657f5625ae6214b7afc82e36307b738a0f782224caa0fb7 docs/reviews/web-features-recovery-native/native-419e56d-appearance-final-v1-downstream.log
### E19 (1 files)
  c67781ff16589825025ed267d535aaa82b51dfc71cfe4d6cf7829fc4232a3083 docs/reviews/web-appearance-recovery-final/protected-diff-appearance-final-v1-419e56d.log
### E18 (2 files)
  aa26ba18cbb1db5377c5f867ad09e911d20ef46094e2ac3d7580b0cead27f00e docs/reviews/web-appearance-recovery-final/search-appearance-final-v1-419e56d.log
  8f6352fd162d4decac3e66f3b1c67fe5e95e2aa8a1a28738e886c2081254aca5 docs/reviews/web-appearance-recovery-final/verify-static.mjs
### E22 (7 files)
  95786d585df12a21d2498e2802f80f5366f888e8877bf723b2374db880ffffb1 docs/reviews/web-appearance-recovery-final/shell-check-types-appearance-final-v1-419e56d.log
  f594583559f95763c021d5a62ad1da782f4c0298cd45422d2afeea41cedd8372 docs/reviews/web-appearance-recovery-final/shell-lint-appearance-final-v1-419e56d.log
  ea8348139704afd4176c926e66e8ae716d96e5fae8cde306c4de01a622caa220 docs/reviews/web-appearance-recovery-final/shell-test-appearance-final-v1-419e56d.log
  484e7bf3a7a8acfc75cad7a929becf7e5d30ee843202625873f1b00255401d44 docs/reviews/web-appearance-recovery-final/shell-topbar-unchanged-appearance-final-v1-419e56d.log
  5996321eda99f6fe5a5b67b6c2d7f5e07e8956d8aaf053fae934a3bef92b0d2b docs/reviews/web-appearance-recovery-final/shell-topbar-unchanged-appearance-final-v1-5cd63ff.log
  2feab553f0d064c0cb0df8d1348040cc73fa39b6cfca5f7f3cdf82198405108b docs/reviews/web-appearance-recovery-final/shell-unchanged-files-appearance-final-v1-419e56d.log
  9bb6a97e89b720568c1fdb322f6eed56dcc1c146ec5fd5da8cd90607f61cecc5 docs/reviews/web-appearance-recovery-final/shell-unchanged-files-appearance-final-v1-5cd63ff.log
### E21-E23 runner (1 files)
  8f9fb90f38717515c9ba9606b4f99c643d61c0523a07adbbe071982adb864e80 docs/reviews/web-appearance-recovery-final/verify-packages.mjs
### E23 (4 files)
  1de3385dc590dd11a3f417affd252e27808d0dfcc842ea28e61f915adcf64921 docs/reviews/web-appearance-recovery-final/web-check-types-appearance-final-v1-419e56d.log
  223ab8e398cb507d8a68d9b06381f816f30641e4cdd1b7e9fcb2befcf7040e84 docs/reviews/web-appearance-recovery-final/web-lint-appearance-final-v1-419e56d.log
  9c8c470225bbae25f2503804bed47af0666a4eee20cd79570d585022ec916c58 docs/reviews/web-appearance-recovery-final/web-test-appearance-final-v1-419e56d.log
  e0ac51066b09a9e08044e13ebdb375345baf59dea4543d63ab7b0c460adeecd1 docs/reviews/web-appearance-recovery-final/web-test-appearance-final-v1-5cd63ff.log
### E8 rerun (1 files)
  e010516873a940f6e61b997a1086a97b4a2b0b1e62beb1c81e43c492c6eae334 docs/reviews/web-appearance-recovery-independent/host-appearance-final-v1-419e56d.log
### E7 rerun (9 files)
  d2ce51d322271487a45e421e93693763d7faf81e365fc3a22bad292348a19bfa docs/reviews/web-appearance-recovery-oracle-erratum/corrected-appearance-final-v1-419e56d.log
  cf616e933931eda06ffa7cd08e886de74322a8573e28cfee13b3d26fe11bcfbf docs/reviews/web-appearance-recovery-sol/bytes-appearance-final-v1-419e56d.log
  ecb2cf50a2916f82d638e93dbca72a8433f31e4f3bef26476381b98f8387df23 docs/reviews/web-appearance-recovery-sol/continuity-export-appearance-final-v1-419e56d.log
  91b4164c8a832aa7d4f29a8fe7616bf8ffa39da1203ead0b991c23760782d067 docs/reviews/web-appearance-recovery-sol/fields-appearance-final-v1-419e56d.log
  65142e3d18e53d7a0e21a8405edd3df39e153b646a407b7e54661f0d70803662 docs/reviews/web-appearance-recovery-sol/host-appearance-final-v1-419e56d.log
  946c8481a9c353178b3cae89dde1f258dba85079872984305f91ed1182b13837 docs/reviews/web-appearance-recovery-sol/original-appearance-final-v1-419e56d.log
  c5b9b2b2e51b88ce3b4922f27b1589775e6f144d53b797dd893b7b0083ff3b59 docs/reviews/web-appearance-recovery-sol/queues-appearance-final-v1-419e56d.log
  81aaf11d19688ea07b705f43ac26c270e078a7efa7d4eda85907ea95228e8545 docs/reviews/web-appearance-recovery-sol/reset-appearance-final-v1-419e56d.log
  e87c05693358d7d368ac66bc5be73f6e7af638cfbae3fc546635bf65ff2370e4 docs/reviews/web-appearance-recovery-sol/retry-all-appearance-final-v1-419e56d.log
### E16 rerun (12 files)
  68e80ec39c20d976b723e808c70f48c1f6317843be9a4d883083c8ba63ba5e64 docs/reviews/web-features-recovery-f1/f1-419e56d-features-appearance-final-v1.log
  cb2d1eb9247da8768cca8c3d6735b54eae85aa0ba40adbb4f86356d7eac62ac7 docs/reviews/web-features-recovery-f1/f1-419e56d-selfcheck-appearance-final-v1.log
  b747c3ae819e5b83a39378eeabaafb3b908a14e1c59eb82d029d1f57c357e331 docs/reviews/web-sticky-recovery-f1/f1-419e56d-collaborate-appearance-final-v1.log
  cdb97f8cb0220985a5ae1b93a3f3c7dd70586981a61af9de91b5d79dccc4cb2b docs/reviews/web-sticky-recovery-f1/f1-419e56d-date-time-appearance-final-v1.log
  0f1d6924dd90e235ccb376c0fec969e4bd51f03361468df6d6a2aa547e6c62fd docs/reviews/web-sticky-recovery-f1/f1-419e56d-header-appearance-final-v1.log
  4cc60e653c067e06327fc1c3e19b3ccc6740aee51e03973c0210d42a1cb3e847 docs/reviews/web-sticky-recovery-f1/f1-419e56d-more-appearance-final-v1.log
  eed75144fcdaa0c4b16c48e4e5872f461c35237fc2edbbc07006a2f7f9f77e1d docs/reviews/web-sticky-recovery-f1/f1-419e56d-notifications-appearance-final-v1.log
  ceadc1659d61e8c4a2b58edecd47931f901f985b09c22c0b1b8b298293aa1700 docs/reviews/web-sticky-recovery-f1/f1-419e56d-pomodoro-appearance-final-v1.log
  227ba931b9beb6ca897c60629d7b48c790a432b65215f24bf1526d0894ebd66e docs/reviews/web-sticky-recovery-f1/f1-419e56d-race-appearance-final-v1.log
  e1f20cb38d560751608d3183f595ad28b2115d87ec81dc3192a10f9ca8b8ea50 docs/reviews/web-sticky-recovery-f1/f1-419e56d-selfcheck-appearance-final-v1.log
  77bd0d99ad964303cf1d1f9ff3137d3e9cc4c5211fcb83d8f2928d32bfc10471 docs/reviews/web-sticky-recovery-f1/f1-419e56d-smart-lists-appearance-final-v1.log
  b610ed8c76af343b523e4616607a9b53de55989edb53d3750566063b8b506e8e docs/reviews/web-sticky-recovery-f1/f1-419e56d-sticky-appearance-final-v1.log
### E24 (36 files)
  540f9efde01df20c51e51bb8884207a2d9efca3e4b6868a3f4fab31349dc9f03 docs/reviews/web-features-recovery-final/datetime-appearance-final-v1-419e56d.log
  fc4ea3738e168b994fd604ca62b0d828d1b5ac8736d30d89a98d96ded4f116a3 docs/reviews/web-features-recovery-final/features-test-appearance-final-v1-419e56d.log
  ab59784d6af3270ea2c4b7be5d31b4cc7972fc143587c19b542428e35350d866 docs/reviews/web-features-recovery-final/more-boundaries-appearance-final-v1-419e56d.log
  adff9ea4d35b224d4a9423fcd980a8e10a5623a005acfcc7498a6e50fd02502c docs/reviews/web-features-recovery-final/more-fields-appearance-final-v1-419e56d.log
  0d81d7c5f9947273bd3f32cb398ebeaa1c8acceae8058f73f1b9901ee1d574af docs/reviews/web-features-recovery-final/more-host-appearance-final-v1-419e56d.log
  c009da759897952eb9a79a88ed00ed2bc6e2f3413a66256f62805a705fcddd32 docs/reviews/web-features-recovery-final/more-original-appearance-final-v1-419e56d.log
  6357d1e817dd0b51ce7113627ffdfc5defac1c51ec74c7528294045cf02a5f9d docs/reviews/web-features-recovery-final/more-owner-export-appearance-final-v1-419e56d.log
  7867d6f5c2b88fd6ba5e943cc1a4403b29cd9bea8df2259ae323d53ce7130ff3 docs/reviews/web-features-recovery-final/more-queues-appearance-final-v1-419e56d.log
  76f05f0a4c41366841c0356270efd1f2ecee3ff90a86d41bf83918b1108c3e06 docs/reviews/web-features-recovery-final/more-reset-appearance-final-v1-419e56d.log
  917804b5f684e9000cda2551d195b7217ccbfe1a099e3558ac45ad843a143a2a docs/reviews/web-features-recovery-final/notifications-astra-boundaries-appearance-final-v1-419e56d.log
  9fe2e31f5ff44d7948ecb05e0fdd456211e869e06cafabf3eae051038223e0d3 docs/reviews/web-features-recovery-final/notifications-astra-host-appearance-final-v1-419e56d.log
  ea21d24ad5aa706d2fdd99ec21eba305251a095c6e9d570d70240ea6649eac6c docs/reviews/web-features-recovery-final/notifications-boundaries-appearance-final-v1-419e56d.log
  ad6e084c928aec36cbda85285f57b8d7698f7b8cd37d1c6c0c7b88f1de51e160 docs/reviews/web-features-recovery-final/notifications-core-appearance-final-v1-419e56d.log
  bf03979dd7cbcfada64306facdcfae1afbffbab667dcb22895413e14ccbb966c docs/reviews/web-features-recovery-final/notifications-extended-appearance-final-v1-419e56d.log
  08e815df02f7c52c9d05b37af1e7907c9749088ecafb63f9623ae89040029264 docs/reviews/web-features-recovery-final/notifications-operations-appearance-final-v1-419e56d.log
  eeddefa60665c61b8b3aa8447eba9e32f02041f15c987b6e52133142382ec6e2 docs/reviews/web-features-recovery-final/notifications-original-appearance-final-v1-419e56d.log
  6f6ba35e1b7f54a727d23606026154291710ea7b3f5e10591953e63e37bf8155 docs/reviews/web-features-recovery-final/notifications-parent-host-appearance-final-v1-419e56d.log
  87dcf77955857cb6e216a93fc52f80157060b904690771df5855e6a006d1c99e docs/reviews/web-features-recovery-final/notifications-recovery-appearance-final-v1-419e56d.log
  863283f39d93164ac34363538904497913577de7078522b432991e7c162a0d88 docs/reviews/web-features-recovery-final/settings-rest-test-appearance-final-v1-419e56d.log
  f63be7fac4cbe7400366abf87d057a0a47f5bfe205c0cf4cf05ce1d8da4d2f66 docs/reviews/web-features-recovery-final/settings-shell-test-appearance-final-v1-419e56d.log
  1c91a0a8ad9faccdb369617b9952553f0f9bb79f8b64b227fa0aae8331c9e14d docs/reviews/web-features-recovery-independent/host-appearance-final-v1-419e56d.log
  1b578329deba12bb1763620b4fa031608d64704aaebfb23ca25065d29b86abcd docs/reviews/web-features-recovery-sol/bytes-appearance-final-v1-419e56d.log
  5075920292da74a7a7e3d1051b3fc6f223c14407e442cf526dc3891519aeed0b docs/reviews/web-features-recovery-sol/continuity-export-appearance-final-v1-419e56d.log
  647ce30c112fb4192b03bf5f9d3d448d78c9c00d686f6f95835c53dcbbbf4b8f docs/reviews/web-features-recovery-sol/downstream-appearance-final-v1-419e56d.log
  07597a7a3ad4a150107ccbb90dea989a7f34e54d229974ca57cce3756419cd4e docs/reviews/web-features-recovery-sol/downstream-appearance-final-v2-419e56d.log
  eed4822d5ebba7ab8ee4a2d01a4a5430ed666a4290b85db819749a25359ceb8e docs/reviews/web-features-recovery-sol/fields-appearance-final-v1-419e56d.log
  80ef943098f07f31e70ba130c4ed2f78f1751c27ed8f61baab5d1a214a8196a7 docs/reviews/web-features-recovery-sol/original-appearance-final-v1-419e56d.log
  c2eceefd3f9e165f8aaef2b69501f99d851aa38dbf1e809f9561a573adc4925e docs/reviews/web-features-recovery-sol/queues-appearance-final-v1-419e56d.log
  d225025ce443e861475d70749ecc18f17cc6c3daf5219e162928686a42423ce3 docs/reviews/web-features-recovery-sol/reset-appearance-final-v1-419e56d.log
  6ea3eb542a95866636856d42735ff7cf2da2d9ff2597efe08cc41d08a4412cb4 docs/reviews/web-more-recovery-fb002/logs/corrected-full-appearance-final-v1-419e56d.log
  ec948594e9ea8f5b8efe6608460693fca69f9c1e763a8a6965b912bd5a495c5f docs/reviews/web-sticky-recovery-independent/host-appearance-final-v1-419e56d.log
  748d5d832d6c45cac18cab789bcab2192198dc7cca1db6427a816a32b1b70871 docs/reviews/web-sticky-recovery-sol/bytes-appearance-final-v1-419e56d.log
  af29370482e4888f53ba6fde4440428944fd2c73af39d3fd0b4aaa8bd4c9e810 docs/reviews/web-sticky-recovery-sol/continuity-export-appearance-final-v1-419e56d.log
  563e7de6700f29e41b3ab1b5b1a3e177f18cfaf4f93247bcd93588b1b7d647e6 docs/reviews/web-sticky-recovery-sol/fields-appearance-final-v1-419e56d.log
  33d49939f9e8c153db550984b3a6f1f1b76e39d85a31e57f04295c1fe6a05be6 docs/reviews/web-sticky-recovery-sol/original-appearance-final-v1-419e56d.log
  9fbc33b699ef56cdd0daabf48fff68b7fb1715798b12d19e2b9d5fca46cf0ebf docs/reviews/web-sticky-recovery-sol/queues-appearance-final-v1-419e56d.log
### E20 (1 files)
  ae923a15e1a42085d7014a541eb9f05728d23d73b2b75b035c67afad40039896 docs/reviews/web-features-recovery-final/storage-check-types-appearance-final-v1-419e56d.log
### E17 rerun (K-1 copy) (2 files)
  ef30c1d8b415962d842360b02a2011b90e791303f73d56892e3b742a6ad5e326 docs/reviews/web-native-keyinput-k1/f1-419e56d-appearance-appearance-final-v1.log
  b5ed382d94ed40c4e1c1d89e7d4a043d307839a5928dd972b25b920cd6c7ea8e docs/reviews/web-native-keyinput-k1/f1-419e56d-selfcheck-appearance-final-v1.log
tracked_files_modified=0
## Totals
  E1: 10 files, 9 full / 1 prefix8 / 0 none-or-n/a
  E2: 26 files, 26 full / 0 prefix8 / 0 none-or-n/a
  E3: 7 files, 6 full / 1 prefix8 / 0 none-or-n/a
  E4: 58 files, 57 full / 1 prefix8 / 0 none-or-n/a
  E4/E5 supplementary K-1: 82 files, 81 full / 1 prefix8 / 0 none-or-n/a
  E5: 5 files, 4 full / 1 prefix8 / 0 none-or-n/a
  E6 r1 run record: 10 files, 0 full / 0 prefix8 / 10 none-or-n/a
  E6 r2 run record: 7 files, 6 full / 0 prefix8 / 1 none-or-n/a
  E6 r3 run record: 7 files, 6 full / 0 prefix8 / 1 none-or-n/a
  E6 product (§11 files at 419e56d): 26 files, 26 full / 0 prefix8 / 0 none-or-n/a
  E7 OE erratum basis: 15 files, 14 full / 1 prefix8 / 0 none-or-n/a
  E7: 9 files, 8 full / 1 prefix8 / 0 none-or-n/a
  E7 corrected copy run: 1 files, 1 full / 0 prefix8 / 0 none-or-n/a
  E8: 1 files, 1 full / 0 prefix8 / 0 none-or-n/a
  E9: 5 files, 4 full / 1 prefix8 / 0 none-or-n/a
  E10: 1 files, 1 full / 0 prefix8 / 0 none-or-n/a
  E11: 10 files, 10 full / 0 prefix8 / 0 none-or-n/a
  E12: 6 files, 5 full / 1 prefix8 / 0 none-or-n/a
  E13: 18 files, 18 full / 0 prefix8 / 0 none-or-n/a
  E14 (PASS at 419e56d): 40 files, 40 full / 0 prefix8 / 0 none-or-n/a
  E15 (PASS at 419e56d): 121 files, 120 full / 0 prefix8 / 1 none-or-n/a
  E14-E15 historical FAIL at 24073b5 (F-APP-1): 29 files, 28 full / 1 prefix8 / 0 none-or-n/a
  E14-E15 historical FAIL at 5bbf473 (F-APP-2): 77 files, 76 full / 1 prefix8 / 0 none-or-n/a
  E16: 10 files, 10 full / 0 prefix8 / 0 none-or-n/a
  E16 (Features F1): 2 files, 2 full / 0 prefix8 / 0 none-or-n/a
  E17: 2 files, 2 full / 0 prefix8 / 0 none-or-n/a
  E26: 5 files, 5 full / 0 prefix8 / 0 none-or-n/a
  this batch: 107 new files in 16 classes
provenance_missing_or_unclassified_failures=0
exit=0
