hashes=apprail-final-v1
checkout_head=9aeec39ecc3d9da70837e97b9660837fe887b765
method=sha256 of the file in this checkout (E6 product: git show f9eb4b1:<path>); producing commit = the commit that added it and the last to touch it; receipt lookup = full 64-hex or first 8 hex in the receipt text
## E1 producing commit d6ea500495833dc7195a2496d873697341f48e82 (15 files) receipts docs/reviews/web-apprail-order-recovery-sol/README.md, docs/reviews/20260908-full-product-audit/CURRENT-CONTROL-PLANE.md
  2a0a547763f60d1882fd912cf70f121836ee0c47daa7d795598784f7f6deb815 docs/reviews/web-apprail-order-recovery-sol/README.md | OK last_commit=d6ea50049583 unchanged_since=true | receipt CURRENT-CONTROL-PLANE.md:not-listed
  d4827472827f284178944dd621198a39d7b7ffc34be19781714e61f91103d6cd docs/reviews/web-apprail-order-recovery-sol/bytes.test.tsx | OK last_commit=d6ea50049583 unchanged_since=true | receipt README.md:full, CURRENT-CONTROL-PLANE.md:not-listed
  b92790b3f989e66b5e3b549995c58abcaee88d5acb700e7f2c31af577f5dd5fc docs/reviews/web-apprail-order-recovery-sol/continuity-export.test.tsx | OK last_commit=d6ea50049583 unchanged_since=true | receipt README.md:full, CURRENT-CONTROL-PLANE.md:not-listed
  4c40b96ea8a6f45db66095203d9117fb3c2e004135376d7114d5ce235ce57b77 docs/reviews/web-apprail-order-recovery-sol/diag-features-sol-c-rd1.diff | OK last_commit=d6ea50049583 unchanged_since=true | receipt README.md:full, CURRENT-CONTROL-PLANE.md:not-listed
  7d6e8c3fdce61fb66e7be26ebac9908144401eaa722cea10f86f129dd5cdcbe0 docs/reviews/web-apprail-order-recovery-sol/diag-features-sol-c-rd1.mjs | OK last_commit=d6ea50049583 unchanged_since=true | receipt README.md:full, CURRENT-CONTROL-PLANE.md:not-listed
  f7b55802a73251b6eb1b0f0cb0d3d39d798fdb9ff7c472ee4b57a5abca4cea0a docs/reviews/web-apprail-order-recovery-sol/domain.test.tsx | OK last_commit=d6ea50049583 unchanged_since=true | receipt README.md:full, CURRENT-CONTROL-PLANE.md:not-listed
  4be85f28b053eeed2606e8118641c7ffd93b1a078ce298c3343facfc3fd23063 docs/reviews/web-apprail-order-recovery-sol/drag.test.tsx | OK last_commit=d6ea50049583 unchanged_since=true | receipt README.md:full, CURRENT-CONTROL-PLANE.md:not-listed
  6c57164ef5040444dad96fbf5933e90b095d465c64bdd6e8e5f3dcb6be2d1c7a docs/reviews/web-apprail-order-recovery-sol/features-downstream.c-rd1.test.tsx | OK last_commit=d6ea50049583 unchanged_since=true | receipt README.md:full, CURRENT-CONTROL-PLANE.md:not-listed
  bf33200be7aa0180fc7c8de7f0c6c2bb7724162233ff71c0659339741ace55d6 docs/reviews/web-apprail-order-recovery-sol/features-downstream.c-rd1.vs-c-fd1.diff | OK last_commit=d6ea50049583 unchanged_since=true | receipt README.md:full, CURRENT-CONTROL-PLANE.md:not-listed
  735a177231d7028aad4f4c42fff25eefd932d893690f97624a9b48c8ba66c838 docs/reviews/web-apprail-order-recovery-sol/features-downstream.c-rd1.vs-frozen.diff | OK last_commit=d6ea50049583 unchanged_since=true | receipt README.md:full, CURRENT-CONTROL-PLANE.md:not-listed
  21e7b77f7135bb1debe446f48bafdc9f3f4a3a5b1796084094bbac140f995846 docs/reviews/web-apprail-order-recovery-sol/field.test.tsx | OK last_commit=d6ea50049583 unchanged_since=true | receipt README.md:full, CURRENT-CONTROL-PLANE.md:not-listed
  07c4f87674e5a14d7cbeffc4cd8ae18d0c9d725cfe052ce45b55fb631720c236 docs/reviews/web-apprail-order-recovery-sol/fixture.tsx | OK last_commit=d6ea50049583 unchanged_since=true | receipt README.md:full, CURRENT-CONTROL-PLANE.md:not-listed
  b89a4f6e2ebc12cf4a4952b17deb6ea7c793818198ad16562610f63ec47a4b03 docs/reviews/web-apprail-order-recovery-sol/host.test.tsx | OK last_commit=d6ea50049583 unchanged_since=true | receipt README.md:full, CURRENT-CONTROL-PLANE.md:not-listed
  05f6e01081156e2d32076606f2b4f314f33246d6b96b0ab7ffa644a9de8d377a docs/reviews/web-apprail-order-recovery-sol/merge.test.tsx | OK last_commit=d6ea50049583 unchanged_since=true | receipt README.md:full, CURRENT-CONTROL-PLANE.md:not-listed
  e944cb226e3fa342727c913547ff5084e0ad38fad5293ed306cb512bf9f5a4e8 docs/reviews/web-apprail-order-recovery-sol/verify-fixed.mjs | OK last_commit=d6ea50049583 unchanged_since=true | receipt README.md:full, CURRENT-CONTROL-PLANE.md:not-listed
  summary E1: files=15 receipt_full=14 receipt_prefix8=0 receipt_none_or_na=1
## E2 producing commit d6ea500495833dc7195a2496d873697341f48e82 (17 files) receipts docs/reviews/web-apprail-order-recovery-sol/README.md, docs/reviews/20260908-full-product-audit/CURRENT-CONTROL-PLANE.md
  94c87889a14f0a6097b6ad2c70fa92dd145f654d0fa53f0449aa86e4c7ffcc1b docs/reviews/web-apprail-order-recovery-sol/bytes-before1-419e56d.log | OK last_commit=d6ea50049583 unchanged_since=true | receipt README.md:full, CURRENT-CONTROL-PLANE.md:not-listed
  14c6c566e36cdbd921fb58531b556862c6ba9492e3e6d648dbd3fd6e4b145dd7 docs/reviews/web-apprail-order-recovery-sol/continuity-export-before1-419e56d.log | OK last_commit=d6ea50049583 unchanged_since=true | receipt README.md:full, CURRENT-CONTROL-PLANE.md:not-listed
  8a82bcfbf36cf7ad927db513a31af2d367d97c69eb5e077241c893c2c8644bda docs/reviews/web-apprail-order-recovery-sol/domain-before1-419e56d.log | OK last_commit=d6ea50049583 unchanged_since=true | receipt README.md:full, CURRENT-CONTROL-PLANE.md:not-listed
  efe8658ec7efea8deb61c5a4afc821bd98e124128dc6cfb7c9951339e8ab6776 docs/reviews/web-apprail-order-recovery-sol/domain-before2-419e56d.log | OK last_commit=d6ea50049583 unchanged_since=true | receipt README.md:full, CURRENT-CONTROL-PLANE.md:not-listed
  3153df6bfd41171abfaca330f0fe05bbbfbb42e7754e186e98d993325f179c74 docs/reviews/web-apprail-order-recovery-sol/drag-before1-419e56d.log | OK last_commit=d6ea50049583 unchanged_since=true | receipt README.md:full, CURRENT-CONTROL-PLANE.md:not-listed
  3df73969687379518111bc96d2677038834c80d3c6b02a9bf5269be7e27d5b25 docs/reviews/web-apprail-order-recovery-sol/drag-before2-419e56d.log | OK last_commit=d6ea50049583 unchanged_since=true | receipt README.md:full, CURRENT-CONTROL-PLANE.md:not-listed
  dbfc3a7330ee158d2b1b0eb1f26a5ddd88b52c461afe965f80daac98d81a0cc3 docs/reviews/web-apprail-order-recovery-sol/features-sol-downstream-c-fd1-before1-419e56d.log | OK last_commit=d6ea50049583 unchanged_since=true | receipt README.md:full, CURRENT-CONTROL-PLANE.md:not-listed
  c8f5ff44c2ca25c6560d6a0321bb96c3a002e7389a4e013f09f7c3c0bf687a4b docs/reviews/web-apprail-order-recovery-sol/features-sol-downstream-c-rd1-before1-419e56d.log | OK last_commit=d6ea50049583 unchanged_since=true | receipt README.md:full, CURRENT-CONTROL-PLANE.md:not-listed
  856955626108b06a7c05c001c293802a356fe9e69e27ab33b017256be4d1f452 docs/reviews/web-apprail-order-recovery-sol/features-sol-downstream-frozen-before1-419e56d.log | OK last_commit=d6ea50049583 unchanged_since=true | receipt README.md:full, CURRENT-CONTROL-PLANE.md:not-listed
  bc051ce2b05a00015fa9467f0a9ab76095f5474bf231d35401f19ba9a656874e docs/reviews/web-apprail-order-recovery-sol/field-before1-419e56d.log | OK last_commit=d6ea50049583 unchanged_since=true | receipt README.md:full, CURRENT-CONTROL-PLANE.md:not-listed
  504c34d9c98dc2010929bebaf1573e7687bc0171965cb355c62d4e9bd57a76e5 docs/reviews/web-apprail-order-recovery-sol/field-before2-419e56d.log | OK last_commit=d6ea50049583 unchanged_since=true | receipt README.md:full, CURRENT-CONTROL-PLANE.md:not-listed
  a8bc5c340a06b3b3a9674c7494884887d276172b1f4fb5c86e4593006de83026 docs/reviews/web-apprail-order-recovery-sol/host-before1-419e56d.log | OK last_commit=d6ea50049583 unchanged_since=true | receipt README.md:full, CURRENT-CONTROL-PLANE.md:not-listed
  1d8c588233e65dc0b2cd5224b213e9668ebe454c52b0dcd612da55eafe875a2d docs/reviews/web-apprail-order-recovery-sol/host-before2-419e56d.log | OK last_commit=d6ea50049583 unchanged_since=true | receipt README.md:full, CURRENT-CONTROL-PLANE.md:not-listed
  65af987dd8ed716827b94b6f8e383255100409c21e43655ea9ede71939b5f0e6 docs/reviews/web-apprail-order-recovery-sol/merge-before1-419e56d.log | OK last_commit=d6ea50049583 unchanged_since=true | receipt README.md:full, CURRENT-CONTROL-PLANE.md:not-listed
  9f6b774e883776ee9d73ffc9fc18ae27c642bf72130033e8d473cd1b77e2057e docs/reviews/web-apprail-order-recovery-sol/merge-before2-419e56d.log | OK last_commit=d6ea50049583 unchanged_since=true | receipt README.md:full, CURRENT-CONTROL-PLANE.md:not-listed
  de227f44c18bc79f72d9bb613c1d46475a5647357a4d2aab48b8cdd6fd3d5d8b docs/reviews/web-apprail-order-recovery-sol/original-before1-419e56d.log | OK last_commit=d6ea50049583 unchanged_since=true | receipt README.md:full, CURRENT-CONTROL-PLANE.md:not-listed
  bc62b4efb5e86bb8ab1be6700402fadacc44af82563e6a5cadfce64b244716a5 docs/reviews/web-apprail-order-recovery-sol/typecheck-static1-419e56d.log | OK last_commit=d6ea50049583 unchanged_since=true | receipt README.md:full, CURRENT-CONTROL-PLANE.md:not-listed
  summary E2: files=17 receipt_full=17 receipt_prefix8=0 receipt_none_or_na=0
## E3 producing commit 6e9ec9c5cabd760a9ab33647ead7b1030fbc102c (5 files) receipts docs/reviews/web-apprail-order-recovery-independent/README.md, docs/reviews/20260908-full-product-audit/CURRENT-CONTROL-PLANE.md
  85f9d9b707839ddeb1b339ee9ff68bc4bf5c7b42769b379b9e48bad9d0f69026 docs/reviews/web-apprail-order-recovery-independent/README.md | OK last_commit=6e9ec9c5cabd unchanged_since=true | receipt CURRENT-CONTROL-PLANE.md:not-listed
  ee5f6e1d2aaafabec04f961ab5f1d091a1bb5ad47fe1794e8e6fa1a96812ebb3 docs/reviews/web-apprail-order-recovery-independent/host-before1-419e56d.log | OK last_commit=6e9ec9c5cabd unchanged_since=true | receipt README.md:full, CURRENT-CONTROL-PLANE.md:not-listed
  314e239146364ab291ecd6666aeca2b48afa6b41011d678339eb59f154800af6 docs/reviews/web-apprail-order-recovery-independent/host-fixture.tsx | OK last_commit=6e9ec9c5cabd unchanged_since=true | receipt README.md:full, CURRENT-CONTROL-PLANE.md:not-listed
  11e660998c5421e8b6f7b77b82db30543dad273ce5eab9c541ed0ae23e33b719 docs/reviews/web-apprail-order-recovery-independent/host.test.tsx | OK last_commit=6e9ec9c5cabd unchanged_since=true | receipt README.md:full, CURRENT-CONTROL-PLANE.md:not-listed
  646bf047a4634ce48100505fef0a351536864f2d4a3e23019215b7e5060618a8 docs/reviews/web-apprail-order-recovery-independent/verify-fixed.mjs | OK last_commit=6e9ec9c5cabd unchanged_since=true | receipt README.md:full, CURRENT-CONTROL-PLANE.md:not-listed
  summary E3: files=5 receipt_full=4 receipt_prefix8=0 receipt_none_or_na=1
## E4 producing commit 04ee6a2e3a23aeb04798a065da575dcfea204539 (61 files) receipts docs/reviews/web-apprail-order-recovery-native/before-419e56d.md, docs/reviews/20260908-full-product-audit/CURRENT-CONTROL-PLANE.md
  8253c075f386f07128a0e630fe51409ba9edd8cd3428b0a0e1734a4e3a5b1c2e docs/reviews/web-apprail-order-recovery-native/before-419e56d.md | OK last_commit=04ee6a2e3a23 unchanged_since=true | receipt CURRENT-CONTROL-PLANE.md:not-listed
  3f861fe87460bb065ef3c8998d8bf3da5baca81e5df9369ef0e8635cfec49acb docs/reviews/web-apprail-order-recovery-native/native-419e56d-before1-drag-h2-en-quota-after-drop.png | OK last_commit=04ee6a2e3a23 unchanged_since=true | receipt before-419e56d.md:full, CURRENT-CONTROL-PLANE.md:not-listed
  3f861fe87460bb065ef3c8998d8bf3da5baca81e5df9369ef0e8635cfec49acb docs/reviews/web-apprail-order-recovery-native/native-419e56d-before1-drag-h2-en-throwing-setitem-after-drop.png | OK last_commit=04ee6a2e3a23 unchanged_since=true | receipt before-419e56d.md:full, CURRENT-CONTROL-PLANE.md:not-listed
  ff15ed3ce4fcd6c5187da86e5fc31ebb75d565198cffe56b0ea39fd16d63c773 docs/reviews/web-apprail-order-recovery-native/native-419e56d-before1-drag-h2-zh-quota-after-drop.png | OK last_commit=04ee6a2e3a23 unchanged_since=true | receipt before-419e56d.md:full, CURRENT-CONTROL-PLANE.md:not-listed
  a11f83bbaa44b3065fa4c878d948800d83dea5936ba55c0863e75b2202cc55a1 docs/reviews/web-apprail-order-recovery-native/native-419e56d-before1-drag-h2-zh-throwing-setitem-after-drop.png | OK last_commit=04ee6a2e3a23 unchanged_since=true | receipt before-419e56d.md:full, CURRENT-CONTROL-PLANE.md:not-listed
  7019b04d7392f3eb83d3b46dbc674aa9078299c2a694ba075fccc3f036b84d80 docs/reviews/web-apprail-order-recovery-native/native-419e56d-before1-drag-h3-after-drop.png | OK last_commit=04ee6a2e3a23 unchanged_since=true | receipt before-419e56d.md:full, CURRENT-CONTROL-PLANE.md:not-listed
  e50cb0738bc9e415984fe98704978dcf2cc6137886c9ed8689f428b412d5a801 docs/reviews/web-apprail-order-recovery-native/native-419e56d-before1-drag-h4-cancel-after.png | OK last_commit=04ee6a2e3a23 unchanged_since=true | receipt before-419e56d.md:full, CURRENT-CONTROL-PLANE.md:not-listed
  b87e162e4dec29c5912d05be78883432da9fa02210bbe0d9ab833fb0eb029544 docs/reviews/web-apprail-order-recovery-native/native-419e56d-before1-drag-h4-drop-outside-after.png | OK last_commit=04ee6a2e3a23 unchanged_since=true | receipt before-419e56d.md:full, CURRENT-CONTROL-PLANE.md:not-listed
  6ec38c9ca1b3814ddc273cb079f2c12e6c6c437c27400640fa3b1be769036895 docs/reviews/web-apprail-order-recovery-native/native-419e56d-before1-drag-pc-p6-after-drop.png | OK last_commit=04ee6a2e3a23 unchanged_since=true | receipt before-419e56d.md:full, CURRENT-CONTROL-PLANE.md:not-listed
  cc4dce233db0e66fbe1672e5a403c413af80a9d8471e772533304626d883cb14 docs/reviews/web-apprail-order-recovery-native/native-419e56d-before1-drag.log | OK last_commit=04ee6a2e3a23 unchanged_since=true | receipt before-419e56d.md:full, CURRENT-CONTROL-PLANE.md:not-listed
  4ab05fb85263e68ca052309c3b00faef0d7c1a8be7fa679b2270dc2960149cf1 docs/reviews/web-apprail-order-recovery-native/native-419e56d-before1-h1-en-false-settings-appearance.png | OK last_commit=04ee6a2e3a23 unchanged_since=true | receipt before-419e56d.md:full, CURRENT-CONTROL-PLANE.md:not-listed
  4ab05fb85263e68ca052309c3b00faef0d7c1a8be7fa679b2270dc2960149cf1 docs/reviews/web-apprail-order-recovery-native/native-419e56d-before1-h1-en-false-tasks.png | OK last_commit=04ee6a2e3a23 unchanged_since=true | receipt before-419e56d.md:full, CURRENT-CONTROL-PLANE.md:not-listed
  4ab05fb85263e68ca052309c3b00faef0d7c1a8be7fa679b2270dc2960149cf1 docs/reviews/web-apprail-order-recovery-native/native-419e56d-before1-h1-en-number-0-settings-appearance.png | OK last_commit=04ee6a2e3a23 unchanged_since=true | receipt before-419e56d.md:full, CURRENT-CONTROL-PLANE.md:not-listed
  4ab05fb85263e68ca052309c3b00faef0d7c1a8be7fa679b2270dc2960149cf1 docs/reviews/web-apprail-order-recovery-native/native-419e56d-before1-h1-en-number-0-tasks.png | OK last_commit=04ee6a2e3a23 unchanged_since=true | receipt before-419e56d.md:full, CURRENT-CONTROL-PLANE.md:not-listed
  4ab05fb85263e68ca052309c3b00faef0d7c1a8be7fa679b2270dc2960149cf1 docs/reviews/web-apprail-order-recovery-native/native-419e56d-before1-h1-en-number-1-settings-appearance.png | OK last_commit=04ee6a2e3a23 unchanged_since=true | receipt before-419e56d.md:full, CURRENT-CONTROL-PLANE.md:not-listed
  4ab05fb85263e68ca052309c3b00faef0d7c1a8be7fa679b2270dc2960149cf1 docs/reviews/web-apprail-order-recovery-native/native-419e56d-before1-h1-en-number-1-tasks.png | OK last_commit=04ee6a2e3a23 unchanged_since=true | receipt before-419e56d.md:full, CURRENT-CONTROL-PLANE.md:not-listed
  4ab05fb85263e68ca052309c3b00faef0d7c1a8be7fa679b2270dc2960149cf1 docs/reviews/web-apprail-order-recovery-native/native-419e56d-before1-h1-en-number-minus-1-settings-appearance.png | OK last_commit=04ee6a2e3a23 unchanged_since=true | receipt before-419e56d.md:full, CURRENT-CONTROL-PLANE.md:not-listed
  4ab05fb85263e68ca052309c3b00faef0d7c1a8be7fa679b2270dc2960149cf1 docs/reviews/web-apprail-order-recovery-native/native-419e56d-before1-h1-en-number-minus-1-tasks.png | OK last_commit=04ee6a2e3a23 unchanged_since=true | receipt before-419e56d.md:full, CURRENT-CONTROL-PLANE.md:not-listed
  4ab05fb85263e68ca052309c3b00faef0d7c1a8be7fa679b2270dc2960149cf1 docs/reviews/web-apprail-order-recovery-native/native-419e56d-before1-h1-en-object-empty-settings-appearance.png | OK last_commit=04ee6a2e3a23 unchanged_since=true | receipt before-419e56d.md:full, CURRENT-CONTROL-PLANE.md:not-listed
  4ab05fb85263e68ca052309c3b00faef0d7c1a8be7fa679b2270dc2960149cf1 docs/reviews/web-apprail-order-recovery-native/native-419e56d-before1-h1-en-object-empty-tasks.png | OK last_commit=04ee6a2e3a23 unchanged_since=true | receipt before-419e56d.md:full, CURRENT-CONTROL-PLANE.md:not-listed
  4ab05fb85263e68ca052309c3b00faef0d7c1a8be7fa679b2270dc2960149cf1 docs/reviews/web-apprail-order-recovery-native/native-419e56d-before1-h1-en-object-tasks-settings-appearance.png | OK last_commit=04ee6a2e3a23 unchanged_since=true | receipt before-419e56d.md:full, CURRENT-CONTROL-PLANE.md:not-listed
  4ab05fb85263e68ca052309c3b00faef0d7c1a8be7fa679b2270dc2960149cf1 docs/reviews/web-apprail-order-recovery-native/native-419e56d-before1-h1-en-object-tasks-tasks.png | OK last_commit=04ee6a2e3a23 unchanged_since=true | receipt before-419e56d.md:full, CURRENT-CONTROL-PLANE.md:not-listed
  4ab05fb85263e68ca052309c3b00faef0d7c1a8be7fa679b2270dc2960149cf1 docs/reviews/web-apprail-order-recovery-native/native-419e56d-before1-h1-en-true-settings-appearance.png | OK last_commit=04ee6a2e3a23 unchanged_since=true | receipt before-419e56d.md:full, CURRENT-CONTROL-PLANE.md:not-listed
  4ab05fb85263e68ca052309c3b00faef0d7c1a8be7fa679b2270dc2960149cf1 docs/reviews/web-apprail-order-recovery-native/native-419e56d-before1-h1-en-true-tasks.png | OK last_commit=04ee6a2e3a23 unchanged_since=true | receipt before-419e56d.md:full, CURRENT-CONTROL-PLANE.md:not-listed
  4ab05fb85263e68ca052309c3b00faef0d7c1a8be7fa679b2270dc2960149cf1 docs/reviews/web-apprail-order-recovery-native/native-419e56d-before1-h1-zh-false-settings-appearance.png | OK last_commit=04ee6a2e3a23 unchanged_since=true | receipt before-419e56d.md:full, CURRENT-CONTROL-PLANE.md:not-listed
  4ab05fb85263e68ca052309c3b00faef0d7c1a8be7fa679b2270dc2960149cf1 docs/reviews/web-apprail-order-recovery-native/native-419e56d-before1-h1-zh-false-tasks.png | OK last_commit=04ee6a2e3a23 unchanged_since=true | receipt before-419e56d.md:full, CURRENT-CONTROL-PLANE.md:not-listed
  4ab05fb85263e68ca052309c3b00faef0d7c1a8be7fa679b2270dc2960149cf1 docs/reviews/web-apprail-order-recovery-native/native-419e56d-before1-h1-zh-number-0-settings-appearance.png | OK last_commit=04ee6a2e3a23 unchanged_since=true | receipt before-419e56d.md:full, CURRENT-CONTROL-PLANE.md:not-listed
  4ab05fb85263e68ca052309c3b00faef0d7c1a8be7fa679b2270dc2960149cf1 docs/reviews/web-apprail-order-recovery-native/native-419e56d-before1-h1-zh-number-0-tasks.png | OK last_commit=04ee6a2e3a23 unchanged_since=true | receipt before-419e56d.md:full, CURRENT-CONTROL-PLANE.md:not-listed
  4ab05fb85263e68ca052309c3b00faef0d7c1a8be7fa679b2270dc2960149cf1 docs/reviews/web-apprail-order-recovery-native/native-419e56d-before1-h1-zh-number-1-settings-appearance.png | OK last_commit=04ee6a2e3a23 unchanged_since=true | receipt before-419e56d.md:full, CURRENT-CONTROL-PLANE.md:not-listed
  4ab05fb85263e68ca052309c3b00faef0d7c1a8be7fa679b2270dc2960149cf1 docs/reviews/web-apprail-order-recovery-native/native-419e56d-before1-h1-zh-number-1-tasks.png | OK last_commit=04ee6a2e3a23 unchanged_since=true | receipt before-419e56d.md:full, CURRENT-CONTROL-PLANE.md:not-listed
  4ab05fb85263e68ca052309c3b00faef0d7c1a8be7fa679b2270dc2960149cf1 docs/reviews/web-apprail-order-recovery-native/native-419e56d-before1-h1-zh-number-minus-1-settings-appearance.png | OK last_commit=04ee6a2e3a23 unchanged_since=true | receipt before-419e56d.md:full, CURRENT-CONTROL-PLANE.md:not-listed
  4ab05fb85263e68ca052309c3b00faef0d7c1a8be7fa679b2270dc2960149cf1 docs/reviews/web-apprail-order-recovery-native/native-419e56d-before1-h1-zh-number-minus-1-tasks.png | OK last_commit=04ee6a2e3a23 unchanged_since=true | receipt before-419e56d.md:full, CURRENT-CONTROL-PLANE.md:not-listed
  4ab05fb85263e68ca052309c3b00faef0d7c1a8be7fa679b2270dc2960149cf1 docs/reviews/web-apprail-order-recovery-native/native-419e56d-before1-h1-zh-object-empty-settings-appearance.png | OK last_commit=04ee6a2e3a23 unchanged_since=true | receipt before-419e56d.md:full, CURRENT-CONTROL-PLANE.md:not-listed
  4ab05fb85263e68ca052309c3b00faef0d7c1a8be7fa679b2270dc2960149cf1 docs/reviews/web-apprail-order-recovery-native/native-419e56d-before1-h1-zh-object-empty-tasks.png | OK last_commit=04ee6a2e3a23 unchanged_since=true | receipt before-419e56d.md:full, CURRENT-CONTROL-PLANE.md:not-listed
  4ab05fb85263e68ca052309c3b00faef0d7c1a8be7fa679b2270dc2960149cf1 docs/reviews/web-apprail-order-recovery-native/native-419e56d-before1-h1-zh-object-tasks-settings-appearance.png | OK last_commit=04ee6a2e3a23 unchanged_since=true | receipt before-419e56d.md:full, CURRENT-CONTROL-PLANE.md:not-listed
  4ab05fb85263e68ca052309c3b00faef0d7c1a8be7fa679b2270dc2960149cf1 docs/reviews/web-apprail-order-recovery-native/native-419e56d-before1-h1-zh-object-tasks-tasks.png | OK last_commit=04ee6a2e3a23 unchanged_since=true | receipt before-419e56d.md:full, CURRENT-CONTROL-PLANE.md:not-listed
  4ab05fb85263e68ca052309c3b00faef0d7c1a8be7fa679b2270dc2960149cf1 docs/reviews/web-apprail-order-recovery-native/native-419e56d-before1-h1-zh-true-settings-appearance.png | OK last_commit=04ee6a2e3a23 unchanged_since=true | receipt before-419e56d.md:full, CURRENT-CONTROL-PLANE.md:not-listed
  4ab05fb85263e68ca052309c3b00faef0d7c1a8be7fa679b2270dc2960149cf1 docs/reviews/web-apprail-order-recovery-native/native-419e56d-before1-h1-zh-true-tasks.png | OK last_commit=04ee6a2e3a23 unchanged_since=true | receipt before-419e56d.md:full, CURRENT-CONTROL-PLANE.md:not-listed
  a222683d5b706d7129c70dabe3aa1b948d97bf5029fddd2d6c22493bbdd83d6f docs/reviews/web-apprail-order-recovery-native/native-419e56d-before1-h1.log | OK last_commit=04ee6a2e3a23 unchanged_since=true | receipt before-419e56d.md:full, CURRENT-CONTROL-PLANE.md:not-listed
  602bd0eb07c5724dbe6a035d38f4f394722f8b105feb2d55e27cbf7a3a1fb5be docs/reviews/web-apprail-order-recovery-native/native-419e56d-before1-h11-en-a-after-b-commits.png | OK last_commit=04ee6a2e3a23 unchanged_since=true | receipt before-419e56d.md:full, CURRENT-CONTROL-PLANE.md:not-listed
  b1c1dbe11dd10551be699bfd24de6a83c73d4b7cf00d9acc3849fea8dc7470c4 docs/reviews/web-apprail-order-recovery-native/native-419e56d-before1-h11-en-a-before.png | OK last_commit=04ee6a2e3a23 unchanged_since=true | receipt before-419e56d.md:full, CURRENT-CONTROL-PLANE.md:not-listed
  829b5524fac9fa87baf70ff30368e56663bdbd063530ec499624cb605139b408 docs/reviews/web-apprail-order-recovery-native/native-419e56d-before1-h11-zh-a-after-b-commits.png | OK last_commit=04ee6a2e3a23 unchanged_since=true | receipt before-419e56d.md:full, CURRENT-CONTROL-PLANE.md:not-listed
  5e48ea87d069b17f70194572880a1947f4de000a8ce2ec19038637f3d24a25e0 docs/reviews/web-apprail-order-recovery-native/native-419e56d-before1-h11-zh-a-before.png | OK last_commit=04ee6a2e3a23 unchanged_since=true | receipt before-419e56d.md:full, CURRENT-CONTROL-PLANE.md:not-listed
  fe9704687ad3807070b3c8e7193675656d2bad4e5f20626260c801a168442877 docs/reviews/web-apprail-order-recovery-native/native-419e56d-before1-h11.log | OK last_commit=04ee6a2e3a23 unchanged_since=true | receipt before-419e56d.md:full, CURRENT-CONTROL-PLANE.md:not-listed
  45c41a5cacce54ec67bf42337beaab3adc7bfeda30f7d81124a368881b173909 docs/reviews/web-apprail-order-recovery-native/native-419e56d-before1-h8-en-board-tasks-board.png | OK last_commit=04ee6a2e3a23 unchanged_since=true | receipt before-419e56d.md:full, CURRENT-CONTROL-PLANE.md:not-listed
  34108d8f06fc9627aa339ff826a201f039ae8f2cf02e803ce8149dcc13592734 docs/reviews/web-apprail-order-recovery-native/native-419e56d-before1-h8-en-tasks-twice.png | OK last_commit=04ee6a2e3a23 unchanged_since=true | receipt before-419e56d.md:full, CURRENT-CONTROL-PLANE.md:not-listed
  5d0d15ae4d2c1d2796413960bedfb38c374a9cf1d110b6e79666ae4c3bef8790 docs/reviews/web-apprail-order-recovery-native/native-419e56d-before1-h8-zh-board-tasks-board.png | OK last_commit=04ee6a2e3a23 unchanged_since=true | receipt before-419e56d.md:full, CURRENT-CONTROL-PLANE.md:not-listed
  6de4f6ca885f93f31880b9c26516249538d6f42f548f272b46adf5b7b3584331 docs/reviews/web-apprail-order-recovery-native/native-419e56d-before1-h8-zh-tasks-twice.png | OK last_commit=04ee6a2e3a23 unchanged_since=true | receipt before-419e56d.md:full, CURRENT-CONTROL-PLANE.md:not-listed
  0e8b611adbc02e0d335807af905c9f8985053d7b3cb6a90f54164c84677340c7 docs/reviews/web-apprail-order-recovery-native/native-419e56d-before1-h8.log | OK last_commit=04ee6a2e3a23 unchanged_since=true | receipt before-419e56d.md:full, CURRENT-CONTROL-PLANE.md:not-listed
  322cee3163f21c8ea4f62ca7ce99a93226e9650150d2ad20d42f4409b0b9c808 docs/reviews/web-apprail-order-recovery-native/native-419e56d-before1-h9-en-after-failed-drag.png | OK last_commit=04ee6a2e3a23 unchanged_since=true | receipt before-419e56d.md:full, CURRENT-CONTROL-PLANE.md:not-listed
  9fe77535888f36d88e52950cd46ae419e2cde59f9edcc748c468373fc6aabf2f docs/reviews/web-apprail-order-recovery-native/native-419e56d-before1-h9-en-after-sign-out.png | OK last_commit=04ee6a2e3a23 unchanged_since=true | receipt before-419e56d.md:full, CURRENT-CONTROL-PLANE.md:not-listed
  38c9cd5e05866f568dcb90e508f4d54604d19027843bb792dd246762f27e1250 docs/reviews/web-apprail-order-recovery-native/native-419e56d-before1-h9-zh-after-failed-drag.png | OK last_commit=04ee6a2e3a23 unchanged_since=true | receipt before-419e56d.md:full, CURRENT-CONTROL-PLANE.md:not-listed
  9fe77535888f36d88e52950cd46ae419e2cde59f9edcc748c468373fc6aabf2f docs/reviews/web-apprail-order-recovery-native/native-419e56d-before1-h9-zh-after-sign-out.png | OK last_commit=04ee6a2e3a23 unchanged_since=true | receipt before-419e56d.md:full, CURRENT-CONTROL-PLANE.md:not-listed
  02e671ff35f98780b28926b6228c8b45136f4abc5c263ab4c2bd22a0cdb577bb docs/reviews/web-apprail-order-recovery-native/native-419e56d-before1-h9.log | OK last_commit=04ee6a2e3a23 unchanged_since=true | receipt before-419e56d.md:full, CURRENT-CONTROL-PLANE.md:not-listed
  e9e110f81df851d395cd98e6fa4f3453cf52a53ace24d6822a8d5d4937fdb835 docs/reviews/web-apprail-order-recovery-native/native-419e56d-before1-r1-h5-en-1440-after-drop.png | OK last_commit=04ee6a2e3a23 unchanged_since=true | receipt before-419e56d.md:full, CURRENT-CONTROL-PLANE.md:not-listed
  cb7966b3d1a2389b4740f1d8b04f1488598864d146aafc63d1facfd620eb16ea docs/reviews/web-apprail-order-recovery-native/native-419e56d-before1-r1-h5-en-1440-after-re-enabling.png | OK last_commit=04ee6a2e3a23 unchanged_since=true | receipt before-419e56d.md:full, CURRENT-CONTROL-PLANE.md:not-listed
  5de703ff027325b2267871c6d5874ded46820a785f01875b0427ac8766fd76f2 docs/reviews/web-apprail-order-recovery-native/native-419e56d-before1-r1-h5-en-1440-boards-hidden.png | OK last_commit=04ee6a2e3a23 unchanged_since=true | receipt before-419e56d.md:full, CURRENT-CONTROL-PLANE.md:not-listed
  7984a7808b3ce58984b360fe8e5122eae16ae93e25d29aef8c79bebfdf8449ae docs/reviews/web-apprail-order-recovery-native/native-419e56d-before1-r1.log | OK last_commit=04ee6a2e3a23 unchanged_since=true | receipt before-419e56d.md:full, CURRENT-CONTROL-PLANE.md:not-listed
  fa70e2eb892bca9c2bd2f4c910c737e44963d52433f475253d6f966eb0608a7e docs/reviews/web-apprail-order-recovery-native/native-before-app.tsx | OK last_commit=04ee6a2e3a23 unchanged_since=true | receipt before-419e56d.md:full, CURRENT-CONTROL-PLANE.md:not-listed
  a4ba378110a4fcded7eccf0d88f8f41c281a42c10599b17f68832a3a3931f635 docs/reviews/web-apprail-order-recovery-native/native-before-prelude.js | OK last_commit=04ee6a2e3a23 unchanged_since=true | receipt before-419e56d.md:full, CURRENT-CONTROL-PLANE.md:not-listed
  ccabd5000d4b9e04cf775c4bb1bd79c0860d5def55f46799a651d69714f6a84e docs/reviews/web-apprail-order-recovery-native/verify-native-before.mjs | OK last_commit=04ee6a2e3a23 unchanged_since=true | receipt before-419e56d.md:full, CURRENT-CONTROL-PLANE.md:not-listed
  summary E4: files=61 receipt_full=60 receipt_prefix8=0 receipt_none_or_na=1
## E5 producing commit 04ee6a2e3a23aeb04798a065da575dcfea204539 (5 files) receipts docs/reviews/web-apprail-order-recovery-f1/before-419e56d.md, docs/reviews/20260908-full-product-audit/CURRENT-CONTROL-PLANE.md
  e010bb6a0d93183e4703a1297c055124672e0745c5177dc461eed1e67c9b90a5 docs/reviews/web-apprail-order-recovery-f1/before-419e56d.md | OK last_commit=04ee6a2e3a23 unchanged_since=true | receipt CURRENT-CONTROL-PLANE.md:not-listed
  3108774b08a066e8aa1584e576d97e154c892a92513006f6cc8c1b5902f064cd docs/reviews/web-apprail-order-recovery-f1/f1-419e56d-railorder-before1.log | OK last_commit=04ee6a2e3a23 unchanged_since=true | receipt before-419e56d.md:full, CURRENT-CONTROL-PLANE.md:not-listed
  2c31dacd95eec4ff9e94b0a9bb27ee69faae66bc2b203c666c54ff8d8a7db33a docs/reviews/web-apprail-order-recovery-f1/f1-419e56d-selfcheck-before1.log | OK last_commit=04ee6a2e3a23 unchanged_since=true | receipt before-419e56d.md:full, CURRENT-CONTROL-PLANE.md:not-listed
  fb6a8eb2e494cdc52d8354f3f321f04f113c4841506a8a5af45d27996dbafb7b docs/reviews/web-apprail-order-recovery-f1/f1-railorder-host.tsx | OK last_commit=04ee6a2e3a23 unchanged_since=true | receipt before-419e56d.md:full, CURRENT-CONTROL-PLANE.md:not-listed
  6385b6488c668c72d7743a692d91a991cdc276ebd0608a08d57524599a257789 docs/reviews/web-apprail-order-recovery-f1/verify-f1-railorder.mjs | OK last_commit=04ee6a2e3a23 unchanged_since=true | receipt before-419e56d.md:full, CURRENT-CONTROL-PLANE.md:not-listed
  summary E5: files=5 receipt_full=4 receipt_prefix8=0 receipt_none_or_na=1
## E6 run record producing commit 0d440ca39c4c01ab4f5ee3b300c95c6f45268b9b (7 files) receipts docs/reviews/web-apprail-order-recovery-terra/implementation.md, docs/reviews/20260908-full-product-audit/CURRENT-CONTROL-PLANE.md
  fe7bc377e09e9088163411a29fe3f2b81771bc07a5c00ac718f5880865d09086 docs/reviews/web-apprail-order-recovery-terra/implementation.md | OK last_commit=0d440ca39c4c unchanged_since=true | receipt CURRENT-CONTROL-PLANE.md:not-listed
  294f581c9a803f00bee4918f57c7d7f0fa16d762ae70932f8997059cc5997244 docs/reviews/web-apprail-order-recovery-terra/shell-check-types-f9eb4b1.log | OK last_commit=0d440ca39c4c unchanged_since=true | receipt implementation.md:full, CURRENT-CONTROL-PLANE.md:not-listed
  96d9ac7247d2d0b39ed10772d5c7a86c1e0ded1bc50a8a4a023b4c112ad8f75e docs/reviews/web-apprail-order-recovery-terra/shell-lint-f9eb4b1.log | OK last_commit=0d440ca39c4c unchanged_since=true | receipt implementation.md:full, CURRENT-CONTROL-PLANE.md:not-listed
  72876c4e194de93f91e11d0197d7ea6ff1b270c862b8ab044c4c580d39ab92fa docs/reviews/web-apprail-order-recovery-terra/shell-test-f9eb4b1.log | OK last_commit=0d440ca39c4c unchanged_since=true | receipt implementation.md:full, CURRENT-CONTROL-PLANE.md:not-listed
  354c6edfe3dc171241299decc2e5a6f08feb0c02a6e607a20e712abbe3144a24 docs/reviews/web-apprail-order-recovery-terra/web-check-types-f9eb4b1.log | OK last_commit=0d440ca39c4c unchanged_since=true | receipt implementation.md:full, CURRENT-CONTROL-PLANE.md:not-listed
  cf9b5165dc5cdd180cc355343b1f94d7597525b48ae66879b2aef4bc072a815c docs/reviews/web-apprail-order-recovery-terra/web-lint-f9eb4b1.log | OK last_commit=0d440ca39c4c unchanged_since=true | receipt implementation.md:full, CURRENT-CONTROL-PLANE.md:not-listed
  98f9673a134bc49f20b6f4bd3c849d32f065daf9e509683d86a1656c0855bbd3 docs/reviews/web-apprail-order-recovery-terra/web-test-f9eb4b1.log | OK last_commit=0d440ca39c4c unchanged_since=true | receipt implementation.md:full, CURRENT-CONTROL-PLANE.md:not-listed
  summary E6 run record: files=7 receipt_full=6 receipt_prefix8=0 receipt_none_or_na=1
## E6 product (§11 files at f9eb4b1, commit f9eb4b1) at revision f9eb4b1 (19 files) receipts docs/reviews/web-apprail-order-recovery-final/protected-diff-apprail-final-v1-f9eb4b1.log
  b96d858d2501571631194cf7a3e444b000a584cdad5e31f2d3ff8c9483d57cef packages/xai-web-shell/docs/api.md | at f9eb4b1 | receipt protected-diff-apprail-final-v1-f9eb4b1.log:full
  c730b245e44f9c4df11357c44fbc12d6e419dbdaec8ede0320bd7e49c6ca02e0 packages/xai-web-shell/docs/test.md | at f9eb4b1 | receipt protected-diff-apprail-final-v1-f9eb4b1.log:full
  fe789078fecc60936d3e6c5fc2b203001a15490aecf30f3a0ca301da1399fb44 packages/xai-web-shell/src/AppRail.tsx | at f9eb4b1 | receipt protected-diff-apprail-final-v1-f9eb4b1.log:full
  38e25c6b20f6413c9362f53e9be7e2aa121001170898a6097e29fccabf22e432 packages/xai-web-shell/src/Shell.tsx | at f9eb4b1 | receipt protected-diff-apprail-final-v1-f9eb4b1.log:full
  aa5ac56e7b6a7652df70e82ed4d83dc81b44558181bfb48a30eb40b157d43c0e packages/xai-web-shell/src/Topbar.tsx | at f9eb4b1 | receipt protected-diff-apprail-final-v1-f9eb4b1.log:full
  d0c85cc3742c417b2bbc1299a3943bc5b07fb5abdc186b98a39563498f189472 packages/xai-web-shell/src/__tests__/AppRail.railorder.test.tsx | at f9eb4b1 | receipt protected-diff-apprail-final-v1-f9eb4b1.log:full
  1f3298b4215aa70576fb563731cc4fc7390d0951fb43f6873991c957d830713b packages/xai-web-shell/src/__tests__/RailOrderStatus.test.tsx | at f9eb4b1 | receipt protected-diff-apprail-final-v1-f9eb4b1.log:full
  cd96f9bccf31b489d442de84d7c02ca855f712edf411da55d9e52ac30f47accd packages/xai-web-shell/src/__tests__/Topbar.test.tsx | at f9eb4b1 | receipt protected-diff-apprail-final-v1-f9eb4b1.log:full
  5daa526e5deb34e19d232185092f9a637a7ba6ff5d3f56db20e6da9ab7c90f67 packages/xai-web-shell/src/__tests__/railOrderFixture.tsx | at f9eb4b1 | receipt protected-diff-apprail-final-v1-f9eb4b1.log:full
  c04db55a1a1908473160885f25a8c6f74735ad7460a4cfb63b7cc91ca66ce44d packages/xai-web-shell/src/__tests__/railOrderModel.test.ts | at f9eb4b1 | receipt protected-diff-apprail-final-v1-f9eb4b1.log:full
  396a894d09b5b2b95f2ed063b615b41f371044f356d4d2ef9f224189e09b66ab packages/xai-web-shell/src/index.ts | at f9eb4b1 | receipt protected-diff-apprail-final-v1-f9eb4b1.log:full
  48b611ff1e2efbc96a888fd87f048925472702db898530cbf21f5df560ecff95 packages/xai-web-shell/src/internal/RailOrderStatus.tsx | at f9eb4b1 | receipt protected-diff-apprail-final-v1-f9eb4b1.log:full
  d7f2f0b699e087c34d453309d9fe4c0eb6ba38ef52e6dfc70fe49d2f75c4e2a6 packages/xai-web-shell/src/internal/railOrderController.tsx | at f9eb4b1 | receipt protected-diff-apprail-final-v1-f9eb4b1.log:full
  268fb934f921843efd1c3e41cd9a81614ce26b3a94026e5884e10d633a05d7ba packages/xai-web-shell/src/internal/railOrderCopy.ts | at f9eb4b1 | receipt protected-diff-apprail-final-v1-f9eb4b1.log:full
  0a4520e5923c02a5ffa101d09c5f39f592a569a1192132c302a999ead6d8beb2 packages/xai-web-shell/src/internal/railOrderModel.ts | at f9eb4b1 | receipt protected-diff-apprail-final-v1-f9eb4b1.log:full
  338f0eae7338458da54b996880cfa93034940e0f19220a1669c1570a8fd4b6e5 packages/xai-web-shell/src/railOrderStatus.css | at f9eb4b1 | receipt protected-diff-apprail-final-v1-f9eb4b1.log:full
  d18f637e9bec8c05f305fb29467acfd3fdcf2649e83ad2b28b877389752139c0 packages/xai-web-shell/src/types.ts | at f9eb4b1 | receipt protected-diff-apprail-final-v1-f9eb4b1.log:full
  f644e78ec482c0b9b66f9702407eb34e1dcd110e837293e4a736964bfe7ac408 apps/web/src/App.tsx | at f9eb4b1 | receipt protected-diff-apprail-final-v1-f9eb4b1.log:full
  5c58233e44e96ea8a5864ecacf11a9e15756704de696e79eaf17850165f817ee apps/web/src/__tests__/App.railorder.test.tsx | at f9eb4b1 | receipt protected-diff-apprail-final-v1-f9eb4b1.log:full
  summary E6 product (§11 files at f9eb4b1, commit f9eb4b1): files=19 receipt_full=19 receipt_prefix8=0 receipt_none_or_na=0
## E7 producing commit 94b12ba21c3c7b0734ff1aa30f6537c94239c9d9 (9 files) receipts docs/reviews/web-apprail-order-recovery-sol/fixed-f9eb4b1.md, docs/reviews/20260908-full-product-audit/CURRENT-CONTROL-PLANE.md
  68faf686902a88131d48adee20efe26b873a1c12fe670f6b2cbdc70eaf18a442 docs/reviews/web-apprail-order-recovery-sol/bytes-apprail-fixed1-f9eb4b1.log | OK last_commit=94b12ba21c3c unchanged_since=true | receipt fixed-f9eb4b1.md:full, CURRENT-CONTROL-PLANE.md:not-listed
  690eaede241f0b051ba1b8d07dbcd92f5d3a86dcd25f05a7e3d128c516635cc1 docs/reviews/web-apprail-order-recovery-sol/continuity-export-apprail-fixed1-f9eb4b1.log | OK last_commit=94b12ba21c3c unchanged_since=true | receipt fixed-f9eb4b1.md:full, CURRENT-CONTROL-PLANE.md:not-listed
  86269b460d86f510291a07d25868c44ba3e56f47ffc0c73097f3664ec06c2f97 docs/reviews/web-apprail-order-recovery-sol/domain-apprail-fixed1-f9eb4b1.log | OK last_commit=94b12ba21c3c unchanged_since=true | receipt fixed-f9eb4b1.md:full, CURRENT-CONTROL-PLANE.md:not-listed
  d33ad45d331975b64a5f4812a2ff3b3dae8d3af7b76e113b946707ed148ff8f2 docs/reviews/web-apprail-order-recovery-sol/drag-apprail-fixed1-f9eb4b1.log | OK last_commit=94b12ba21c3c unchanged_since=true | receipt fixed-f9eb4b1.md:full, CURRENT-CONTROL-PLANE.md:not-listed
  8fdcdf344b3c822b34f991c9907a0596aa712d19623ba2df9add8619939bff62 docs/reviews/web-apprail-order-recovery-sol/field-apprail-fixed1-f9eb4b1.log | OK last_commit=94b12ba21c3c unchanged_since=true | receipt fixed-f9eb4b1.md:full, CURRENT-CONTROL-PLANE.md:not-listed
  e49a8fd8b2d1c8c07fd2c0654a2b18e0f8e30e29100ff200da6c330b0384f990 docs/reviews/web-apprail-order-recovery-sol/fixed-f9eb4b1.md | OK last_commit=94b12ba21c3c unchanged_since=true | receipt CURRENT-CONTROL-PLANE.md:not-listed
  da51f57ae82fef2ef427fb0e3ce41a70152da51118ce450c2422978006d2b693 docs/reviews/web-apprail-order-recovery-sol/host-apprail-fixed1-f9eb4b1.log | OK last_commit=94b12ba21c3c unchanged_since=true | receipt fixed-f9eb4b1.md:full, CURRENT-CONTROL-PLANE.md:not-listed
  b04a3f7de339b5dfc952b881ebf2d2d5f3ac1b1c84d22f3acd8413c276ad4c94 docs/reviews/web-apprail-order-recovery-sol/merge-apprail-fixed1-f9eb4b1.log | OK last_commit=94b12ba21c3c unchanged_since=true | receipt fixed-f9eb4b1.md:full, CURRENT-CONTROL-PLANE.md:not-listed
  b39ba06662467f6fda79fb362f2f2ad2339bbc539086ea91babf0d3c493cfcaf docs/reviews/web-apprail-order-recovery-sol/original-apprail-fixed1-f9eb4b1.log | OK last_commit=94b12ba21c3c unchanged_since=true | receipt fixed-f9eb4b1.md:full, CURRENT-CONTROL-PLANE.md:not-listed
  summary E7: files=9 receipt_full=8 receipt_prefix8=0 receipt_none_or_na=1
## E8 producing commit 94b12ba21c3c7b0734ff1aa30f6537c94239c9d9 (1 files) receipts docs/reviews/web-apprail-order-recovery-sol/fixed-f9eb4b1.md
  ba3c1bd4da61e26e14b7baa7ed8cf0717b29a79df610884c9f60a5b7199d86e5 docs/reviews/web-apprail-order-recovery-independent/host-apprail-fixed1-f9eb4b1.log | OK last_commit=94b12ba21c3c unchanged_since=true | receipt fixed-f9eb4b1.md:full
  summary E8: files=1 receipt_full=1 receipt_prefix8=0 receipt_none_or_na=0
## E9 producing commit ae7b69ebaf19d2992aff3c8c3c7b7fb163c4e2cf (37 files) receipts docs/reviews/web-apprail-order-recovery-native/review-controls-protection-export-f9eb4b1.md, docs/reviews/20260908-full-product-audit/CURRENT-CONTROL-PLANE.md
  7739c30c839bd8614c85179d8f33a56d7d19626e605e9f60ea71a37bf8ac324f docs/reviews/web-apprail-order-recovery-native/native-f9eb4b1-fixed1-controls-b1-after-drop.png | OK last_commit=ae7b69ebaf19 unchanged_since=true | receipt review-controls-protection-export-f9eb4b1.md:full, CURRENT-CONTROL-PLANE.md:not-listed
  9a3617f499e0da588e61ab60ec837a9def0362fe90e980d6745486bd8b9a4166 docs/reviews/web-apprail-order-recovery-native/native-f9eb4b1-fixed1-controls-c-en-1440-after-drop.png | OK last_commit=ae7b69ebaf19 unchanged_since=true | receipt review-controls-protection-export-f9eb4b1.md:full, CURRENT-CONTROL-PLANE.md:not-listed
  a7cc00729ec373d9de8f8699f7412a93dd24bd76be177f82f7ac5af5d5405726 docs/reviews/web-apprail-order-recovery-native/native-f9eb4b1-fixed1-controls-c-en-1440-after-re-enabling.png | OK last_commit=ae7b69ebaf19 unchanged_since=true | receipt review-controls-protection-export-f9eb4b1.md:full, CURRENT-CONTROL-PLANE.md:not-listed
  921ca93183926901e4682463ec7a199b6ed993d2129ede70b2a00514b199a898 docs/reviews/web-apprail-order-recovery-native/native-f9eb4b1-fixed1-controls-c-en-1440-boards-hidden.png | OK last_commit=ae7b69ebaf19 unchanged_since=true | receipt review-controls-protection-export-f9eb4b1.md:full, CURRENT-CONTROL-PLANE.md:not-listed
  7739c30c839bd8614c85179d8f33a56d7d19626e605e9f60ea71a37bf8ac324f docs/reviews/web-apprail-order-recovery-native/native-f9eb4b1-fixed1-controls-e-held.png | OK last_commit=ae7b69ebaf19 unchanged_since=true | receipt review-controls-protection-export-f9eb4b1.md:full, CURRENT-CONTROL-PLANE.md:not-listed
  84d9428958c46f2885d6ce3cbf3eec2926544393789a3bd769bf3ed66fa3f69a docs/reviews/web-apprail-order-recovery-native/native-f9eb4b1-fixed1-controls-o-en-array-1-tasks-panel.png | OK last_commit=ae7b69ebaf19 unchanged_since=true | receipt review-controls-protection-export-f9eb4b1.md:full, CURRENT-CONTROL-PLANE.md:not-listed
  d5efb1483190ae541d90d369613910b9228770aad923492cd6c8b863f528af12 docs/reviews/web-apprail-order-recovery-native/native-f9eb4b1-fixed1-controls-o-en-array-nested-tasks-panel.png | OK last_commit=ae7b69ebaf19 unchanged_since=true | receipt review-controls-protection-export-f9eb4b1.md:full, CURRENT-CONTROL-PLANE.md:not-listed
  d5efb1483190ae541d90d369613910b9228770aad923492cd6c8b863f528af12 docs/reviews/web-apprail-order-recovery-native/native-f9eb4b1-fixed1-controls-o-en-array-null-tasks-panel.png | OK last_commit=ae7b69ebaf19 unchanged_since=true | receipt review-controls-protection-export-f9eb4b1.md:full, CURRENT-CONTROL-PLANE.md:not-listed
  84d9428958c46f2885d6ce3cbf3eec2926544393789a3bd769bf3ed66fa3f69a docs/reviews/web-apprail-order-recovery-native/native-f9eb4b1-fixed1-controls-o-en-array-tasks-2-tasks-panel.png | OK last_commit=ae7b69ebaf19 unchanged_since=true | receipt review-controls-protection-export-f9eb4b1.md:full, CURRENT-CONTROL-PLANE.md:not-listed
  84d9428958c46f2885d6ce3cbf3eec2926544393789a3bd769bf3ed66fa3f69a docs/reviews/web-apprail-order-recovery-native/native-f9eb4b1-fixed1-controls-o-en-empty-string-tasks-panel.png | OK last_commit=ae7b69ebaf19 unchanged_since=true | receipt review-controls-protection-export-f9eb4b1.md:full, CURRENT-CONTROL-PLANE.md:not-listed
  84d9428958c46f2885d6ce3cbf3eec2926544393789a3bd769bf3ed66fa3f69a docs/reviews/web-apprail-order-recovery-native/native-f9eb4b1-fixed1-controls-o-en-false-tasks-panel.png | OK last_commit=ae7b69ebaf19 unchanged_since=true | receipt review-controls-protection-export-f9eb4b1.md:full, CURRENT-CONTROL-PLANE.md:not-listed
  84d9428958c46f2885d6ce3cbf3eec2926544393789a3bd769bf3ed66fa3f69a docs/reviews/web-apprail-order-recovery-native/native-f9eb4b1-fixed1-controls-o-en-null-literal-tasks-panel.png | OK last_commit=ae7b69ebaf19 unchanged_since=true | receipt review-controls-protection-export-f9eb4b1.md:full, CURRENT-CONTROL-PLANE.md:not-listed
  d5efb1483190ae541d90d369613910b9228770aad923492cd6c8b863f528af12 docs/reviews/web-apprail-order-recovery-native/native-f9eb4b1-fixed1-controls-o-en-number-0-tasks-panel.png | OK last_commit=ae7b69ebaf19 unchanged_since=true | receipt review-controls-protection-export-f9eb4b1.md:full, CURRENT-CONTROL-PLANE.md:not-listed
  84d9428958c46f2885d6ce3cbf3eec2926544393789a3bd769bf3ed66fa3f69a docs/reviews/web-apprail-order-recovery-native/native-f9eb4b1-fixed1-controls-o-en-number-1-tasks-panel.png | OK last_commit=ae7b69ebaf19 unchanged_since=true | receipt review-controls-protection-export-f9eb4b1.md:full, CURRENT-CONTROL-PLANE.md:not-listed
  84d9428958c46f2885d6ce3cbf3eec2926544393789a3bd769bf3ed66fa3f69a docs/reviews/web-apprail-order-recovery-native/native-f9eb4b1-fixed1-controls-o-en-number-minus-1-tasks-panel.png | OK last_commit=ae7b69ebaf19 unchanged_since=true | receipt review-controls-protection-export-f9eb4b1.md:full, CURRENT-CONTROL-PLANE.md:not-listed
  84d9428958c46f2885d6ce3cbf3eec2926544393789a3bd769bf3ed66fa3f69a docs/reviews/web-apprail-order-recovery-native/native-f9eb4b1-fixed1-controls-o-en-object-empty-tasks-panel.png | OK last_commit=ae7b69ebaf19 unchanged_since=true | receipt review-controls-protection-export-f9eb4b1.md:full, CURRENT-CONTROL-PLANE.md:not-listed
  84d9428958c46f2885d6ce3cbf3eec2926544393789a3bd769bf3ed66fa3f69a docs/reviews/web-apprail-order-recovery-native/native-f9eb4b1-fixed1-controls-o-en-object-tasks-tasks-panel.png | OK last_commit=ae7b69ebaf19 unchanged_since=true | receipt review-controls-protection-export-f9eb4b1.md:full, CURRENT-CONTROL-PLANE.md:not-listed
  d5efb1483190ae541d90d369613910b9228770aad923492cd6c8b863f528af12 docs/reviews/web-apprail-order-recovery-native/native-f9eb4b1-fixed1-controls-o-en-repeated-board-tasks-panel.png | OK last_commit=ae7b69ebaf19 unchanged_since=true | receipt review-controls-protection-export-f9eb4b1.md:full, CURRENT-CONTROL-PLANE.md:not-listed
  84d9428958c46f2885d6ce3cbf3eec2926544393789a3bd769bf3ed66fa3f69a docs/reviews/web-apprail-order-recovery-native/native-f9eb4b1-fixed1-controls-o-en-repeated-tasks-tasks-panel.png | OK last_commit=ae7b69ebaf19 unchanged_since=true | receipt review-controls-protection-export-f9eb4b1.md:full, CURRENT-CONTROL-PLANE.md:not-listed
  d5efb1483190ae541d90d369613910b9228770aad923492cd6c8b863f528af12 docs/reviews/web-apprail-order-recovery-native/native-f9eb4b1-fixed1-controls-o-en-string-tasks-tasks-panel.png | OK last_commit=ae7b69ebaf19 unchanged_since=true | receipt review-controls-protection-export-f9eb4b1.md:full, CURRENT-CONTROL-PLANE.md:not-listed
  84d9428958c46f2885d6ce3cbf3eec2926544393789a3bd769bf3ed66fa3f69a docs/reviews/web-apprail-order-recovery-native/native-f9eb4b1-fixed1-controls-o-en-true-tasks-panel.png | OK last_commit=ae7b69ebaf19 unchanged_since=true | receipt review-controls-protection-export-f9eb4b1.md:full, CURRENT-CONTROL-PLANE.md:not-listed
  84d9428958c46f2885d6ce3cbf3eec2926544393789a3bd769bf3ed66fa3f69a docs/reviews/web-apprail-order-recovery-native/native-f9eb4b1-fixed1-controls-o-en-unparsable-tasks-panel.png | OK last_commit=ae7b69ebaf19 unchanged_since=true | receipt review-controls-protection-export-f9eb4b1.md:full, CURRENT-CONTROL-PLANE.md:not-listed
  84d9428958c46f2885d6ce3cbf3eec2926544393789a3bd769bf3ed66fa3f69a docs/reviews/web-apprail-order-recovery-native/native-f9eb4b1-fixed1-controls-o-en-unreadable-tasks-panel.png | OK last_commit=ae7b69ebaf19 unchanged_since=true | receipt review-controls-protection-export-f9eb4b1.md:full, CURRENT-CONTROL-PLANE.md:not-listed
  d2dc170cf3766c2b87eb4e6f120a255853b8915b6a16991b016c264d3495a6d5 docs/reviews/web-apprail-order-recovery-native/native-f9eb4b1-fixed1-controls-o-zh-array-1-tasks-panel.png | OK last_commit=ae7b69ebaf19 unchanged_since=true | receipt review-controls-protection-export-f9eb4b1.md:full, CURRENT-CONTROL-PLANE.md:not-listed
  d2dc170cf3766c2b87eb4e6f120a255853b8915b6a16991b016c264d3495a6d5 docs/reviews/web-apprail-order-recovery-native/native-f9eb4b1-fixed1-controls-o-zh-object-empty-tasks-panel.png | OK last_commit=ae7b69ebaf19 unchanged_since=true | receipt review-controls-protection-export-f9eb4b1.md:full, CURRENT-CONTROL-PLANE.md:not-listed
  d2dc170cf3766c2b87eb4e6f120a255853b8915b6a16991b016c264d3495a6d5 docs/reviews/web-apprail-order-recovery-native/native-f9eb4b1-fixed1-controls-o-zh-repeated-tasks-tasks-panel.png | OK last_commit=ae7b69ebaf19 unchanged_since=true | receipt review-controls-protection-export-f9eb4b1.md:full, CURRENT-CONTROL-PLANE.md:not-listed
  ef0efb8f1d3bb11a55e6ea7d5d5212532cb9c98b51bbfd67959be1ae3c90c980 docs/reviews/web-apprail-order-recovery-native/native-f9eb4b1-fixed1-controls-o-zh-string-tasks-tasks-panel.png | OK last_commit=ae7b69ebaf19 unchanged_since=true | receipt review-controls-protection-export-f9eb4b1.md:full, CURRENT-CONTROL-PLANE.md:not-listed
  d2dc170cf3766c2b87eb4e6f120a255853b8915b6a16991b016c264d3495a6d5 docs/reviews/web-apprail-order-recovery-native/native-f9eb4b1-fixed1-controls-o-zh-unparsable-tasks-panel.png | OK last_commit=ae7b69ebaf19 unchanged_since=true | receipt review-controls-protection-export-f9eb4b1.md:full, CURRENT-CONTROL-PLANE.md:not-listed
  ef0efb8f1d3bb11a55e6ea7d5d5212532cb9c98b51bbfd67959be1ae3c90c980 docs/reviews/web-apprail-order-recovery-native/native-f9eb4b1-fixed1-controls-o-zh-unreadable-tasks-panel.png | OK last_commit=ae7b69ebaf19 unchanged_since=true | receipt review-controls-protection-export-f9eb4b1.md:full, CURRENT-CONTROL-PLANE.md:not-listed
  b209751a3afda7918239dc2a298149c11fb85d72675553b7c991f0c7b6455729 docs/reviews/web-apprail-order-recovery-native/native-f9eb4b1-fixed1-controls-r-cancel-after.png | OK last_commit=ae7b69ebaf19 unchanged_since=true | receipt review-controls-protection-export-f9eb4b1.md:full, CURRENT-CONTROL-PLANE.md:not-listed
  c11f60469fb254f20ae28164769f3df29801c7f10f197b0d6279fbc206a6d48a docs/reviews/web-apprail-order-recovery-native/native-f9eb4b1-fixed1-controls-r-drop-input-after.png | OK last_commit=ae7b69ebaf19 unchanged_since=true | receipt review-controls-protection-export-f9eb4b1.md:full, CURRENT-CONTROL-PLANE.md:not-listed
  b209751a3afda7918239dc2a298149c11fb85d72675553b7c991f0c7b6455729 docs/reviews/web-apprail-order-recovery-native/native-f9eb4b1-fixed1-controls-r-drop-outside-after.png | OK last_commit=ae7b69ebaf19 unchanged_since=true | receipt review-controls-protection-export-f9eb4b1.md:full, CURRENT-CONTROL-PLANE.md:not-listed
  c416cf3f1d9daa26238bb6fa43486b34cd0319cb0e827c0d8b0ca66f0ad281bf docs/reviews/web-apprail-order-recovery-native/native-f9eb4b1-fixed1-controls.log | OK last_commit=ae7b69ebaf19 unchanged_since=true | receipt review-controls-protection-export-f9eb4b1.md:full, CURRENT-CONTROL-PLANE.md:not-listed
  a86425af2715a3cb81100a87c413c76d75378f9e500ea575eb23b5d299e77d2d docs/reviews/web-apprail-order-recovery-native/native-fixed-app.tsx | OK last_commit=ae7b69ebaf19 unchanged_since=true | receipt review-controls-protection-export-f9eb4b1.md:full, CURRENT-CONTROL-PLANE.md:not-listed
  4d731278ce6b88a9fa9304926177b248e307341bae180cbe59749bbac2eeb239 docs/reviews/web-apprail-order-recovery-native/native-fixed-prelude.js | OK last_commit=ae7b69ebaf19 unchanged_since=true | receipt review-controls-protection-export-f9eb4b1.md:full, CURRENT-CONTROL-PLANE.md:not-listed
  8667cacf3c7325f37f82ab91b0e4bc4a42189a6037d22c65dd2ae02bcc848ddf docs/reviews/web-apprail-order-recovery-native/review-controls-protection-export-f9eb4b1.md | OK last_commit=ae7b69ebaf19 unchanged_since=true | receipt CURRENT-CONTROL-PLANE.md:not-listed
  f062e723b862b332f32f39bf02bf6951b4918a8af5bda8e42f4b69a03aa0f6d7 docs/reviews/web-apprail-order-recovery-native/verify-native-fixed.mjs | OK last_commit=ae7b69ebaf19 unchanged_since=true | receipt review-controls-protection-export-f9eb4b1.md:full, CURRENT-CONTROL-PLANE.md:not-listed
  summary E9: files=37 receipt_full=36 receipt_prefix8=0 receipt_none_or_na=1
## E10 producing commit ae7b69ebaf19d2992aff3c8c3c7b7fb163c4e2cf (10 files) receipts docs/reviews/web-apprail-order-recovery-native/review-controls-protection-export-f9eb4b1.md
  c0dcb6ca2939a9dc541ff62f196c784cae2508b4fadbb470b9339f93ed41571b docs/reviews/web-apprail-order-recovery-native/native-f9eb4b1-fixed1-protection-d-en-failed-status.png | OK last_commit=ae7b69ebaf19 unchanged_since=true | receipt review-controls-protection-export-f9eb4b1.md:full
  8096b2d548e6d43072eca1e44561f9c792654723abe7d6bcf7824481ae13f73d docs/reviews/web-apprail-order-recovery-native/native-f9eb4b1-fixed1-protection-d-en-panel-open.png | OK last_commit=ae7b69ebaf19 unchanged_since=true | receipt review-controls-protection-export-f9eb4b1.md:full
  d4d7f01fbd9213493310db2b692fe26a2b9561e313d6cc613071ae830579938f docs/reviews/web-apprail-order-recovery-native/native-f9eb4b1-fixed1-protection-d-en-rail-order-draft.json | OK last_commit=ae7b69ebaf19 unchanged_since=true | receipt review-controls-protection-export-f9eb4b1.md:full
  5cb8e34f270db644ea2b95ce2c1c4f609bfa18f18093827183351d0ff8417a89 docs/reviews/web-apprail-order-recovery-native/native-f9eb4b1-fixed1-protection-d-zh-failed-status.png | OK last_commit=ae7b69ebaf19 unchanged_since=true | receipt review-controls-protection-export-f9eb4b1.md:full
  8ec29c88ce83e843a2fbe8f8442a8fbf92db598eef8fcf71519b1abee7988a98 docs/reviews/web-apprail-order-recovery-native/native-f9eb4b1-fixed1-protection-d-zh-panel-open.png | OK last_commit=ae7b69ebaf19 unchanged_since=true | receipt review-controls-protection-export-f9eb4b1.md:full
  d4d7f01fbd9213493310db2b692fe26a2b9561e313d6cc613071ae830579938f docs/reviews/web-apprail-order-recovery-native/native-f9eb4b1-fixed1-protection-d-zh-rail-order-draft.json | OK last_commit=ae7b69ebaf19 unchanged_since=true | receipt review-controls-protection-export-f9eb4b1.md:full
  5a85067b2517fb9554076ef8eac20b4bedfd423791cb12a426109d7a677a7702 docs/reviews/web-apprail-order-recovery-native/native-f9eb4b1-fixed1-protection-j-coordinator-en-both-statuses.png | OK last_commit=ae7b69ebaf19 unchanged_since=true | receipt review-controls-protection-export-f9eb4b1.md:full
  5a85067b2517fb9554076ef8eac20b4bedfd423791cb12a426109d7a677a7702 docs/reviews/web-apprail-order-recovery-native/native-f9eb4b1-fixed1-protection-j-legacy-en-both-statuses.png | OK last_commit=ae7b69ebaf19 unchanged_since=true | receipt review-controls-protection-export-f9eb4b1.md:full
  cae4ac7046ebb09dc0e3ba5d013f2f8d728362f6c2957e2f81f5b7a7653745fc docs/reviews/web-apprail-order-recovery-native/native-f9eb4b1-fixed1-protection-j-legacy-zh-both-statuses.png | OK last_commit=ae7b69ebaf19 unchanged_since=true | receipt review-controls-protection-export-f9eb4b1.md:full
  6dc38387527ebb2b6f5da71c189cd6142b0c3a1fcd12ef0b4846607cc93288d2 docs/reviews/web-apprail-order-recovery-native/native-f9eb4b1-fixed1-protection.log | OK last_commit=ae7b69ebaf19 unchanged_since=true | receipt review-controls-protection-export-f9eb4b1.md:full
  summary E10: files=10 receipt_full=10 receipt_prefix8=0 receipt_none_or_na=0
## E11 producing commit ae7b69ebaf19d2992aff3c8c3c7b7fb163c4e2cf (10 files) receipts docs/reviews/web-apprail-order-recovery-native/review-controls-protection-export-f9eb4b1.md
  d4d7f01fbd9213493310db2b692fe26a2b9561e313d6cc613071ae830579938f docs/reviews/web-apprail-order-recovery-native/native-f9eb4b1-fixed1-export-x1-rail-order-draft.json | OK last_commit=ae7b69ebaf19 unchanged_since=true | receipt review-controls-protection-export-f9eb4b1.md:full
  24f8163eef0d174a47a5e1b0d2a6ce6db461725cd762e5a76cbc1f52b25539a3 docs/reviews/web-apprail-order-recovery-native/native-f9eb4b1-fixed1-export-x2-rail-order-draft.json | OK last_commit=ae7b69ebaf19 unchanged_since=true | receipt review-controls-protection-export-f9eb4b1.md:full
  f675890e9f391ade3556cbea8c9ca3fdf9068e57f2e59e81257ef8c7767ccfd3 docs/reviews/web-apprail-order-recovery-native/native-f9eb4b1-fixed1-export-x3-rail-order-draft.json | OK last_commit=ae7b69ebaf19 unchanged_since=true | receipt review-controls-protection-export-f9eb4b1.md:full
  d109b9bc357b9755fda7e2dfea2f9fc7b2e4a51707a11527d1c0231ca2a2552e docs/reviews/web-apprail-order-recovery-native/native-f9eb4b1-fixed1-export-x4-panel.png | OK last_commit=ae7b69ebaf19 unchanged_since=true | receipt review-controls-protection-export-f9eb4b1.md:full
  d4d7f01fbd9213493310db2b692fe26a2b9561e313d6cc613071ae830579938f docs/reviews/web-apprail-order-recovery-native/native-f9eb4b1-fixed1-export-x4-rail-order-draft.json | OK last_commit=ae7b69ebaf19 unchanged_since=true | receipt review-controls-protection-export-f9eb4b1.md:full
  d4d7f01fbd9213493310db2b692fe26a2b9561e313d6cc613071ae830579938f docs/reviews/web-apprail-order-recovery-native/native-f9eb4b1-fixed1-export-x5-rail-order-draft.json | OK last_commit=ae7b69ebaf19 unchanged_since=true | receipt review-controls-protection-export-f9eb4b1.md:full
  7259a9973cc388a467764001b9318a4636328b50275c99a9a961da022dc06de8 docs/reviews/web-apprail-order-recovery-native/native-f9eb4b1-fixed1-export-xf-en-click-panel.png | OK last_commit=ae7b69ebaf19 unchanged_since=true | receipt review-controls-protection-export-f9eb4b1.md:full
  d4d7f01fbd9213493310db2b692fe26a2b9561e313d6cc613071ae830579938f docs/reviews/web-apprail-order-recovery-native/native-f9eb4b1-fixed1-export-xf-en-click-recovered-rail-order-draft.json | OK last_commit=ae7b69ebaf19 unchanged_since=true | receipt review-controls-protection-export-f9eb4b1.md:full
  6e4c64af3f3c76ac9d9189b03fabd627049e982e0e3a00eda9469d9c00689294 docs/reviews/web-apprail-order-recovery-native/native-f9eb4b1-fixed1-export-xf-zh-create-panel.png | OK last_commit=ae7b69ebaf19 unchanged_since=true | receipt review-controls-protection-export-f9eb4b1.md:full
  0172a752fa5da085a9d9a01681679ab6c8842a48473cef7c13642948be6aaa02 docs/reviews/web-apprail-order-recovery-native/native-f9eb4b1-fixed1-export.log | OK last_commit=ae7b69ebaf19 unchanged_since=true | receipt review-controls-protection-export-f9eb4b1.md:full
  summary E11: files=10 receipt_full=10 receipt_prefix8=0 receipt_none_or_na=0
## E12 producing commit 55cf1e9346600882db39c22f1f1d68adfa88b76f (20 files) receipts docs/reviews/web-apprail-order-recovery-native/review-downstream-visual-f9eb4b1.md, docs/reviews/20260908-full-product-audit/CURRENT-CONTROL-PLANE.md
  c6cb18a9ea3c221191a8560825c1610df691d56605a09ba00c9db588988684c7 docs/reviews/web-apprail-order-recovery-native/native-downstream-visual-app.tsx | OK last_commit=55cf1e934660 unchanged_since=true | receipt review-downstream-visual-f9eb4b1.md:full, CURRENT-CONTROL-PLANE.md:not-listed
  3d97a472b77bf1ec70beae26ba43a73d8cb2a9cce34200d4a7c3eea4e38ab701 docs/reviews/web-apprail-order-recovery-native/native-f9eb4b1-fixed1-downstream-bytes-one-hidden-device-recovery.json | OK last_commit=55cf1e934660 unchanged_since=true | receipt review-downstream-visual-f9eb4b1.md:full, CURRENT-CONTROL-PLANE.md:not-listed
  152c81d4183283d5508c74e9fb991d8f225fa004aa293b8d81bf91a71c55aa05 docs/reviews/web-apprail-order-recovery-native/native-f9eb4b1-fixed1-downstream-bytes-one-hidden-zh-device-recovery.json | OK last_commit=55cf1e934660 unchanged_since=true | receipt review-downstream-visual-f9eb4b1.md:full, CURRENT-CONTROL-PLANE.md:not-listed
  82ca5c7dd072c9b92a99bbabed4066225065143dd31ee8e700e07487f9e72aca docs/reviews/web-apprail-order-recovery-native/native-f9eb4b1-fixed1-downstream-chrome-en-1440-left-all-custom-419e56d.png | OK last_commit=55cf1e934660 unchanged_since=true | receipt review-downstream-visual-f9eb4b1.md:full, CURRENT-CONTROL-PLANE.md:not-listed
  82ca5c7dd072c9b92a99bbabed4066225065143dd31ee8e700e07487f9e72aca docs/reviews/web-apprail-order-recovery-native/native-f9eb4b1-fixed1-downstream-chrome-en-1440-left-all-custom-fixed.png | OK last_commit=55cf1e934660 unchanged_since=true | receipt review-downstream-visual-f9eb4b1.md:full, CURRENT-CONTROL-PLANE.md:not-listed
  203d8039b87678b8053fbe04c6f52e25febd9c92cd4106dd0bed1dc769c8ab03 docs/reviews/web-apprail-order-recovery-native/native-f9eb4b1-fixed1-downstream-chrome-en-1440-left-all-custom-popover-open-419e56d.png | OK last_commit=55cf1e934660 unchanged_since=true | receipt review-downstream-visual-f9eb4b1.md:full, CURRENT-CONTROL-PLANE.md:not-listed
  203d8039b87678b8053fbe04c6f52e25febd9c92cd4106dd0bed1dc769c8ab03 docs/reviews/web-apprail-order-recovery-native/native-f9eb4b1-fixed1-downstream-chrome-en-1440-left-all-custom-popover-open-fixed.png | OK last_commit=55cf1e934660 unchanged_since=true | receipt review-downstream-visual-f9eb4b1.md:full, CURRENT-CONTROL-PLANE.md:not-listed
  6475b60818d1a1d8e7c71dc2f9296f92445926a394b1428f73d6d876de0d5934 docs/reviews/web-apprail-order-recovery-native/native-f9eb4b1-fixed1-downstream-chrome-en-1440-left-boards-hidden-absent-419e56d.png | OK last_commit=55cf1e934660 unchanged_since=true | receipt review-downstream-visual-f9eb4b1.md:full, CURRENT-CONTROL-PLANE.md:not-listed
  1a44b588c840fad6e5a8a372da5c3af28cd7a960a7a5864459b30953f53ccc5c docs/reviews/web-apprail-order-recovery-native/native-f9eb4b1-fixed1-downstream-chrome-en-1440-left-boards-hidden-absent-fixed.png | OK last_commit=55cf1e934660 unchanged_since=true | receipt review-downstream-visual-f9eb4b1.md:full, CURRENT-CONTROL-PLANE.md:not-listed
  94fa4b20389983cc14cd4d5c162770337da472ad6e0839a1dcae4866561b51a5 docs/reviews/web-apprail-order-recovery-native/native-f9eb4b1-fixed1-downstream-chrome-en-1440-top-all-custom-419e56d.png | OK last_commit=55cf1e934660 unchanged_since=true | receipt review-downstream-visual-f9eb4b1.md:full, CURRENT-CONTROL-PLANE.md:not-listed
  94fa4b20389983cc14cd4d5c162770337da472ad6e0839a1dcae4866561b51a5 docs/reviews/web-apprail-order-recovery-native/native-f9eb4b1-fixed1-downstream-chrome-en-1440-top-all-custom-fixed.png | OK last_commit=55cf1e934660 unchanged_since=true | receipt review-downstream-visual-f9eb4b1.md:full, CURRENT-CONTROL-PLANE.md:not-listed
  6feb034ebf602d3455d46d7e58af6ab3132fde9bf0c21ec904d9da684f406f81 docs/reviews/web-apprail-order-recovery-native/native-f9eb4b1-fixed1-downstream-chrome-en-375-all-custom-419e56d.png | OK last_commit=55cf1e934660 unchanged_since=true | receipt review-downstream-visual-f9eb4b1.md:full, CURRENT-CONTROL-PLANE.md:not-listed
  6feb034ebf602d3455d46d7e58af6ab3132fde9bf0c21ec904d9da684f406f81 docs/reviews/web-apprail-order-recovery-native/native-f9eb4b1-fixed1-downstream-chrome-en-375-all-custom-fixed.png | OK last_commit=55cf1e934660 unchanged_since=true | receipt review-downstream-visual-f9eb4b1.md:full, CURRENT-CONTROL-PLANE.md:not-listed
  915fc8ead27811669f625ccdd56e7b189c33c72b853a445d4ba78ba70307d95d docs/reviews/web-apprail-order-recovery-native/native-f9eb4b1-fixed1-downstream-chrome-zh-1440-left-all-custom-419e56d.png | OK last_commit=55cf1e934660 unchanged_since=true | receipt review-downstream-visual-f9eb4b1.md:full, CURRENT-CONTROL-PLANE.md:not-listed
  c598b174651cc78eb70d00cb9760a128b7a945680bed73db85794be17ca3ceae docs/reviews/web-apprail-order-recovery-native/native-f9eb4b1-fixed1-downstream-chrome-zh-1440-left-all-custom-fixed.png | OK last_commit=55cf1e934660 unchanged_since=true | receipt review-downstream-visual-f9eb4b1.md:full, CURRENT-CONTROL-PLANE.md:not-listed
  c27981db82fdf73bfff4c8bd6ff97c3cff33c4fb741f8114d83937b658e02ce3 docs/reviews/web-apprail-order-recovery-native/native-f9eb4b1-fixed1-downstream-chrome-zh-375-all-custom-419e56d.png | OK last_commit=55cf1e934660 unchanged_since=true | receipt review-downstream-visual-f9eb4b1.md:full, CURRENT-CONTROL-PLANE.md:not-listed
  88c4e1b9e1b1af03a09894c000f18f63beae15ec70513c4d26297d69cbe920d8 docs/reviews/web-apprail-order-recovery-native/native-f9eb4b1-fixed1-downstream-chrome-zh-375-all-custom-fixed.png | OK last_commit=55cf1e934660 unchanged_since=true | receipt review-downstream-visual-f9eb4b1.md:full, CURRENT-CONTROL-PLANE.md:not-listed
  0da57fcf6c0ba55a1b224904bf454cab8dc46011bce7364ff3440b13a923d789 docs/reviews/web-apprail-order-recovery-native/native-f9eb4b1-fixed1-downstream.log | OK last_commit=55cf1e934660 unchanged_since=true | receipt review-downstream-visual-f9eb4b1.md:full, CURRENT-CONTROL-PLANE.md:not-listed
  0376f2ab9d9091ca0eb87d4e8a5bcb05269517669e6dea76d322e9a6578b0c7e docs/reviews/web-apprail-order-recovery-native/review-downstream-visual-f9eb4b1.md | OK last_commit=55cf1e934660 unchanged_since=true | receipt CURRENT-CONTROL-PLANE.md:not-listed
  55b49d119f012c6395c0aaf9588695bdb7d60d27ec3c587167c9527a3d999b4e docs/reviews/web-apprail-order-recovery-native/verify-native-downstream-visual.mjs | OK last_commit=55cf1e934660 unchanged_since=true | receipt review-downstream-visual-f9eb4b1.md:full, CURRENT-CONTROL-PLANE.md:not-listed
  summary E12: files=20 receipt_full=19 receipt_prefix8=0 receipt_none_or_na=1
## E13 producing commit 55cf1e9346600882db39c22f1f1d68adfa88b76f (29 files) receipts docs/reviews/web-apprail-order-recovery-native/review-downstream-visual-f9eb4b1.md
  3545932b581ea0eb7c0f9ac5e6d3f6bc7e2d807556cd7b50db2616f23e0ba25a docs/reviews/web-apprail-order-recovery-native/native-f9eb4b1-fixed1-visual-en-before-419e56d-route-error-number-1-1440.png | OK last_commit=55cf1e934660 unchanged_since=true | receipt review-downstream-visual-f9eb4b1.md:full
  3545932b581ea0eb7c0f9ac5e6d3f6bc7e2d807556cd7b50db2616f23e0ba25a docs/reviews/web-apprail-order-recovery-native/native-f9eb4b1-fixed1-visual-en-before-419e56d-route-error-object-empty-1440.png | OK last_commit=55cf1e934660 unchanged_since=true | receipt review-downstream-visual-f9eb4b1.md:full
  2fbc43bd9fecb3c0e3ce4913fa063808576a0e24f844dd30ab7998550e9e721d docs/reviews/web-apprail-order-recovery-native/native-f9eb4b1-fixed1-visual-en-both-statuses-375.png | OK last_commit=55cf1e934660 unchanged_since=true | receipt review-downstream-visual-f9eb4b1.md:full
  35804d6bef83e6e6f55850d102df3873974962850c4a53917101d275090dcb0b docs/reviews/web-apprail-order-recovery-native/native-f9eb4b1-fixed1-visual-en-both-statuses-768.png | OK last_commit=55cf1e934660 unchanged_since=true | receipt review-downstream-visual-f9eb4b1.md:full
  7b04644820ae656999802d6f79e5d93bffdff1ff9d1060e68e734a0ff3edc67c docs/reviews/web-apprail-order-recovery-native/native-f9eb4b1-fixed1-visual-en-drag-preview-1440.png | OK last_commit=55cf1e934660 unchanged_since=true | receipt review-downstream-visual-f9eb4b1.md:full
  32e261b4c893280024ea1c57e678d5e0c32f136156486a3dca29b6598b0d5e4d docs/reviews/web-apprail-order-recovery-native/native-f9eb4b1-fixed1-visual-en-failed-closed-1440.png | OK last_commit=55cf1e934660 unchanged_since=true | receipt review-downstream-visual-f9eb4b1.md:full
  55b0dc484c467c9fd97487bda38a919a4e80fb8c26c76b975f7e4bdbd1ff00ca docs/reviews/web-apprail-order-recovery-native/native-f9eb4b1-fixed1-visual-en-failed-closed-375.png | OK last_commit=55cf1e934660 unchanged_since=true | receipt review-downstream-visual-f9eb4b1.md:full
  89ebae6c4667ea36ac978594305168b23fad87beb1654e0d6b6a115aedea422a docs/reviews/web-apprail-order-recovery-native/native-f9eb4b1-fixed1-visual-en-failed-open-1440.png | OK last_commit=55cf1e934660 unchanged_since=true | receipt review-downstream-visual-f9eb4b1.md:full
  ff9a76ab0c8b83aa5cdea7788b39665cd2f63f1168569a3a947b8736a6a554a6 docs/reviews/web-apprail-order-recovery-native/native-f9eb4b1-fixed1-visual-en-failed-open-375.png | OK last_commit=55cf1e934660 unchanged_since=true | receipt review-downstream-visual-f9eb4b1.md:full
  6dd8f87e301061c2c1d6ad31a811b27801b8f1234c8c3c29c403a21d39924993 docs/reviews/web-apprail-order-recovery-native/native-f9eb4b1-fixed1-visual-en-peton-failed-open-768.png | OK last_commit=55cf1e934660 unchanged_since=true | receipt review-downstream-visual-f9eb4b1.md:full
  9a3617f499e0da588e61ab60ec837a9def0362fe90e980d6745486bd8b9a4166 docs/reviews/web-apprail-order-recovery-native/native-f9eb4b1-fixed1-visual-en-r1-en-1440-after-drop.png | OK last_commit=55cf1e934660 unchanged_since=true | receipt review-downstream-visual-f9eb4b1.md:full
  a7cc00729ec373d9de8f8699f7412a93dd24bd76be177f82f7ac5af5d5405726 docs/reviews/web-apprail-order-recovery-native/native-f9eb4b1-fixed1-visual-en-r1-en-1440-after-re-enabling.png | OK last_commit=55cf1e934660 unchanged_since=true | receipt review-downstream-visual-f9eb4b1.md:full
  921ca93183926901e4682463ec7a199b6ed993d2129ede70b2a00514b199a898 docs/reviews/web-apprail-order-recovery-native/native-f9eb4b1-fixed1-visual-en-r1-en-1440-boards-hidden.png | OK last_commit=55cf1e934660 unchanged_since=true | receipt review-downstream-visual-f9eb4b1.md:full
  82fcb4300f34c31ba19df46fda24b537b4a3a0c9d4200c7e6727daa64fb5c7ef docs/reviews/web-apprail-order-recovery-native/native-f9eb4b1-fixed1-visual-en-source-open-1440.png | OK last_commit=55cf1e934660 unchanged_since=true | receipt review-downstream-visual-f9eb4b1.md:full
  19c0ccf0cfb0341a0bb30d859e58dc950055711e6f62ee3c9ef6e14d40e9a7ab docs/reviews/web-apprail-order-recovery-native/native-f9eb4b1-fixed1-visual-en-source-open-375.png | OK last_commit=55cf1e934660 unchanged_since=true | receipt review-downstream-visual-f9eb4b1.md:full
  3c42c0a1efcc9b509d1422aaa2ef3c76a8b376dc2317b5d8394722526da78345 docs/reviews/web-apprail-order-recovery-native/native-f9eb4b1-fixed1-visual-en.log | OK last_commit=55cf1e934660 unchanged_since=true | receipt review-downstream-visual-f9eb4b1.md:full
  3545932b581ea0eb7c0f9ac5e6d3f6bc7e2d807556cd7b50db2616f23e0ba25a docs/reviews/web-apprail-order-recovery-native/native-f9eb4b1-fixed1-visual-zh-before-419e56d-route-error-number-1-1440.png | OK last_commit=55cf1e934660 unchanged_since=true | receipt review-downstream-visual-f9eb4b1.md:full
  3545932b581ea0eb7c0f9ac5e6d3f6bc7e2d807556cd7b50db2616f23e0ba25a docs/reviews/web-apprail-order-recovery-native/native-f9eb4b1-fixed1-visual-zh-before-419e56d-route-error-object-empty-1440.png | OK last_commit=55cf1e934660 unchanged_since=true | receipt review-downstream-visual-f9eb4b1.md:full
  769098685a7be20530f9207ec993507b528356de2b8db8ec437fee1cba318956 docs/reviews/web-apprail-order-recovery-native/native-f9eb4b1-fixed1-visual-zh-both-statuses-375.png | OK last_commit=55cf1e934660 unchanged_since=true | receipt review-downstream-visual-f9eb4b1.md:full
  22c361cfcac8ec1e81372f59b2e5a8741b80d789a21410b733e6967f3a0b8334 docs/reviews/web-apprail-order-recovery-native/native-f9eb4b1-fixed1-visual-zh-both-statuses-768.png | OK last_commit=55cf1e934660 unchanged_since=true | receipt review-downstream-visual-f9eb4b1.md:full
  45bc9fac9abdca7aaa666a0affa3db831f6eb69d083862cf521b65e757f9b696 docs/reviews/web-apprail-order-recovery-native/native-f9eb4b1-fixed1-visual-zh-drag-preview-1440.png | OK last_commit=55cf1e934660 unchanged_since=true | receipt review-downstream-visual-f9eb4b1.md:full
  0c4ed233f816595cf7f090e902f1a451083e5b282031ea18817ec0023b8185f6 docs/reviews/web-apprail-order-recovery-native/native-f9eb4b1-fixed1-visual-zh-failed-closed-1440.png | OK last_commit=55cf1e934660 unchanged_since=true | receipt review-downstream-visual-f9eb4b1.md:full
  857c088b7c28663c4ed267c05195a8b576f8174c1c987acc7831aa27e3b6433f docs/reviews/web-apprail-order-recovery-native/native-f9eb4b1-fixed1-visual-zh-failed-closed-375.png | OK last_commit=55cf1e934660 unchanged_since=true | receipt review-downstream-visual-f9eb4b1.md:full
  1475abcacb238e6965650431c48a8876c6599bff2b2e93254fc82285e8042c6b docs/reviews/web-apprail-order-recovery-native/native-f9eb4b1-fixed1-visual-zh-failed-open-1440.png | OK last_commit=55cf1e934660 unchanged_since=true | receipt review-downstream-visual-f9eb4b1.md:full
  95ceb5082596fca4fa227c390aaee335e9e49c93a885b6a8429ad128d39014a9 docs/reviews/web-apprail-order-recovery-native/native-f9eb4b1-fixed1-visual-zh-failed-open-375.png | OK last_commit=55cf1e934660 unchanged_since=true | receipt review-downstream-visual-f9eb4b1.md:full
  6fa7a5ed65823a3e97831b4e36ecedbae036db94d8799b781c3e6303d5a1f618 docs/reviews/web-apprail-order-recovery-native/native-f9eb4b1-fixed1-visual-zh-peton-failed-open-768.png | OK last_commit=55cf1e934660 unchanged_since=true | receipt review-downstream-visual-f9eb4b1.md:full
  b5013a0e47137033a78310d878aede900b7f544b542b9cebeeb140e397029a90 docs/reviews/web-apprail-order-recovery-native/native-f9eb4b1-fixed1-visual-zh-source-open-1440.png | OK last_commit=55cf1e934660 unchanged_since=true | receipt review-downstream-visual-f9eb4b1.md:full
  0a592c3ac4e94d1acb6a176b5c49afaa0eb422ae3c90fbc63c76cca2760fcf2a docs/reviews/web-apprail-order-recovery-native/native-f9eb4b1-fixed1-visual-zh-source-open-375.png | OK last_commit=55cf1e934660 unchanged_since=true | receipt review-downstream-visual-f9eb4b1.md:full
  aafdddaa78ab65192c812b195967b4c1b2960924c6e3d6accfd7714c8bea15aa docs/reviews/web-apprail-order-recovery-native/native-f9eb4b1-fixed1-visual-zh.log | OK last_commit=55cf1e934660 unchanged_since=true | receipt review-downstream-visual-f9eb4b1.md:full
  summary E13: files=29 receipt_full=29 receipt_prefix8=0 receipt_none_or_na=0
## E14 producing commit 5c6bcd2830f08f3b0fc4a5bfc902268004484d86 (34 files) receipts docs/reviews/web-apprail-order-recovery-native/review-keyboard-f9eb4b1.md, docs/reviews/20260908-full-product-audit/CURRENT-CONTROL-PLANE.md
  77d3a0d30394c1b1c78311bfe183d02b7c54ec4d233d23450fe44646a34de11d docs/reviews/web-apprail-order-recovery-native/native-f9eb4b1-fixed1-keyboard-en-act-en-failed-enter-after-discard-trigger-focused.png | OK last_commit=5c6bcd2830f0 unchanged_since=true | receipt review-keyboard-f9eb4b1.md:full, CURRENT-CONTROL-PLANE.md:not-listed
  2836376ccb8b7992ac5dc1b0e70885ed1ed4d412b282bfb2886e170b9214c4ae docs/reviews/web-apprail-order-recovery-native/native-f9eb4b1-fixed1-keyboard-en-act-en-failed-enter-panel-open-export-focused.png | OK last_commit=5c6bcd2830f0 unchanged_since=true | receipt review-keyboard-f9eb4b1.md:full, CURRENT-CONTROL-PLANE.md:not-listed
  41ff533cdd6fdf3394dcf92b1d33cf1e3d57f8c02ef2e34caca9d27eef28a58b docs/reviews/web-apprail-order-recovery-native/native-f9eb4b1-fixed1-keyboard-en-act-en-failed-enter-panel-open-retry-focused.png | OK last_commit=5c6bcd2830f0 unchanged_since=true | receipt review-keyboard-f9eb4b1.md:full, CURRENT-CONTROL-PLANE.md:not-listed
  beae2e6ba53b92969bd547e81171757561e79699b265fbd0f214cb528e6fa4ca docs/reviews/web-apprail-order-recovery-native/native-f9eb4b1-fixed1-keyboard-en-act-en-failed-enter-status-focused.png | OK last_commit=5c6bcd2830f0 unchanged_since=true | receipt review-keyboard-f9eb4b1.md:full, CURRENT-CONTROL-PLANE.md:not-listed
  2525b490286320b419ae5e583345a56fec3b1860e33b7bcf9febdf2afd3349e0 docs/reviews/web-apprail-order-recovery-native/native-f9eb4b1-fixed1-keyboard-en-act-en-retry-success-enter-after-retry-trigger-focused.png | OK last_commit=5c6bcd2830f0 unchanged_since=true | receipt review-keyboard-f9eb4b1.md:full, CURRENT-CONTROL-PLANE.md:not-listed
  83e5b91220dfe20d521d729d0e375bd1b96a65312cafbd311d072e35e7981ab1 docs/reviews/web-apprail-order-recovery-native/native-f9eb4b1-fixed1-keyboard-en-act-en-source-enter-after-reload-trigger-focused.png | OK last_commit=5c6bcd2830f0 unchanged_since=true | receipt review-keyboard-f9eb4b1.md:full, CURRENT-CONTROL-PLANE.md:not-listed
  b6ae7f11322f1db27eb3c218609dd7aa29f40f66df130216c77b38d943b8fde2 docs/reviews/web-apprail-order-recovery-native/native-f9eb4b1-fixed1-keyboard-en-act-en-source-enter-panel-open-reload-focused.png | OK last_commit=5c6bcd2830f0 unchanged_since=true | receipt review-keyboard-f9eb4b1.md:full, CURRENT-CONTROL-PLANE.md:not-listed
  7318cc1d3f2b12d222b7800b9e805393a7d40444e04482dea6c8cf892adb5539 docs/reviews/web-apprail-order-recovery-native/native-f9eb4b1-fixed1-keyboard-en-failed-open-dark-end-retry-focused.png | OK last_commit=5c6bcd2830f0 unchanged_since=true | receipt review-keyboard-f9eb4b1.md:full, CURRENT-CONTROL-PLANE.md:not-listed
  766079c85ccaaf7a35a610334f38b05aa227279da33e5ffb40381d28622142d4 docs/reviews/web-apprail-order-recovery-native/native-f9eb4b1-fixed1-keyboard-en-failed-open-light-end-retry-focused.png | OK last_commit=5c6bcd2830f0 unchanged_since=true | receipt review-keyboard-f9eb4b1.md:full, CURRENT-CONTROL-PLANE.md:not-listed
  daa7fe25f1245171e8432174885f0412ff4c97c98ce80b28465b00fd07346937 docs/reviews/web-apprail-order-recovery-native/native-f9eb4b1-fixed1-keyboard-en-order-en-failed-panel-open-export-focused.png | OK last_commit=5c6bcd2830f0 unchanged_since=true | receipt review-keyboard-f9eb4b1.md:full, CURRENT-CONTROL-PLANE.md:not-listed
  183b48905e9c85e45ac182c070a1269ba419f03412e3d82e040f332b844e552f docs/reviews/web-apprail-order-recovery-native/native-f9eb4b1-fixed1-keyboard-en-order-en-source-panel-open-reload-focused.png | OK last_commit=5c6bcd2830f0 unchanged_since=true | receipt review-keyboard-f9eb4b1.md:full, CURRENT-CONTROL-PLANE.md:not-listed
  44fba4801e4e669a570ce505cbddc0dce7c18516b13b288cb6a03b6d985c534b docs/reviews/web-apprail-order-recovery-native/native-f9eb4b1-fixed1-keyboard-en-source-open-dark-end-reload-focused.png | OK last_commit=5c6bcd2830f0 unchanged_since=true | receipt review-keyboard-f9eb4b1.md:full, CURRENT-CONTROL-PLANE.md:not-listed
  57e7c0587ed24d2e20c8969829b17c9b0e88e4754f5f1117bbb75fc66f15ca08 docs/reviews/web-apprail-order-recovery-native/native-f9eb4b1-fixed1-keyboard-en-source-open-light-end-reload-focused.png | OK last_commit=5c6bcd2830f0 unchanged_since=true | receipt review-keyboard-f9eb4b1.md:full, CURRENT-CONTROL-PLANE.md:not-listed
  b5414fcd713a7db5865b7db8c68384c5177c32f8ac1cee90387c8249dbfdfdf3 docs/reviews/web-apprail-order-recovery-native/native-f9eb4b1-fixed1-keyboard-en.log | OK last_commit=5c6bcd2830f0 unchanged_since=true | receipt review-keyboard-f9eb4b1.md:full, CURRENT-CONTROL-PLANE.md:not-listed
  60fa133f2318b1944a49fd65aa4bab47434f878600cddb4c476fd216ea5612ef docs/reviews/web-apprail-order-recovery-native/native-f9eb4b1-fixed1-keyboard-zh-act-zh-failed-enter-after-discard-trigger-focused.png | OK last_commit=5c6bcd2830f0 unchanged_since=true | receipt review-keyboard-f9eb4b1.md:full, CURRENT-CONTROL-PLANE.md:not-listed
  b11d1a1e28a1def6266080fe38f3b0160b1bbb3b5952cc25e5f075d611557b90 docs/reviews/web-apprail-order-recovery-native/native-f9eb4b1-fixed1-keyboard-zh-act-zh-failed-enter-panel-open-export-focused.png | OK last_commit=5c6bcd2830f0 unchanged_since=true | receipt review-keyboard-f9eb4b1.md:full, CURRENT-CONTROL-PLANE.md:not-listed
  1e5c0c9cfff02c05e9c3be2f66b1980768793129c913deb58fe7e10f468b5d69 docs/reviews/web-apprail-order-recovery-native/native-f9eb4b1-fixed1-keyboard-zh-act-zh-failed-enter-panel-open-retry-focused.png | OK last_commit=5c6bcd2830f0 unchanged_since=true | receipt review-keyboard-f9eb4b1.md:full, CURRENT-CONTROL-PLANE.md:not-listed
  bbf4645f4911bea6de4f6752eb760d748d4db26d8dfeb5d6e567218c5ef0b717 docs/reviews/web-apprail-order-recovery-native/native-f9eb4b1-fixed1-keyboard-zh-act-zh-failed-enter-status-focused.png | OK last_commit=5c6bcd2830f0 unchanged_since=true | receipt review-keyboard-f9eb4b1.md:full, CURRENT-CONTROL-PLANE.md:not-listed
  aeb45d73d07742e928fe284cfc8ba1e536bef52f7582c462de7f151df41ba008 docs/reviews/web-apprail-order-recovery-native/native-f9eb4b1-fixed1-keyboard-zh-act-zh-retry-success-enter-after-retry-trigger-focused.png | OK last_commit=5c6bcd2830f0 unchanged_since=true | receipt review-keyboard-f9eb4b1.md:full, CURRENT-CONTROL-PLANE.md:not-listed
  697b79e48a807464dc42a665555e5a56d0208bb9535631e6b9ecf5b2781e863d docs/reviews/web-apprail-order-recovery-native/native-f9eb4b1-fixed1-keyboard-zh-act-zh-source-enter-after-reload-trigger-focused.png | OK last_commit=5c6bcd2830f0 unchanged_since=true | receipt review-keyboard-f9eb4b1.md:full, CURRENT-CONTROL-PLANE.md:not-listed
  a648d77f1ce773388d145b146bf0a148ecd3c42d7e03a8e010c86f7d51616d0c docs/reviews/web-apprail-order-recovery-native/native-f9eb4b1-fixed1-keyboard-zh-act-zh-source-enter-panel-open-reload-focused.png | OK last_commit=5c6bcd2830f0 unchanged_since=true | receipt review-keyboard-f9eb4b1.md:full, CURRENT-CONTROL-PLANE.md:not-listed
  ce99c099bf1d2bdb28b1b50c028b2f9f739f0ed92b6c880303f25f932f619410 docs/reviews/web-apprail-order-recovery-native/native-f9eb4b1-fixed1-keyboard-zh-failed-open-dark-end-retry-focused.png | OK last_commit=5c6bcd2830f0 unchanged_since=true | receipt review-keyboard-f9eb4b1.md:full, CURRENT-CONTROL-PLANE.md:not-listed
  88f13fd6b74ee9022b75308c951d73cbffc3c408646d01dd3455d70a212fbc21 docs/reviews/web-apprail-order-recovery-native/native-f9eb4b1-fixed1-keyboard-zh-failed-open-light-end-retry-focused.png | OK last_commit=5c6bcd2830f0 unchanged_since=true | receipt review-keyboard-f9eb4b1.md:full, CURRENT-CONTROL-PLANE.md:not-listed
  de07690fefc76d6d149bd0a122f996e6fbeefd8dbaa5df6ecc80496d1720ca1b docs/reviews/web-apprail-order-recovery-native/native-f9eb4b1-fixed1-keyboard-zh-order-zh-failed-panel-open-export-focused.png | OK last_commit=5c6bcd2830f0 unchanged_since=true | receipt review-keyboard-f9eb4b1.md:full, CURRENT-CONTROL-PLANE.md:not-listed
  ccaf38797dfd8fe7dfdd156430e477667dedbc2e0ef8d1ce4cbb7de7f2bc6583 docs/reviews/web-apprail-order-recovery-native/native-f9eb4b1-fixed1-keyboard-zh-order-zh-source-panel-open-reload-focused.png | OK last_commit=5c6bcd2830f0 unchanged_since=true | receipt review-keyboard-f9eb4b1.md:full, CURRENT-CONTROL-PLANE.md:not-listed
  ca8ecc0b867d8688e93d21631a3f99d896b9c162ba8622994a1207aae413858e docs/reviews/web-apprail-order-recovery-native/native-f9eb4b1-fixed1-keyboard-zh-source-open-dark-end-reload-focused.png | OK last_commit=5c6bcd2830f0 unchanged_since=true | receipt review-keyboard-f9eb4b1.md:full, CURRENT-CONTROL-PLANE.md:not-listed
  f2cac5c41f5db9af264f93b38ed140ad288ba78270eebaa85809a585b12daef9 docs/reviews/web-apprail-order-recovery-native/native-f9eb4b1-fixed1-keyboard-zh-source-open-dark-weak-stop2-sidebar-focused.png | OK last_commit=5c6bcd2830f0 unchanged_since=true | receipt review-keyboard-f9eb4b1.md:full, CURRENT-CONTROL-PLANE.md:not-listed
  b8020f1097c6303b6bad34e84f84262f2c69c330430bafb93f1eb0c51793bbd4 docs/reviews/web-apprail-order-recovery-native/native-f9eb4b1-fixed1-keyboard-zh-source-open-dark-weak-stop3-sidebar-focused.png | OK last_commit=5c6bcd2830f0 unchanged_since=true | receipt review-keyboard-f9eb4b1.md:full, CURRENT-CONTROL-PLANE.md:not-listed
  1645cc4485f2f20a44e29aea5bf0fce6e983774182c3f98d668266613bf649f2 docs/reviews/web-apprail-order-recovery-native/native-f9eb4b1-fixed1-keyboard-zh-source-open-light-end-reload-focused.png | OK last_commit=5c6bcd2830f0 unchanged_since=true | receipt review-keyboard-f9eb4b1.md:full, CURRENT-CONTROL-PLANE.md:not-listed
  4f4e552155568bfea1c13a030000df023c005f0e196799d19a2d3ceeea898d4b docs/reviews/web-apprail-order-recovery-native/native-f9eb4b1-fixed1-keyboard-zh-source-open-light-weak-stop2-sidebar-focused.png | OK last_commit=5c6bcd2830f0 unchanged_since=true | receipt review-keyboard-f9eb4b1.md:full, CURRENT-CONTROL-PLANE.md:not-listed
  a00c619159c749eb61a7b7f9499fbbe7cb404d0bfb3474d521ba3a5c592cd1df docs/reviews/web-apprail-order-recovery-native/native-f9eb4b1-fixed1-keyboard-zh-source-open-light-weak-stop3-sidebar-focused.png | OK last_commit=5c6bcd2830f0 unchanged_since=true | receipt review-keyboard-f9eb4b1.md:full, CURRENT-CONTROL-PLANE.md:not-listed
  1a45d17021f7a735917480a8dd403f877d6a8caa8cadb89210a8d1c1cf9a332c docs/reviews/web-apprail-order-recovery-native/native-f9eb4b1-fixed1-keyboard-zh.log | OK last_commit=5c6bcd2830f0 unchanged_since=true | receipt review-keyboard-f9eb4b1.md:full, CURRENT-CONTROL-PLANE.md:not-listed
  f48d091c7eb895e118ae037a855037a2b884022411c109afa12ad4a25d8924d0 docs/reviews/web-apprail-order-recovery-native/review-keyboard-f9eb4b1.md | OK last_commit=5c6bcd2830f0 unchanged_since=true | receipt CURRENT-CONTROL-PLANE.md:not-listed
  3f2451e915b40fd8d2d1f6f98caee41f68deb823d8b4232df2f882d35ea08bab docs/reviews/web-apprail-order-recovery-native/verify-native-keyboard-f9eb4b1.mjs | OK last_commit=5c6bcd2830f0 unchanged_since=true | receipt review-keyboard-f9eb4b1.md:full, CURRENT-CONTROL-PLANE.md:not-listed
  summary E14: files=34 receipt_full=33 receipt_prefix8=0 receipt_none_or_na=1
## E15 (sticky F1 runners) producing commit 94b12ba21c3c7b0734ff1aa30f6537c94239c9d9 (10 files) receipts docs/reviews/web-apprail-order-recovery-sol/fixed-f9eb4b1.md
  4611bf588961094557c159f3d4a4bc9dcf47614325f8aae9b8eeb7abe86651ba docs/reviews/web-sticky-recovery-f1/f1-f9eb4b1-collaborate-apprail-fixed1.log | OK last_commit=94b12ba21c3c unchanged_since=true | receipt fixed-f9eb4b1.md:full
  455c8e8723f2b89fc51a6fef98c8e088a0a76ec3b87c0bbb3614094d8de96414 docs/reviews/web-sticky-recovery-f1/f1-f9eb4b1-date-time-apprail-fixed1.log | OK last_commit=94b12ba21c3c unchanged_since=true | receipt fixed-f9eb4b1.md:full
  ad15330c7a768ee4619aedfba3da90a36a288a81454f08525a2c2c7d1d819d36 docs/reviews/web-sticky-recovery-f1/f1-f9eb4b1-header-apprail-fixed1.log | OK last_commit=94b12ba21c3c unchanged_since=true | receipt fixed-f9eb4b1.md:full
  06e923b28e8c1bfd53b262330e346b24d5bc50775810d7cfa54e2290ab76b7e0 docs/reviews/web-sticky-recovery-f1/f1-f9eb4b1-more-apprail-fixed1.log | OK last_commit=94b12ba21c3c unchanged_since=true | receipt fixed-f9eb4b1.md:full
  6e6a7e75300aeb5b1fc74a3008accadc27bfa6596791ba0705c5bfb0a099c9d4 docs/reviews/web-sticky-recovery-f1/f1-f9eb4b1-notifications-apprail-fixed1.log | OK last_commit=94b12ba21c3c unchanged_since=true | receipt fixed-f9eb4b1.md:full
  71f060c14777862b760a4c0719c713548715f9743fc686cc3e8d474b1f56c18c docs/reviews/web-sticky-recovery-f1/f1-f9eb4b1-pomodoro-apprail-fixed1.log | OK last_commit=94b12ba21c3c unchanged_since=true | receipt fixed-f9eb4b1.md:full
  491ca292a3f3cf797707b45d25e71c9bed8e7dd8c4f29566667ebc53565d694b docs/reviews/web-sticky-recovery-f1/f1-f9eb4b1-race-apprail-fixed1.log | OK last_commit=94b12ba21c3c unchanged_since=true | receipt fixed-f9eb4b1.md:full
  7a30224c0df8399c004d1f829ed5fccbc3fab14eddd93591105a3d660b9fdc6d docs/reviews/web-sticky-recovery-f1/f1-f9eb4b1-selfcheck-apprail-fixed1.log | OK last_commit=94b12ba21c3c unchanged_since=true | receipt fixed-f9eb4b1.md:full
  05343c94f866dc7d2104ea3b0cdeb18b51819cb500d4ddc09608bc50eb4e96f5 docs/reviews/web-sticky-recovery-f1/f1-f9eb4b1-smart-lists-apprail-fixed1.log | OK last_commit=94b12ba21c3c unchanged_since=true | receipt fixed-f9eb4b1.md:full
  dd7e7eb0c9c898c93ac8130a8a9e8782efe51ec61d9be92f6609133fbebf7848 docs/reviews/web-sticky-recovery-f1/f1-f9eb4b1-sticky-apprail-fixed1.log | OK last_commit=94b12ba21c3c unchanged_since=true | receipt fixed-f9eb4b1.md:full
  summary E15 (sticky F1 runners): files=10 receipt_full=10 receipt_prefix8=0 receipt_none_or_na=0
## E15 (Features F1 runner) producing commit 94b12ba21c3c7b0734ff1aa30f6537c94239c9d9 (2 files) receipts docs/reviews/web-apprail-order-recovery-sol/fixed-f9eb4b1.md
  bb8a138e0c357037205b65bfa027e3f88b7544af01e7c03479bcae839c27ef7a docs/reviews/web-features-recovery-f1/f1-f9eb4b1-features-apprail-fixed1.log | OK last_commit=94b12ba21c3c unchanged_since=true | receipt fixed-f9eb4b1.md:full
  4d18f98c6e86a1d3b2a8538083315f2206c300c41a712b038271837dd5734d47 docs/reviews/web-features-recovery-f1/f1-f9eb4b1-selfcheck-apprail-fixed1.log | OK last_commit=94b12ba21c3c unchanged_since=true | receipt fixed-f9eb4b1.md:full
  summary E15 (Features F1 runner): files=2 receipt_full=2 receipt_prefix8=0 receipt_none_or_na=0
## E16 producing commit 94b12ba21c3c7b0734ff1aa30f6537c94239c9d9 (2 files) receipts docs/reviews/web-apprail-order-recovery-sol/fixed-f9eb4b1.md
  d4aae5fdf2a93b7dda8908ab7122d19a43d51865e244f5d75d6de40bd6a8e4b5 docs/reviews/web-apprail-order-recovery-f1/f1-f9eb4b1-railorder-apprail-fixed1.log | OK last_commit=94b12ba21c3c unchanged_since=true | receipt fixed-f9eb4b1.md:full
  5c254065929f6097e39627df70c927dbd80a71fe81f6f7ca65fccdf8da54b1be docs/reviews/web-apprail-order-recovery-f1/f1-f9eb4b1-selfcheck-apprail-fixed1.log | OK last_commit=94b12ba21c3c unchanged_since=true | receipt fixed-f9eb4b1.md:full
  summary E16: files=2 receipt_full=2 receipt_prefix8=0 receipt_none_or_na=0
## E17 producing commit 94b12ba21c3c7b0734ff1aa30f6537c94239c9d9 (2 files) receipts docs/reviews/web-apprail-order-recovery-sol/fixed-f9eb4b1.md
  5e7667df608159d5374a58bf21fc3fecc45c0f7ab4dba04f4f0bf3ea62698104 docs/reviews/web-native-keyinput-k1/f1-f9eb4b1-appearance-apprail-fixed1.log | OK last_commit=94b12ba21c3c unchanged_since=true | receipt fixed-f9eb4b1.md:full
  13704c9040babe5c9cb206e6ac8af93b91fcef0f784187d5fb7378ac92c2fa2e docs/reviews/web-native-keyinput-k1/f1-f9eb4b1-selfcheck-apprail-fixed1.log | OK last_commit=94b12ba21c3c unchanged_since=true | receipt fixed-f9eb4b1.md:full
  summary E17: files=2 receipt_full=2 receipt_prefix8=0 receipt_none_or_na=0
## supplementary K-1 producing commit 6b9f0eec72fc2e83df0c112240db8a5d40444741 (2 files) receipts docs/reviews/web-native-keyinput-k1/review-k1.md, docs/reviews/20260908-full-product-audit/CURRENT-CONTROL-PLANE.md
  18a98325b5ff04960087967260017237fda9d2be67ef97f91bffa26e14eaf04b docs/reviews/web-native-keyinput-k1/review-k1.md | OK last_commit=6b9f0eec72fc unchanged_since=true | receipt CURRENT-CONTROL-PLANE.md:not-listed
  e9fbc5905fbace2c5716190baf7e93fd2295bb890b663cb7fd7c90ca2115896d docs/reviews/web-native-keyinput-k1/verify-f1-appearance-k1.mjs | OK last_commit=6b9f0eec72fc unchanged_since=true | receipt review-k1.md:full, CURRENT-CONTROL-PLANE.md:not-listed
  summary supplementary K-1: files=2 receipt_full=1 receipt_prefix8=0 receipt_none_or_na=1
## supplementary OE producing commit 26cfce8d9d7f253272878a4476f5cc54ae340ffd (6 files) receipts docs/reviews/web-appearance-recovery-oracle-erratum/review-oe.md
  d72c484c979b59a8595eab412bf2ae02ef656bcf38ff174c87e5397203003aa3 docs/reviews/web-appearance-recovery-oracle-erratum/analyze-oe.mjs | OK last_commit=26cfce8d9d7f unchanged_since=true | receipt review-oe.md:full
  354bf6561db0ba238212f554597e1a9c23065a2b8e6a36d053f8c13cd2b030c1 docs/reviews/web-appearance-recovery-oracle-erratum/continuity-export.corrected.diff | OK last_commit=26cfce8d9d7f unchanged_since=true | receipt review-oe.md:full
  6e9c7def13a5128534a245653c90414c805a5af7597e7a12644189a258a5909a docs/reviews/web-appearance-recovery-oracle-erratum/continuity-export.corrected.test.tsx | OK last_commit=26cfce8d9d7f unchanged_since=true | receipt review-oe.md:full
  6261aa76d3b934d2d614876ecf7b96c0900388d76778875b2606d181b796ce18 docs/reviews/web-appearance-recovery-oracle-erratum/oe-replay.test.tsx | OK last_commit=26cfce8d9d7f unchanged_since=true | receipt review-oe.md:full
  63e7eed0313baebb5255a8aa1144ba66a30bef0e83426377d40418d2dacc220b docs/reviews/web-appearance-recovery-oracle-erratum/review-oe.md | OK last_commit=26cfce8d9d7f unchanged_since=true | receipt n/a
  354c220b0cddb6997486a52afe88182c11d622d490d00da7fd2cabd3fddf81d8 docs/reviews/web-appearance-recovery-oracle-erratum/verify-erratum.mjs | OK last_commit=26cfce8d9d7f unchanged_since=true | receipt review-oe.md:full
  summary supplementary OE: files=6 receipt_full=5 receipt_prefix8=0 receipt_none_or_na=1
## supplementary C-FB002 producing commit 05b21f412a01101759c604f593d09dc26bdda729 (7 files) receipts docs/reviews/web-more-recovery-fb002/review-fb002.md
  db6711fe7c3383655d276f3c6c38ab6925cfa2ec0cb7a6f94e4ec3b14260f49e docs/reviews/web-more-recovery-fb002/boundaries.corrected.diff | OK last_commit=05b21f412a01 unchanged_since=true | receipt review-fb002.md:full
  2e88c1db3e4045ef44c856b86b23f61322ca5002a45062f80a494cb3ac5e50f8 docs/reviews/web-more-recovery-fb002/boundaries.corrected.test.tsx | OK last_commit=05b21f412a01 unchanged_since=true | receipt review-fb002.md:full
  e76a076be614f6756ae13aefad1dcbae70788326d11ebf97f34f50ed694c096e docs/reviews/web-more-recovery-fb002/impact-scan.mjs | OK last_commit=05b21f412a01 unchanged_since=true | receipt review-fb002.md:full
  d1fa0e42ea7e0cf01954b1c3445df0ea879d15193c7aa9320f79dae43df0b7c8 docs/reviews/web-more-recovery-fb002/review-fb002.md | OK last_commit=05b21f412a01 unchanged_since=true | receipt n/a
  5768e8ce57da30d65e2d884db9a010301fc4465fe4ef1232d12a414475f8885b docs/reviews/web-more-recovery-fb002/run-matrix.mjs | OK last_commit=05b21f412a01 unchanged_since=true | receipt review-fb002.md:full
  030a3803369e6df0b533094567fa0199b7cc081d2bfd7e1be01287b83a9e1063 docs/reviews/web-more-recovery-fb002/summarize-fb002.mjs | OK last_commit=05b21f412a01 unchanged_since=true | receipt review-fb002.md:full
  d2150cd4794f7a51a5b72d9a7260dd8b7996a5c35adaa655da85719bfaf936a4 docs/reviews/web-more-recovery-fb002/verify-fb002.mjs | OK last_commit=05b21f412a01 unchanged_since=true | receipt review-fb002.md:full
  summary supplementary C-FB002: files=7 receipt_full=6 receipt_prefix8=0 receipt_none_or_na=1
## supplementary C-FD1 producing commit c6d1ed4c8a95ff44d451619f949da80ae95ccf8d (5 files) receipts docs/reviews/web-appearance-recovery-final/review-final-regressions-419e56d.md
  cfe596be41218d288362a34ccd06c63a5d3c7c99ec7a625c4f6d06d611950810 docs/reviews/web-appearance-recovery-final/diag-features-sol-corrected.mjs | OK last_commit=c6d1ed4c8a95 unchanged_since=true | receipt review-final-regressions-419e56d.md:prefix8
  913fc874616d703d908a585f066388b31de942dc7f168c5094a962d25bd4128d docs/reviews/web-appearance-recovery-final/diagnostics/diag-features-sol-corrected.diff | OK last_commit=c6d1ed4c8a95 unchanged_since=true | receipt review-final-regressions-419e56d.md:not-listed
  5ba63de7f36a599e6656bad6e801083dfeda4ee776d037eed686ab8203d10070 docs/reviews/web-appearance-recovery-final/diagnostics/features-downstream.corrected.diff | OK last_commit=c6d1ed4c8a95 unchanged_since=true | receipt review-final-regressions-419e56d.md:not-listed
  7bb5ad3cda8fec7957e999c2aa62956212b52934be20b942df72e286e90959e1 docs/reviews/web-appearance-recovery-final/diagnostics/features-downstream.corrected.test.tsx | OK last_commit=c6d1ed4c8a95 unchanged_since=true | receipt review-final-regressions-419e56d.md:prefix8
  82b174d58027a1204f362dd409d501822e5f23139253c9423fe79bda44b1fba2 docs/reviews/web-appearance-recovery-final/diagnostics/make-features-downstream-corrected.mjs | OK last_commit=c6d1ed4c8a95 unchanged_since=true | receipt review-final-regressions-419e56d.md:not-listed
  summary supplementary C-FD1: files=5 receipt_full=0 receipt_prefix8=2 receipt_none_or_na=3
## This batch (untracked under docs/reviews/ at hashing time): 141 files
### E23 (84 files)
  3dc4fbfe4e11bc90ba19242cf0028d97212d45f181b452c9d9479ab9ccdacaa3 docs/reviews/web-appearance-recovery-final/appearance-test-apprail-final-v1-f9eb4b1.log
  29ab19f1fa01993ee96b511b18588aa30a8dda67cfd452a05e8cf18f29fea52f docs/reviews/web-appearance-recovery-final/diagnostics/features-sol-downstream-corrected-apprail-final-v1-419e56d.log
  8aeb646255eac8eed1cc5be9d4f17c40e777c7fe7c4295a066874813ea4ef8c0 docs/reviews/web-appearance-recovery-final/diagnostics/features-sol-downstream-corrected-apprail-final-v1-f9eb4b1.log
  5b867c0f89fe3ab90223e7f978f32e3e8c324145e70af124ae88ebba36c87f2b docs/reviews/web-appearance-recovery-independent/host-apprail-final-v1-f9eb4b1.log
  8da0b9c7381759280804588f1c8f1b0a8b567040755c0092543a82185e6d5659 docs/reviews/web-appearance-recovery-oracle-erratum/corrected-apprail-final-v1-f9eb4b1.log
  a6472f68a5943cc3125e1e31bf354546da774752519e779a9d74ad9a883383c3 docs/reviews/web-appearance-recovery-sol/bytes-apprail-final-v1-f9eb4b1.log
  ea440facce1e28f9820dc62c7b8e79d288df149dd29bfb781867eef8fa7629d9 docs/reviews/web-appearance-recovery-sol/continuity-export-apprail-final-v1-f9eb4b1.log
  e4527d2738dbbf674e01b551d76da716c45f3339606148daa31144f978eca80a docs/reviews/web-appearance-recovery-sol/fields-apprail-final-v1-f9eb4b1.log
  ccc392d59dc9913cfc55954f889326f0516973ff31ce6cc1cdddab073d476c52 docs/reviews/web-appearance-recovery-sol/host-apprail-final-v1-f9eb4b1.log
  8f427689ae7e9278188fc8348dea141611bdf402729be911fb6c85590f0f5c1c docs/reviews/web-appearance-recovery-sol/original-apprail-final-v1-f9eb4b1.log
  56b301d388caea558c9dc5e5a649579a5130f84f910aad64fe3760dab285cb38 docs/reviews/web-appearance-recovery-sol/queues-apprail-final-v1-f9eb4b1.log
  3ddd834b32cb4e47751a03c501ecb61c87c348d974d181b4e7ce74e07d1c185a docs/reviews/web-appearance-recovery-sol/reset-apprail-final-v1-f9eb4b1.log
  ecabc62da195accd3fd5c8cc8fc4002c942c96055bb2a0dca117e9818f0d20f0 docs/reviews/web-appearance-recovery-sol/retry-all-apprail-final-v1-f9eb4b1.log
  aef27ba00afd51a34948b5dc8df62e4dd9d8dbcc3ef0bb79630bea6a35556cab docs/reviews/web-apprail-order-recovery-final/compare-accepted-apprail-final-v1.log
  3c0b4afdd4267396f6df26f88f6b4f6138eb67ee12ab99cb2c6fa1a2dc0e95e8 docs/reviews/web-apprail-order-recovery-final/host-suites/web-collaborate-recovery-independent/contracts-apprail-final-v1-419e56d.log
  bae7cc2a3745112551917d9545ecf1e5e4802ca07b1c37f41a6e49d6c5ead068 docs/reviews/web-apprail-order-recovery-final/host-suites/web-collaborate-recovery-independent/contracts-apprail-final-v1-f9eb4b1.log
  675a8d662aa052773024d981bb7f5bbf944d27be18fcb656aaa08fa7c7c35b59 docs/reviews/web-apprail-order-recovery-final/host-suites/web-collaborate-recovery-independent/host-apprail-final-v1-419e56d.log
  8553714b01a3e061b90f752ab82248cc2fb1ba3431e895e69ef3a705bf30de60 docs/reviews/web-apprail-order-recovery-final/host-suites/web-collaborate-recovery-independent/host-apprail-final-v1-f9eb4b1.log
  a562bca1bd2c109a06f0e1c38100d78d760f92f0ae0f5eebb85d95e89d06e8b8 docs/reviews/web-apprail-order-recovery-final/host-suites/web-collaborate-recovery-independent/package-apprail-final-v1-f9eb4b1.log
  95d7a7badc71fe6349f8ddb685b669f303542127b6ae7b18a9f8cca2b53f2c74 docs/reviews/web-apprail-order-recovery-final/host-suites/web-dashboard-header-departure-independent/advanced-apprail-final-v1-419e56d.log
  8dc39ca71eb84425fd8a99d1261dac2cd58a7c780b6c1059cf020caee103950f docs/reviews/web-apprail-order-recovery-final/host-suites/web-dashboard-header-departure-independent/advanced-apprail-final-v1-f9eb4b1.log
  f0b3d9236c44f6649569003001ffc0f434bfe89669f2d78d3f66329fbaaeabaa docs/reviews/web-apprail-order-recovery-final/host-suites/web-dashboard-header-departure-independent/departure-apprail-final-v1-419e56d.log
  f56bf4cee1314881f2a57cdbbd8b756d50c543ce10ea99f96a6ac08db8e72379 docs/reviews/web-apprail-order-recovery-final/host-suites/web-dashboard-header-departure-independent/departure-apprail-final-v1-f9eb4b1.log
  a7b941f0b258e1f536e00e3d6888d104ab176e5f518db880743538234699401e docs/reviews/web-apprail-order-recovery-final/host-suites/web-dashboard-header-departure-independent/followon-apprail-final-v1-419e56d.log
  9c92db509fbea9571c019f662976546212b0eb63d82bdec6330e49f36f941fb8 docs/reviews/web-apprail-order-recovery-final/host-suites/web-dashboard-header-departure-independent/followon-apprail-final-v1-f9eb4b1.log
  f0003e51a9464b158a360f5ce7470b65f39ee3697da29d77561af408e2b39fb1 docs/reviews/web-apprail-order-recovery-final/host-suites/web-pomodoro-departure-independent/advanced-apprail-final-v1-419e56d.log
  d0de4fd971281d13b57fd0bd033a948fa1a89b3594d4adc11ef78519d528128f docs/reviews/web-apprail-order-recovery-final/host-suites/web-pomodoro-departure-independent/advanced-apprail-final-v1-f9eb4b1.log
  33ee7d4c1af61816c5ad768d35bc5af5660b299bec60acbacc09dc501bf6475b docs/reviews/web-apprail-order-recovery-final/host-suites/web-pomodoro-departure-independent/departure-apprail-final-v1-419e56d.log
  6d06d786decf04f37cd59fc0774227f10886904989bf739b06a5aad99c433d25 docs/reviews/web-apprail-order-recovery-final/host-suites/web-pomodoro-departure-independent/departure-apprail-final-v1-f9eb4b1.log
  007c779f9fbb00d431a61dcbc8e2d960c07a88d91c164254bb67920c24e0997f docs/reviews/web-apprail-order-recovery-final/host-suites/web-pomodoro-departure-independent/package-apprail-final-v1-f9eb4b1.log
  91603f95470988049dbf0d0fec3a23ab16496cc639a09fb3539fd00ac3ade56d docs/reviews/web-apprail-order-recovery-final/host-suites/web-smart-lists-recovery-astra/app-apprail-final-v1-419e56d.log
  6b4e824d6e26fd9e0cb2e966367f3913f759cdd7b2557c0027c300fcd21d9bf2 docs/reviews/web-apprail-order-recovery-final/host-suites/web-smart-lists-recovery-astra/app-apprail-final-v1-f9eb4b1.log
  0816b61051ce0637c4653d0c132d2fc68175151e2370b7b0c7cd534a6a2698c7 docs/reviews/web-apprail-order-recovery-final/host-suites/web-smart-lists-recovery-astra/export-apprail-final-v1-419e56d.log
  b1fecae4f0a1f39edd91b1be3e19f7227c69f81d31def03d8c61d6d21f12c8e5 docs/reviews/web-apprail-order-recovery-final/host-suites/web-smart-lists-recovery-astra/export-apprail-final-v1-f9eb4b1.log
  fcceb9a03c0143354f30fa68b51c0264d8e5b75993c40d59f8075dfed5636e1c docs/reviews/web-apprail-order-recovery-final/host-suites/web-smart-lists-recovery-astra/host-apprail-final-v1-419e56d.log
  7915361f589c9f088035dd69466f636f591867c685447a89c195150463cae19c docs/reviews/web-apprail-order-recovery-final/host-suites/web-smart-lists-recovery-astra/host-apprail-final-v1-f9eb4b1.log
  8f7763f2d010bc04cf692cca46f963abfc8c909904199ae4b66b4311e775e3d9 docs/reviews/web-apprail-order-recovery-final/host-suites/web-smart-lists-recovery-astra/host-entry-apprail-final-v1-419e56d.log
  8f47a078ffb631f733ac51345ae84ba994248ae24a26e5467fb01fbd4c651933 docs/reviews/web-apprail-order-recovery-final/host-suites/web-smart-lists-recovery-astra/host-entry-apprail-final-v1-f9eb4b1.log
  7edb73b22b5d1351c086f7c41db12fa5eed6fea8ba6a8c72a7a9dda4c10a819f docs/reviews/web-apprail-order-recovery-final/host-suites/web-smart-lists-recovery-astra/host-wrapper-apprail-final-v1-419e56d.log
  7f01090b3347c04269b7578037e375644f8ce840abe8c05249fb7ed6d84b3781 docs/reviews/web-apprail-order-recovery-final/host-suites/web-smart-lists-recovery-astra/host-wrapper-apprail-final-v1-f9eb4b1.log
  0d4bdcf55bbe7e5d306cdc18d19b7288103d971b4f2d161f215993fd4428bcaa docs/reviews/web-apprail-order-recovery-final/host-suites/web-smart-lists-recovery-astra/original-parent-apprail-final-v1-419e56d.log
  6a364276d83b467b8210d21b2135e62fb6f38a27fda436771bcac93feaa0ffb5 docs/reviews/web-apprail-order-recovery-final/host-suites/web-smart-lists-recovery-astra/original-parent-apprail-final-v1-f9eb4b1.log
  89145fb5556ac87799209e4d37f6b85624484a8635a65dffd1bcf208517e08c8 docs/reviews/web-apprail-order-recovery-final/host-suites/web-smart-lists-recovery-astra/original39-apprail-final-v1-419e56d.log
  a967ac6c947b55265c20df14636fc4bd85482a7766f817d66af67442f4a6e274 docs/reviews/web-apprail-order-recovery-final/host-suites/web-smart-lists-recovery-astra/original39-apprail-final-v1-f9eb4b1.log
  26f100a3dcdf27222ec65f44bde96607f2444acbfdc66d08351e3d498da16804 docs/reviews/web-apprail-order-recovery-final/host-suites/web-smart-lists-recovery-astra/package-apprail-final-v1-f9eb4b1.log
  41f97eccc4a77a2ec6e5e636ca844b722892e5ecb969318ae15c0ce0427fef7f docs/reviews/web-apprail-order-recovery-sol/features-sol-downstream-c-rd1-apprail-final-v1-419e56d.log
  a2428179491794154bbed3bfa133b4e2ea8a15de4bc5f34d24ccf1d85f8f0730 docs/reviews/web-apprail-order-recovery-sol/features-sol-downstream-c-rd1-apprail-final-v1-f9eb4b1.log
  6b412979aed81806482ae3e4431ff2f31e9a913aaf74a15a5d477e50da53dc3b docs/reviews/web-features-recovery-final/datetime-apprail-final-v1-f9eb4b1.log
  a59b4a95100b1885e385b0464798de90c4df1c3dea9f6d1a89927ba5572040ba docs/reviews/web-features-recovery-final/features-readers-apprail-final-v1-f9eb4b1.log
  2c39b20bcd1e36b5bee5a4b7f7d49ead37187b56c140866d61d6b1cba6139136 docs/reviews/web-features-recovery-final/features-test-apprail-final-v1-f9eb4b1.log
  5ba53c5c92b98dc30b18ec2ba3a4c8027d9574c490560386a4a421d3504a4274 docs/reviews/web-features-recovery-final/more-boundaries-apprail-final-v1-f9eb4b1.log
  19854a92c249a17cfcfb3ad26d19125bc539efed71337a6b1f9b9ab6fa98d458 docs/reviews/web-features-recovery-final/more-fields-apprail-final-v1-f9eb4b1.log
  4133baabcb9069395bd13628d91ca8fbb8521f20d2de67dd988738c7e4f7890b docs/reviews/web-features-recovery-final/more-host-apprail-final-v1-f9eb4b1.log
  8346ae977cd0e6a60da734f7a54f21bf52e7a37835cae77ff87331ececf7782c docs/reviews/web-features-recovery-final/more-original-apprail-final-v1-f9eb4b1.log
  6eeb378a5fa789fcb1c10e23bcee5db07b8547dc89322d7887e8f441ad133d5a docs/reviews/web-features-recovery-final/more-owner-export-apprail-final-v1-f9eb4b1.log
  8d6717930a6acdedffd6ce8d2964c9668972ccffd8e4a0fc3014c42a532ca224 docs/reviews/web-features-recovery-final/more-queues-apprail-final-v1-f9eb4b1.log
  bcb100dfcf62b6616cdd89c87504efa9d9fc5f6a3621797c71d0924d5f43f775 docs/reviews/web-features-recovery-final/more-reset-apprail-final-v1-f9eb4b1.log
  8001e448064f828db9cd6e8811cc5c39731f0f4f18019d604cd1b3144965de4a docs/reviews/web-features-recovery-final/notifications-astra-boundaries-apprail-final-v1-f9eb4b1.log
  54215c9065b9ac2f3fa221e0612666ee3e68bbff37fce93916fdffeb36508d7b docs/reviews/web-features-recovery-final/notifications-astra-host-apprail-final-v1-f9eb4b1.log
  8864e71938be87c29c04f501d6f5f35156053e01e0619bb208b0adee509dd4e8 docs/reviews/web-features-recovery-final/notifications-boundaries-apprail-final-v1-f9eb4b1.log
  7c1c6bd68a2eadeb98a0bafcf912c0627219f20866172be61708b4cbc7832992 docs/reviews/web-features-recovery-final/notifications-core-apprail-final-v1-f9eb4b1.log
  7726fa5d413cd42514babf3523fd990ca8a53d14e815bc5a1ff5ddaa42607b2a docs/reviews/web-features-recovery-final/notifications-extended-apprail-final-v1-f9eb4b1.log
  09d153b65a759fd29b9aca9998af0e23f2b0e846da52eea5631e548fe5f64713 docs/reviews/web-features-recovery-final/notifications-operations-apprail-final-v1-f9eb4b1.log
  8bb57f82fd843e82e87fd193336c790bf8e502fdbbd6601dc4a3b379f382fe5d docs/reviews/web-features-recovery-final/notifications-original-apprail-final-v1-f9eb4b1.log
  3a517692c87f57127e53666de9ed120258ad00e4173ecdc2e354a6275c8b9b79 docs/reviews/web-features-recovery-final/notifications-parent-host-apprail-final-v1-f9eb4b1.log
  a8cff3bc96e0dc5f54e1fd0d3cc1fa800030ec22ad0dc38948d03d54e8d4a608 docs/reviews/web-features-recovery-final/notifications-recovery-apprail-final-v1-f9eb4b1.log
  0848048bd95bdc84764c11ccf74980eef746d8d5a2a2171d19d8adaa084c451f docs/reviews/web-features-recovery-final/settings-rest-test-apprail-final-v1-f9eb4b1.log
  adccdac78fc7e905a8c189a81ec807315bf15a0cbf5f63e8d876be48fa76edfd docs/reviews/web-features-recovery-final/settings-shell-test-apprail-final-v1-f9eb4b1.log
  86fe4956ba096f234d9afc729dc52c428f35fa45eefb3ff04082b76041974576 docs/reviews/web-features-recovery-independent/host-apprail-final-v1-f9eb4b1.log
  69811961af443798d3864ef880cf97e6201d816f429b9ab66530921befbefbca docs/reviews/web-features-recovery-sol/bytes-apprail-final-v1-f9eb4b1.log
  c4bc122ff23a2d48437d0024c56051de9b9716e470f5d2c1549e058af1dafb2f docs/reviews/web-features-recovery-sol/continuity-export-apprail-final-v1-f9eb4b1.log
  95ca0bf779f69dd49043fd380e99c18fd97e76df1a88305cf2453875fe1486ba docs/reviews/web-features-recovery-sol/downstream-apprail-final-v1-419e56d.log
  3ae4d8a40ac416a22522638ac94681b7d8cc059850eb9454cb328f85b2b01431 docs/reviews/web-features-recovery-sol/downstream-apprail-final-v1-f9eb4b1.log
  5aa03f2172ee92db65ae4a54ad0559357bb34d9673374ad28d78600d5cb4a82a docs/reviews/web-features-recovery-sol/fields-apprail-final-v1-f9eb4b1.log
  eb552bea3cc362bb0173613c063eac7f77455a3c3b7ec4c364bd67fe9d0469fd docs/reviews/web-features-recovery-sol/original-apprail-final-v1-f9eb4b1.log
  4d307c05006e6e4932bc19d7051aa268a2427065b520ce913d0db2e69aabdfdc docs/reviews/web-features-recovery-sol/queues-apprail-final-v1-f9eb4b1.log
  b58a9fa46001a8ef807a814c268600a73bf96685a6ee817d57911430644ff67b docs/reviews/web-features-recovery-sol/reset-apprail-final-v1-f9eb4b1.log
  06726b6ede08e3c0874f9a43c3a3f0d71054f5a74a4031ea8b647de849c9684b docs/reviews/web-more-recovery-fb002/logs/corrected-full-apprail-final-v1-f9eb4b1.log
  354436aa2ace53f38a46bf312ff685da961e64e834775652cec7b777e47e91be docs/reviews/web-sticky-recovery-independent/host-apprail-final-v1-f9eb4b1.log
  8b0b5e6a4ad83ea77eacf2d2d57bdfce0f9b0f3295af636f2640f5e9fdb1c0e0 docs/reviews/web-sticky-recovery-sol/bytes-apprail-final-v1-f9eb4b1.log
  2ec4d85a16c58b59acccd0f68adee9d8d730ab25b36599487f41360953b5e737 docs/reviews/web-sticky-recovery-sol/continuity-export-apprail-final-v1-f9eb4b1.log
  079fb6f38f992071c6067f2dfb57b87f3d81197c31f7d32a895c460656315a41 docs/reviews/web-sticky-recovery-sol/fields-apprail-final-v1-f9eb4b1.log
  ed2deb0a885347b6b39f2b0b21bfd0de53d556ce3a0bc5e32d24c6631748cc7e docs/reviews/web-sticky-recovery-sol/original-apprail-final-v1-f9eb4b1.log
  bc5ffd2cbf791e8a748fc57e224cbf00f422585a61beb990038cb518810bd30b docs/reviews/web-sticky-recovery-sol/queues-apprail-final-v1-f9eb4b1.log
### E25 receipt, comparison and hash tools (2 files)
  d54a2420b2838ab5d3d0bffb1c37ef467c4d27cfca7df37627841033635fc67e docs/reviews/web-apprail-order-recovery-final/compare-accepted.mjs
  3b0d2b706b9a10e6ab7b7b8f0d37c5dc0c9be3878ac9073d83f02071357e8b14 docs/reviews/web-apprail-order-recovery-final/hash-evidence.mjs
### E23 host-suite copies (runner copies, byte-identical tests, diffs, frozen refusal transcript) (22 files)
  df41ffacaf9463f29e379f981e1f3ce545e48aff34b13225dbb35af39e2d2b8d docs/reviews/web-apprail-order-recovery-final/frozen-host-suite-refusals-apprail-final-v1.log
  bef7f362f1244ed47410ac0bd506bd216ef92b840302574ae2c01272dbbb236c docs/reviews/web-apprail-order-recovery-final/host-suites/web-collaborate-recovery-independent/contracts.test.tsx
  9a867db432928f6ab165fd49168d217c9c5732723d5ce12f40fd551374e8e599 docs/reviews/web-apprail-order-recovery-final/host-suites/web-collaborate-recovery-independent/fixture.tsx
  f166464d100d5e3a8bfe27493a8724bf2e498425fc2e99048b8819442cfff864 docs/reviews/web-apprail-order-recovery-final/host-suites/web-collaborate-recovery-independent/host.test.tsx
  27c5bf37b2dcb677d3874b1a1c34f0a805a6cf5fbc79cc37b954dcb92c977279 docs/reviews/web-apprail-order-recovery-final/host-suites/web-collaborate-recovery-independent/verify-fixed.copy.diff
  44738ec8ef4494582f689fc5ca207ad5dbfc0dde29e243dab5ea3634fcd97f79 docs/reviews/web-apprail-order-recovery-final/host-suites/web-collaborate-recovery-independent/verify-fixed.mjs
  f13eec1b605a208b10d2d65332d312819920afd3ff298776c4af16abb8ca0442 docs/reviews/web-apprail-order-recovery-final/host-suites/web-dashboard-header-departure-independent/advanced.test.tsx
  c54467a54a6660382cc098feb7f2da39a837b07f74da5c63778b24c77f8e6aa9 docs/reviews/web-apprail-order-recovery-final/host-suites/web-dashboard-header-departure-independent/departure.test.tsx
  9294ac0c4ea382116f28246626425ec69a770bc1693d09a2a9c37db48a0da0b4 docs/reviews/web-apprail-order-recovery-final/host-suites/web-dashboard-header-departure-independent/followon.test.tsx
  f3cddf534be5f2da97a0c2cc93f270068bd3d7c160164610b533331a2e9e5d56 docs/reviews/web-apprail-order-recovery-final/host-suites/web-dashboard-header-departure-independent/verify-fixed.copy.diff
  56645cbbf37c8d9e6628f8f901c206ffd1e8394a07b80e7b2f00ec46bf9e56c0 docs/reviews/web-apprail-order-recovery-final/host-suites/web-dashboard-header-departure-independent/verify-fixed.mjs
  f636430e421da9b567be13ec088b6c311dfa9a91ec4fccff764fd12092bf22f8 docs/reviews/web-apprail-order-recovery-final/host-suites/web-pomodoro-departure-independent/advanced.test.tsx
  c84b0d480f15627c830cd900a614ffa1a22796cbf4059e6a113a5f44f01a9ed8 docs/reviews/web-apprail-order-recovery-final/host-suites/web-pomodoro-departure-independent/departure.test.tsx
  27a76966a20cb7025f0f2fa60b8eb8710bd332de6004b956f9f80515bc4fa5fa docs/reviews/web-apprail-order-recovery-final/host-suites/web-pomodoro-departure-independent/verify-fixed.copy.diff
  e5ebd8411a264bc9ed11067e177d43124566c978f719805c2754cc3927335c4d docs/reviews/web-apprail-order-recovery-final/host-suites/web-pomodoro-departure-independent/verify-fixed.mjs
  df51cdf7f5df531673850fece99cb35e368d09a535371222aa1aa483c6ca73d5 docs/reviews/web-apprail-order-recovery-final/host-suites/web-smart-lists-recovery-astra/app.test.tsx
  1387bcb2df0caded6eab43bc33c82642b3373a5543c444b51efcdde4ac8ffae2 docs/reviews/web-apprail-order-recovery-final/host-suites/web-smart-lists-recovery-astra/export.test.tsx
  4d81991eb13273b7cdb90d9b08c55e93f6e41f471626aec8e9d31c2e5c874e9d docs/reviews/web-apprail-order-recovery-final/host-suites/web-smart-lists-recovery-astra/host-entry.test.tsx
  913e039ebe9618d626bf2281f9c6549830d3b343cddff6a106e7fad6b96206f0 docs/reviews/web-apprail-order-recovery-final/host-suites/web-smart-lists-recovery-astra/host-wrapper.test.tsx
  db6866999e1bf99a37bf8861a9f122ddedd6143f9b6806249ef7caed4cdf9dc4 docs/reviews/web-apprail-order-recovery-final/host-suites/web-smart-lists-recovery-astra/host.test.tsx
  828f37e5a6affa41fc4fdebedf45a0c1b3ef48f7e494ffa5c2734b6320032c7b docs/reviews/web-apprail-order-recovery-final/host-suites/web-smart-lists-recovery-astra/verify-fixed.copy.diff
  4160d9cfa055c487f3a1732a04a9e0ce9e4385ed8582e350dd549f379f802797 docs/reviews/web-apprail-order-recovery-final/host-suites/web-smart-lists-recovery-astra/verify-fixed.mjs
### E24 (12 files)
  9b77055ea3ad625db957f854988ae9bc4b549b953c5cc667be321d465331cb63 docs/reviews/web-apprail-order-recovery-final/native-downstream.tsx
  4efcab6bc4c3a5222e2c34ad2c91bc6033b1121aa5914f835ecd1e14e91a7c55 docs/reviews/web-apprail-order-recovery-final/native-f9eb4b1-apprail-final-v1-downstream.log
  20f6273e43758aa8f7f84994f5839bba99e2139570b1c98a9a4ab8bed15e0522 docs/reviews/web-apprail-order-recovery-final/native-f9eb4b1-apprail-final-v1-host.log
  05fe1fe1af5df8def50542491c84a3f1a5d195a83d3b24ccf4bde470f559514a docs/reviews/web-apprail-order-recovery-final/native-host-harness.e24-vs-appearance-copy.diff
  48a511aa3ef40ff270d23e102d9699cc76725209c6c469abb2770e029da02b68 docs/reviews/web-apprail-order-recovery-final/native-host-harness.e24-vs-frozen.diff
  87049b7c956b17f15c9021d3ab17090eaa77c199f46ae7748e5d1ead79ba3539 docs/reviews/web-apprail-order-recovery-final/native-host-harness.mjs
  819573b03e089c1ffc2cb10119c25019509b3b9f5381e83df03b551738a9c64f docs/reviews/web-apprail-order-recovery-final/native-host-matrix.tsx
  01acaa5dd43d02cb85d8e8c6cb46b97153f51162e6263e5128cb24251a069675 docs/reviews/web-apprail-order-recovery-final/native-host-prelude.js
  82df29615abbc366e31a7cb0f1073395f6a8f8611644b4d6e6c600e1af60be5b docs/reviews/web-apprail-order-recovery-final/verify-native-downstream.mjs
  9688043d0c9635ce7e1607393b00fbf1000a6b5fbc1a3be467f3727ba703eba6 docs/reviews/web-apprail-order-recovery-final/verify-native-host.mjs
  350d8e8a194f7c2fbd0d0bef70fee1fbb23673f98992279f86e666e65285bc4e docs/reviews/web-features-recovery-native/native-f9eb4b1-apprail-final-v1-downstream.log
  ffdb8f749fea9f28521a4754c57cb34a5fce76f4e3a9ee2a6f2220653d06e847 docs/reviews/web-features-recovery-native/native-f9eb4b1-apprail-final-v1-host.log
### E19 (1 files)
  5a0ef354a8a08573ee071b3b0625985e95b030d7522342c2b65244dc7075b729 docs/reviews/web-apprail-order-recovery-final/protected-diff-apprail-final-v1-f9eb4b1.log
### E18 (2 files)
  368ba9e6a5bd58f7182736395932febc1d55e748b47af83c0f132ef138ade3b3 docs/reviews/web-apprail-order-recovery-final/search-apprail-final-v1-f9eb4b1.log
  c7dea48432c8568c64f91fe590fca1656c44674c0790f79ccb74d12f3690a47c docs/reviews/web-apprail-order-recovery-final/verify-static.mjs
### E21 (7 files)
  f89fe39b7a742e89d3aec70c1ed929a477f2fd92b1d1940d60d3e7543aa60c23 docs/reviews/web-apprail-order-recovery-final/shell-check-types-apprail-final-v1-f9eb4b1.log
  c5d6114b285bdf34b76bab6b472f2d95d6f561c74ce95a129ab4b50ef450fb47 docs/reviews/web-apprail-order-recovery-final/shell-lint-apprail-final-v1-f9eb4b1.log
  4aa2586c4bafb3788b03bf934bfdfa4f3deab0fd5207d1efbc5a9603c663e7b8 docs/reviews/web-apprail-order-recovery-final/shell-test-apprail-final-v1-f9eb4b1.log
  a2e7a314dd114387763518c8636ee0a5cf945cb3b14591a03b547c354677ca5a docs/reviews/web-apprail-order-recovery-final/shell-topbar-unchanged-apprail-final-v1-419e56d.log
  5a086440edb983c07046a95758899f22344b645d1ff35895cf092669ae0dc07e docs/reviews/web-apprail-order-recovery-final/shell-topbar-unchanged-apprail-final-v1-f9eb4b1.log
  c9876c175543d98dcc9026c8c0171144046034dc2a760377ecf03167b128db4a docs/reviews/web-apprail-order-recovery-final/shell-unchanged-files-apprail-final-v1-419e56d.log
  1c0637d75b4aeae231d97e351acccaddfaefd88efac79035c7c63ae9966de82b docs/reviews/web-apprail-order-recovery-final/shell-unchanged-files-apprail-final-v1-f9eb4b1.log
### E22 (8 files)
  1dfd05ec8843a195654268b630585c6e878a6599765a2873f97a1d8c0e621248 docs/reviews/web-apprail-order-recovery-final/storage-unchanged-apprail-final-v1-419e56d.log
  aae0154a6ebe278534b0895ecdfa38e41a169ae5c8956b00ebf2a9d8133938e6 docs/reviews/web-apprail-order-recovery-final/storage-unchanged-apprail-final-v1-f9eb4b1.log
  6dd00b221e8862973a81b18c644df23c6610a289f756ab7468f18bcb92309a46 docs/reviews/web-apprail-order-recovery-final/web-check-types-apprail-final-v1-f9eb4b1.log
  c90b33faad36e9c998bf3798686131bea8b22130fa1726a7ca7bfae0cdd919cc docs/reviews/web-apprail-order-recovery-final/web-lint-apprail-final-v1-f9eb4b1.log
  5f04fa5d99f58775fb5f69640ef1764184b380e86c978f9531e9480c58ce8f15 docs/reviews/web-apprail-order-recovery-final/web-test-apprail-final-v1-419e56d.log
  8560b7e54374b72c4538b5750841a5097c96541b34fc8ab986d8c458f573dd44 docs/reviews/web-apprail-order-recovery-final/web-test-apprail-final-v1-f9eb4b1.log
  87e47fa28e2214796ad7d821c52cc6b1db437397d1716d6fec7dba4ca10e9269 docs/reviews/web-apprail-order-recovery-final/web-unchanged-files-apprail-final-v1-419e56d.log
  2ea3d948d0ab088452c0310acd386fa043dfb0a0ff9d90844d2073dfca7c404a docs/reviews/web-apprail-order-recovery-final/web-unchanged-files-apprail-final-v1-f9eb4b1.log
### E21-E22 runner (1 files)
  fd9d9988c8c38c904555c4a539836db62aceda005098919d02bba4daf53dde15 docs/reviews/web-apprail-order-recovery-final/verify-packages.mjs
### E20 (2 files)
  6a9d290f0f3d8f321caca0070beda1d6110762cd219569ebdeb8552a88c49fe5 docs/reviews/web-apprail-order-recovery-sol/bytes-apprail-final-v1-f9eb4b1.log
  a0b00ec439810bbfb8cd8e5c6305325ff610249eda6f8168893f37ae708273eb docs/reviews/web-features-recovery-final/storage-check-types-apprail-final-v1-f9eb4b1.log
tracked_files_modified=0
## Totals
  E1: 15 files, 14 full / 0 prefix8 / 1 none-or-n/a
  E2: 17 files, 17 full / 0 prefix8 / 0 none-or-n/a
  E3: 5 files, 4 full / 0 prefix8 / 1 none-or-n/a
  E4: 61 files, 60 full / 0 prefix8 / 1 none-or-n/a
  E5: 5 files, 4 full / 0 prefix8 / 1 none-or-n/a
  E6 run record: 7 files, 6 full / 0 prefix8 / 1 none-or-n/a
  E6 product (§11 files at f9eb4b1, commit f9eb4b1): 19 files, 19 full / 0 prefix8 / 0 none-or-n/a
  E7: 9 files, 8 full / 0 prefix8 / 1 none-or-n/a
  E8: 1 files, 1 full / 0 prefix8 / 0 none-or-n/a
  E9: 37 files, 36 full / 0 prefix8 / 1 none-or-n/a
  E10: 10 files, 10 full / 0 prefix8 / 0 none-or-n/a
  E11: 10 files, 10 full / 0 prefix8 / 0 none-or-n/a
  E12: 20 files, 19 full / 0 prefix8 / 1 none-or-n/a
  E13: 29 files, 29 full / 0 prefix8 / 0 none-or-n/a
  E14: 34 files, 33 full / 0 prefix8 / 1 none-or-n/a
  E15 (sticky F1 runners): 10 files, 10 full / 0 prefix8 / 0 none-or-n/a
  E15 (Features F1 runner): 2 files, 2 full / 0 prefix8 / 0 none-or-n/a
  E16: 2 files, 2 full / 0 prefix8 / 0 none-or-n/a
  E17: 2 files, 2 full / 0 prefix8 / 0 none-or-n/a
  supplementary K-1: 2 files, 1 full / 0 prefix8 / 1 none-or-n/a
  supplementary OE: 6 files, 5 full / 0 prefix8 / 1 none-or-n/a
  supplementary C-FB002: 7 files, 6 full / 0 prefix8 / 1 none-or-n/a
  supplementary C-FD1: 5 files, 0 full / 2 prefix8 / 3 none-or-n/a
  this batch: 141 new files in 10 classes
provenance_missing_or_unclassified_failures=0
exit=0
