{"name":"check","id":"session:mounted:/app/settings/hotkeys","kind":"precondition","pass":true}
{"name":"baseline","requested":"f359be6","resolved":"f359be6d838393e0f9e93efd80b88b5b09f6144e","docsHead":"518fa42053c0f65f745cb0e09d043b429c2b40b5","productDeltaVsDocsHead":"","mode":"host","suffix":"post1","browser":"Chrome/154.0.8037.97","protocol":"1.3","userAgent":"Mozilla/5.0 (Macintosh; Intel Mac OS X 10_15_7) AppleWebKit/537.36 (KHTML, like Gecko) HeadlessChrome/154.0.0.0 Safari/537.36","viewport":{"width":1280,"height":813,"dpr":1},"node":"v24.16.0","esbuild":"0.28.1","lockfileSha256":{"archive":"df05f2ddfd7f2d04d526ec3cccf6559991686188a0e4bcbc48d2b0451c9aeab9","dependencies":"df05f2ddfd7f2d04d526ec3cccf6559991686188a0e4bcbc48d2b0451c9aeab9"},"fixtureSha256":"f9b091807b8fc74c5640fb43278b42cbc2c45ceedc3b5bea9ca607c841aacd83","runnerSha256":"77996177fb470ebb7935db5a13becb2c08d2b48e6a30a2cc1bcf531d6db9f325","reusedHarnessSha256":{"native.tsx":"db5807ef66ead00d70bd5a58fa4769561391cf254d223ef5a6485575ecec68ad","verify-native.mjs":"14846f8034727d143a1c86266310cc72194209c7b3cca7fc2ac03d6fad2c9204"},"bundleSha256":"d9a937fb8fc95fe50fcef4ba2de495ca7d5da179db809867b90ff07df45d3b75","bundleCssSha256":"4253982fdba00ac6ae532227159f59876025f274edb8c13ca9413cb4e7a7ee09","bundleInputs":{"total":629,"archive":559,"thirdParty":69,"foreign":[]},"productHashes":{"packages/plugin-web-settings-rest/src/panes/stickyPane.tsx":"721d75568660872328e2c6c46d4dd405335596b881233947b60b85f5cd97155f","packages/plugin-web-settings-rest/src/internal/StickyColorPalette.tsx":"a13c135bfb7a28f88cccdadf1783a0292e2acdcaca775de884e42cf7e1d127b2","packages/plugin-web-settings-rest/src/internal/localI18n.ts":"7ec96d01eddc9d6057c33cd41c9951e0fec2bd9a34d9df09a9a296441d4d6d6e","packages/plugin-web-settings-rest/src/styles.css":"5eca215a68568196ea12a60e0c9e50135042e0187daa0aa8479822aa1de9e7de","packages/plugin-web-storage/src/internal/prefMutation.ts":"3f8840ac8e7e824ddc9aacb6839d19a0602244235dbfd542f686ca749125ec00","packages/plugin-web-storage/src/internal/usePrefAsync.ts":"541fae97413104b8db90c20d7b565a5492f17fc74d79b3e975f954d7189a4491","packages/plugin-web-storage/src/internal/usePrefAutosaveAsync.ts":"e27f9f86196c08166b3c03f8450a546d486c2035adec42f91a90ae2723350332","packages/plugin-web-storage/src/internal/accountScope.ts":"ca9d79b2188e1a2b011a4c41038019659b43e03127bc8bd876cffafe2e489e36","apps/web/src/routes/modules/departureCoordinator.tsx":"0844a697b146b07fceb1835da7c4410db8812bc07bdea362f3386e991a2bc075","apps/web/src/routes/modules/composedSettingsRegistration.tsx":"bd2ba2dd92da486ce9d3890fe74af6d3878b3394ed410014313412fdceee377d","apps/web/src/routes/modules/settingsDeparture.ts":"80c3a5787df8eb02102c4a508f2fe67c1fbd6a6b8ba7f16b3a65c3f542c8548b","packages/xai-web-shell/src/Shell.tsx":"7d46423f40adc5412f54b701c2c93ab4f7529e329dc22766f387d78f614f8df0","packages/xai-web-shell/src/AppRail.tsx":"6312caa162a7d194774bf95282c203ddc633ccc54068edcd2854dfbfd4633f67"},"origin":"127.0.0.1 (ephemeral port)"}
{"name":"check","id":"baseline:docs-head-product-tree-equals-fixed","kind":"precondition","pass":true,"productDelta":""}
{"name":"check","id":"baseline:lockfile-gate","kind":"precondition","pass":true}
{"name":"check","id":"baseline:bundle-inputs-pinned-to-archive","kind":"precondition","pass":true,"foreign":[],"productInBundle":true}
{"name":"check","id":"baseline:no-mount-runtime-errors","kind":"precondition","pass":true,"runtimeErrors":[]}
{"name":"check","id":"baseline:real-lock-names","kind":"precondition","pass":true,"lockNames":{"color":"xai:pref:v1:xai_pref_sticky_color","font":"xai:pref:v1:xai_pref_sticky_font","pin_default":"xai:pref:v1:xai_pref_sticky_pin_default","restore_size":"xai:pref:v1:xai_pref_sticky_restore_size","grid_spacing":"xai:pref:v1:xai_pref_sticky_grid_spacing"}}
{"name":"check","id":"baseline:storage-injector-fires","kind":"precondition","pass":true,"probe":{"logged":1,"threw":false,"last":{"seq":6,"op":"get","area":"local","key":"xai_pref_sticky_color","outcome":"ok"}}}
{"name":"check","id":"baseline:unload-listener-tracker-fires","kind":"precondition","pass":true,"unloadSelf":{"before":0,"during":1,"after":0}}
{"name":"check","id":"baseline:history-wrappers-intercept-router","kind":"precondition","pass":true,"historyWrapped":true,"navigateWrapped":true,"navigationApi":true,"initialReplace":1,"physical":{"color":null,"font":null,"pin_default":null,"restore_size":null,"grid_spacing":null}}
{"name":"check","id":"baseline:coordinator-wraps-router-navigate-while-mounted","kind":"precondition","pass":true,"historyWrapped":true,"navigateWrapped":true,"navigationApi":true,"initialReplace":1,"physical":{"color":null,"font":null,"pin_default":null,"restore_size":null,"grid_spacing":null}}
{"name":"check","id":"baseline:navigation-api-present","kind":"precondition","pass":true,"historyWrapped":true,"navigateWrapped":true,"navigationApi":true,"initialReplace":1,"physical":{"color":null,"font":null,"pin_default":null,"restore_size":null,"grid_spacing":null}}
{"name":"check","id":"baseline:sticky-bytes-absent","kind":"precondition","pass":true,"physical":{"color":null,"font":null,"pin_default":null,"restore_size":null,"grid_spacing":null}}
{"name":"check","id":"setup:p-mounted","kind":"precondition","pass":true}
{"name":"check","id":"setup:router-commit-and-push-trace-fire","kind":"precondition","pass":true,"w":{"history":[{"seq":9,"method":"pushState","url":"/app/settings/date_time","key":"ron9birf","idx":1,"usr":{"token":"host-P"}}],"pops":[],"commits":[{"seq":10,"key":"ron9birf","pathname":"/app/settings/date_time","search":"","hash":"","state":{"token":"host-P"},"action":"PUSH"}]},"P":{"pathname":"/app/settings/date_time","key":"ron9birf","search":"","hash":"","state":{"token":"host-P"}}}
{"name":"check","id":"input:sidebar-row-present:Sticky Note","kind":"precondition","pass":true}
{"name":"check","id":"input:control-present:sidebar Sticky Note","kind":"precondition","pass":true,"selector":"[data-native-sidebar=\"1\"]"}
{"name":"check","id":"input:hit-test:sidebar Sticky Note","kind":"precondition","pass":true,"selector":"[data-native-sidebar=\"1\"]","hitTarget":"SPAN.grow"}
{"name":"check","id":"setup:s-mounted-by-trusted-sidebar","kind":"precondition","pass":true}
{"name":"check","id":"bu:source-only:faults-observed","kind":"precondition","pass":true,"physical":{"color":"purple","font":null,"pin_default":null,"restore_size":null,"grid_spacing":null},"deniedFontReads":1}
{"name":"check","id":"bu:source-only:reload-only-alerts","kind":"product","pass":true,"recovery":[{"text":"Saved Default Color is unavailable. Reload it; this is not a new unsaved change.","buttons":["Reload Default Color"]},{"text":"Saved Font Size is unavailable. Reload it; this is not a new unsaved change.","buttons":["Reload Font Size"]}],"paneActions":null,"saved":null}
{"name":"check","id":"bu:source-only:zero-mount-writes","kind":"product","pass":true,"stickyMutations":[]}
{"name":"check","id":"setup:s-has-own-key","kind":"product","pass":true,"S":{"pathname":"/app/settings/sticky","key":"21ywreak","search":"","hash":"","state":null}}
{"name":"check","id":"bu:source-only:beforeunload-silent-zero-handler-attempts","kind":"product","pass":true,"warning":{"warned":false,"attempts":0},"unloadListeners":0}
{"name":"check","id":"bu:source-only:no-guard-sign-out-preflight-true","kind":"product","pass":true,"signout":"true","dialog":null}
{"name":"row","row":"beforeunload","case":"source-only","recovery":[{"text":"Saved Default Color is unavailable. Reload it; this is not a new unsaved change.","buttons":["Reload Default Color"]},{"text":"Saved Font Size is unavailable. Reload it; this is not a new unsaved change.","buttons":["Reload Font Size"]}],"physical":{"color":"purple","font":null,"pin_default":null,"restore_size":null,"grid_spacing":null},"warning":{"warned":false,"attempts":0,"listeners":0},"signout":"true"}
{"name":"check","id":"bu:source-only:zero-runtime-errors-no-error-boundary-ui","kind":"product","deferred":true,"pass":true,"window":[0,23],"consoleErrors":[],"errorUi":[]}
{"name":"check","id":"input:button-present:Reload Default Color","kind":"precondition","pass":true,"scope":".sticky-pane"}
{"name":"check","id":"input:control-present:Reload Default Color","kind":"precondition","pass":true,"selector":"[data-native-target=\"1\"]"}
{"name":"check","id":"input:hit-test:Reload Default Color","kind":"precondition","pass":true,"selector":"[data-native-target=\"1\"]","hitTarget":"BUTTON."}
{"name":"check","id":"input:button-present:Reload Font Size","kind":"precondition","pass":true,"scope":".sticky-pane"}
{"name":"check","id":"input:control-present:Reload Font Size","kind":"precondition","pass":true,"selector":"[data-native-target=\"1\"]"}
{"name":"check","id":"input:hit-test:Reload Font Size","kind":"precondition","pass":true,"selector":"[data-native-target=\"1\"]","hitTarget":"BUTTON."}
{"name":"check","id":"bu:clean:reload-repair-zero-writes-no-saved-claim","kind":"product","pass":true,"recovery":[],"mutations":[],"saved":null}
{"name":"check","id":"bu:clean:beforeunload-silent-zero-handler-attempts","kind":"product","pass":true,"warning":{"warned":false,"attempts":0},"unloadListeners":0}
{"name":"row","row":"beforeunload","case":"clean","recovery":[],"warning":{"warned":false,"attempts":0,"listeners":0}}
{"name":"check","id":"bu:clean:zero-runtime-errors-no-error-boundary-ui","kind":"product","deferred":true,"pass":true,"window":[23,27],"consoleErrors":[],"errorUi":[]}
{"name":"check","id":"bu:input-error:option-injected","kind":"precondition","pass":true,"options":["small","normal","large","xl","huge"]}
{"name":"check","id":"input:select-focused:Font Size","kind":"precondition","pass":true}
{"name":"check","id":"bu:input-error:trusted-change-to-injected-value","kind":"precondition","pass":true,"events":[{"seq":28,"type":"keydown","trusted":true,"target":"select:Font Size","key":"h","value":"large"},{"seq":29,"type":"change","trusted":true,"target":"select:Font Size","value":"huge"}]}
{"name":"check","id":"bu:input-error:field-error-zero-writes","kind":"product","pass":true,"recovery":[{"text":"Font Size has an invalid value.","buttons":[]}],"mutations":[],"displayed":"large"}
{"name":"check","id":"bu:input-error:beforeunload-silent-zero-handler-attempts","kind":"product","pass":true,"warning":{"warned":false,"attempts":0},"unloadListeners":0}
{"name":"check","id":"bu:input-error:no-guard-sign-out-preflight-true","kind":"product","pass":true,"signout":"true"}
{"name":"row","row":"beforeunload","case":"input-error-only","recovery":[{"text":"Font Size has an invalid value.","buttons":[]}],"warning":{"warned":false,"attempts":0,"listeners":0},"signout":"true"}
{"name":"check","id":"input:select-focused:Font Size","kind":"precondition","pass":true}
{"name":"check","id":"bu:clean-after-valid-choice:saved-no-warning","kind":"product","pass":true,"mutations":[{"seq":35,"op":"set","area":"local","key":"xai_pref_sticky_font","outcome":"ok","value":"normal"}],"saved":"Sticky Note settings saved."}
{"name":"check","id":"bu:clean-after-valid-choice:beforeunload-silent-zero-handler-attempts","kind":"product","pass":true,"warning":{"warned":false,"attempts":0},"unloadListeners":0}
{"name":"check","id":"bu:input-error:zero-runtime-errors-no-error-boundary-ui","kind":"product","deferred":true,"pass":true,"window":[27,38],"consoleErrors":[],"errorUi":[]}
{"name":"check","id":"c:setup:x-mounted","kind":"precondition","pass":true}
{"name":"check","id":"c:setup:x-pushed","kind":"precondition","pass":true,"X":{"pathname":"/app/settings/hotkeys","key":"tkf396pg","search":"","hash":"","state":{"token":"host-X"}}}
{"name":"check","id":"c:setup:back-to-s:traverse-back-entry-exists","kind":"precondition","pass":true,"currentIndex":4,"length":5}
{"name":"check","id":"c:setup:back-to-s:unguarded-traversal-restores-entry","kind":"product","pass":true,"location":{"pathname":"/app/settings/sticky","key":"21ywreak","state":null},"expected":{"pathname":"/app/settings/sticky","key":"21ywreak","state":null},"step":{"fromIndex":4,"toIndex":3,"entryId":16,"path":"/app/settings/sticky"}}
{"name":"check","id":"c:setup:back-to-s:sticky-remounts-clean","kind":"product","pass":true,"recovery":[],"unloadActive":0}
{"name":"check","id":"c:setup:stack-p-s-x","kind":"precondition","pass":true,"stack":{"currentIndex":3,"length":5,"navIndex":2,"entries":["6:about:blank","13:/app/settings/hotkeys","15:/app/settings/date_time","16:/app/settings/sticky","17:/app/settings/hotkeys"]}}
{"name":"history-entries","P":{"pathname":"/app/settings/date_time","key":"ron9birf","state":{"token":"host-P"}},"S":{"pathname":"/app/settings/sticky","key":"21ywreak","state":null},"X":{"pathname":"/app/settings/hotkeys","key":"tkf396pg","state":{"token":"host-X"}},"stack":{"currentIndex":3,"length":5,"navIndex":2,"entries":["6:about:blank","13:/app/settings/hotkeys","15:/app/settings/date_time","16:/app/settings/sticky","17:/app/settings/hotkeys"]},"navEntries":[{"key":"f94d1888-d738-4e7d-a785-173edec114c8","id":"ec17e315-dc5b-46c6-85fb-e0bed645e17e","path":"/app/settings/hotkeys","index":0},{"key":"c77c52f5-56ab-447e-bec9-6922acafd2a1","id":"e279e190-0c97-4d28-b5e2-6514c33b3be1","path":"/app/settings/date_time","index":1},{"key":"273ea8fa-bd91-4675-a7dc-39ddd7a16362","id":"6a7c184f-6d45-4241-b07d-9e743908e3ba","path":"/app/settings/sticky","index":2},{"key":"bbebcf39-e724-4eb6-b73c-88445bf8a7c3","id":"b2c9b7e7-2fea-4533-8c69-f8b0ac8e42ec","path":"/app/settings/hotkeys","index":3}]}
{"name":"check","id":"input:control-present:color=mint","kind":"precondition","pass":true,"selector":".sticky-pane [data-color-id=\"mint\"]"}
{"name":"check","id":"input:hit-test:color=mint","kind":"precondition","pass":true,"selector":".sticky-pane [data-color-id=\"mint\"]","hitTarget":"BUTTON.sn-sw"}
{"name":"check","id":"c1:write-fault-fired-color","kind":"precondition","pass":true,"denied":[{"seq":52,"op":"set","area":"local","key":"xai_pref_sticky_color","outcome":"denied","value":"mint"}],"recovery":[{"text":"Default Color was not saved.","buttons":["Retry Default Color","Discard Default Color"]}],"physical":{"color":null,"font":"normal","pin_default":null,"restore_size":null,"grid_spacing":null}}
{"name":"check","id":"c1:back-stay:traverse-back-entry-exists","kind":"precondition","pass":true,"currentIndex":3,"length":5}
{"name":"check","id":"c1:back-stay:url-restored-after-blocked-pop","kind":"precondition","pass":true,"windowPath":"/app/settings/sticky","historyState":{"usr":null,"key":"21ywreak","idx":2}}
{"name":"check","id":"c1:back-stay:held-dialog-open","kind":"product","pass":true,"dialog":{"label":"Unsaved Sticky Note draft","text":"Sticky Note has unsaved changes.","buttons":["Stay","Export current draft","Discard local changes and leave"]}}
{"name":"check","id":"c1:back-stay:held-location-unchanged","kind":"product","pass":true,"location":{"pathname":"/app/settings/sticky","key":"21ywreak","state":null},"windowPath":"/app/settings/sticky","pane":"sticky"}
{"name":"check","id":"c1:back-stay:held-history-stack-intact","kind":"product","pass":true,"stack":{"currentIndex":3,"length":5,"navIndex":2,"entries":["6:about:blank","13:/app/settings/hotkeys","15:/app/settings/date_time","16:/app/settings/sticky","17:/app/settings/hotkeys"]}}
{"name":"check","id":"c1:back-stay:held-zero-push-replace-commit","kind":"product","pass":true,"heldWindow":{"pushState":0,"replaceState":0,"popstate":2,"commits":0}}
{"name":"check","id":"input:button-present:Stay","kind":"precondition","pass":true,"scope":".settings-departure-dialog"}
{"name":"check","id":"input:control-present:Stay","kind":"precondition","pass":true,"selector":"[data-native-target=\"1\"]"}
{"name":"check","id":"input:hit-test:Stay","kind":"precondition","pass":true,"selector":"[data-native-target=\"1\"]","hitTarget":"BUTTON."}
{"name":"check","id":"c1:back-stay:location-deep-equal-s","kind":"product","pass":true,"location":{"pathname":"/app/settings/sticky","key":"21ywreak","state":null}}
{"name":"check","id":"c1:back-stay:history-stack-intact","kind":"product","pass":true,"stack":{"currentIndex":3,"length":5,"navIndex":2,"entries":["6:about:blank","13:/app/settings/hotkeys","15:/app/settings/date_time","16:/app/settings/sticky","17:/app/settings/hotkeys"]}}
{"name":"check","id":"c1:back-stay:pane-and-draft-kept","kind":"product","pass":true,"recovery":[{"text":"Default Color was not saved.","buttons":["Retry Default Color","Discard Default Color"]}]}
{"name":"check","id":"c1:back-stay:no-history-mutation","kind":"product","pass":true,"pushState":0,"replaceState":0,"popstate":2,"commits":0}
{"name":"check","id":"c1:back-stay:beforeunload-warns-zero-handler-attempts","kind":"product","pass":true,"warning":{"warned":true,"attempts":0},"unloadListeners":1}
{"name":"row","row":"c","case":"back-stay","target":{"fromIndex":3,"toIndex":2,"entryId":15,"path":"/app/settings/date_time"},"expected":{"pathname":"/app/settings/sticky","key":"21ywreak","state":null},"observed":{"pathname":"/app/settings/sticky","key":"21ywreak","state":null},"heldWindow":{"pushState":0,"replaceState":0,"popstate":2,"commits":0},"counters":{"pushState":0,"replaceState":0,"popstate":2,"commits":0},"stack":{"currentIndex":3,"length":5,"navIndex":2,"entries":["6:about:blank","13:/app/settings/hotkeys","15:/app/settings/date_time","16:/app/settings/sticky","17:/app/settings/hotkeys"]},"warning":{"warned":true,"attempts":0,"listeners":1}}
{"name":"check","id":"c1:zero-runtime-errors-no-error-boundary-ui","kind":"product","deferred":true,"pass":true,"window":[38,57],"consoleErrors":[],"errorUi":[]}
{"name":"check","id":"c2:back-discard:traverse-back-entry-exists","kind":"precondition","pass":true,"currentIndex":3,"length":5}
{"name":"check","id":"c2:back-discard:url-restored-after-blocked-pop","kind":"precondition","pass":true,"windowPath":"/app/settings/sticky","historyState":{"usr":null,"key":"21ywreak","idx":2}}
{"name":"check","id":"c2:back-discard:held-dialog-open","kind":"product","pass":true,"dialog":{"label":"Unsaved Sticky Note draft","text":"Sticky Note has unsaved changes.","buttons":["Stay","Export current draft","Discard local changes and leave"]}}
{"name":"check","id":"c2:back-discard:held-location-unchanged","kind":"product","pass":true,"location":{"pathname":"/app/settings/sticky","key":"21ywreak","state":null},"windowPath":"/app/settings/sticky","pane":"sticky"}
{"name":"check","id":"c2:back-discard:held-history-stack-intact","kind":"product","pass":true,"stack":{"currentIndex":3,"length":5,"navIndex":2,"entries":["6:about:blank","13:/app/settings/hotkeys","15:/app/settings/date_time","16:/app/settings/sticky","17:/app/settings/hotkeys"]}}
{"name":"check","id":"c2:back-discard:held-zero-push-replace-commit","kind":"product","pass":true,"heldWindow":{"pushState":0,"replaceState":0,"popstate":2,"commits":0}}
{"name":"check","id":"input:button-present:Discard local changes and leave","kind":"precondition","pass":true,"scope":".settings-departure-dialog"}
{"name":"check","id":"input:control-present:Discard local changes and leave","kind":"precondition","pass":true,"selector":"[data-native-target=\"1\"]"}
{"name":"check","id":"input:hit-test:Discard local changes and leave","kind":"precondition","pass":true,"selector":"[data-native-target=\"1\"]","hitTarget":"BUTTON."}
{"name":"check","id":"c2:back-discard:location-deep-equal-p","kind":"product","pass":true,"location":{"pathname":"/app/settings/date_time","key":"ron9birf","state":{"token":"host-P"}},"expected":{"pathname":"/app/settings/date_time","key":"ron9birf","state":{"token":"host-P"}}}
{"name":"check","id":"c2:back-discard:history-stack-intact","kind":"product","pass":true,"stack":{"currentIndex":2,"length":5,"navIndex":1,"entries":["6:about:blank","13:/app/settings/hotkeys","15:/app/settings/date_time","16:/app/settings/sticky","17:/app/settings/hotkeys"]}}
{"name":"check","id":"c2:back-discard:pop-release-once-no-push-replace","kind":"product","pass":true,"pushState":0,"replaceState":0,"popstate":3,"commits":1}
{"name":"check","id":"c2:back-discard:zero-writes","kind":"product","pass":true,"mutations":[],"physical":null}
{"name":"row","row":"c","case":"back-discard-and-leave","target":{"fromIndex":3,"toIndex":2,"entryId":15,"path":"/app/settings/date_time"},"expected":{"pathname":"/app/settings/date_time","key":"ron9birf","state":{"token":"host-P"}},"observed":{"pathname":"/app/settings/date_time","key":"ron9birf","state":{"token":"host-P"}},"counters":{"pushState":0,"replaceState":0,"popstate":3,"commits":1},"commits":[{"seq":66,"key":"ron9birf","pathname":"/app/settings/date_time","search":"","hash":"","state":{"token":"host-P"},"action":"POP"}],"stack":{"currentIndex":2,"length":5,"navIndex":1,"entries":["6:about:blank","13:/app/settings/hotkeys","15:/app/settings/date_time","16:/app/settings/sticky","17:/app/settings/hotkeys"]},"writes":0}
{"name":"check","id":"c2:zero-runtime-errors-no-error-boundary-ui","kind":"product","deferred":true,"pass":true,"window":[57,71],"consoleErrors":[],"errorUi":[]}
{"name":"check","id":"c2:forward-to-s:traverse-forward-entry-exists","kind":"precondition","pass":true,"currentIndex":2,"length":5}
{"name":"check","id":"c2:forward-to-s:unguarded-traversal-restores-entry","kind":"product","pass":true,"location":{"pathname":"/app/settings/sticky","key":"21ywreak","state":null},"expected":{"pathname":"/app/settings/sticky","key":"21ywreak","state":null},"step":{"fromIndex":2,"toIndex":3,"entryId":16,"path":"/app/settings/sticky"}}
{"name":"check","id":"c2:forward-to-s:sticky-remounts-clean","kind":"product","pass":true,"recovery":[],"unloadActive":0}
{"name":"check","id":"input:select-focused:Font Size","kind":"precondition","pass":true}
{"name":"xai:pref:v1:xai_pref_sticky_font","id":"c3:engine-waits-behind-real-lock-font","kind":"precondition","pass":true,"pending":true,"waiting":true,"appRequests":[{"seq":82,"name":"xai:pref:v1:xai_pref_sticky_font","mode":"exclusive","by":"app"}]}
{"name":"check","id":"c3:back-latest:traverse-back-entry-exists","kind":"precondition","pass":true,"currentIndex":3,"length":5}
{"name":"check","id":"c3:back-latest:url-restored-after-blocked-pop","kind":"precondition","pass":true,"windowPath":"/app/settings/sticky","historyState":{"usr":null,"key":"21ywreak","idx":2}}
{"name":"check","id":"c3:back-latest:held-dialog-open","kind":"product","pass":true,"dialog":{"label":"Unsaved Sticky Note draft","text":"Sticky Note has unsaved changes.","buttons":["Stay","Export current draft","Discard local changes and leave"]}}
{"name":"check","id":"c3:back-latest:held-location-unchanged","kind":"product","pass":true,"location":{"pathname":"/app/settings/sticky","key":"21ywreak","state":null},"windowPath":"/app/settings/sticky","pane":"sticky"}
{"name":"check","id":"c3:back-latest:held-history-stack-intact","kind":"product","pass":true,"stack":{"currentIndex":3,"length":5,"navIndex":2,"entries":["6:about:blank","13:/app/settings/hotkeys","15:/app/settings/date_time","16:/app/settings/sticky","17:/app/settings/hotkeys"]}}
{"name":"check","id":"c3:back-latest:held-zero-push-replace-commit","kind":"product","pass":true,"heldWindow":{"pushState":0,"replaceState":0,"popstate":2,"commits":0}}
{"name":"check","id":"c3:back-latest:location-deep-equal-p","kind":"product","pass":true,"location":{"pathname":"/app/settings/date_time","key":"ron9birf","state":{"token":"host-P"}},"expected":{"pathname":"/app/settings/date_time","key":"ron9birf","state":{"token":"host-P"}}}
{"name":"check","id":"c3:back-latest:history-stack-intact","kind":"product","pass":true,"stack":{"currentIndex":2,"length":5,"navIndex":1,"entries":["6:about:blank","13:/app/settings/hotkeys","15:/app/settings/date_time","16:/app/settings/sticky","17:/app/settings/hotkeys"]}}
{"name":"check","id":"c3:back-latest:pop-release-once-no-push-replace","kind":"product","pass":true,"pushState":0,"replaceState":0,"popstate":1,"commits":1}
{"name":"check","id":"c3:back-latest:latest-persisted-dialog-closed","kind":"product","pass":true,"fontSets":[{"seq":88,"op":"set","area":"local","key":"xai_pref_sticky_font","outcome":"ok","value":"small"}],"physical":"small"}
{"name":"row","row":"c","case":"back-latest-completion-release","target":{"fromIndex":3,"toIndex":2,"entryId":15,"path":"/app/settings/date_time"},"expected":{"pathname":"/app/settings/date_time","key":"ron9birf","state":{"token":"host-P"}},"observed":{"pathname":"/app/settings/date_time","key":"ron9birf","state":{"token":"host-P"}},"counters":{"pushState":0,"replaceState":0,"popstate":1,"commits":1},"commits":[{"seq":94,"key":"ron9birf","pathname":"/app/settings/date_time","search":"","hash":"","state":{"token":"host-P"},"action":"POP"}],"stack":{"currentIndex":2,"length":5,"navIndex":1,"entries":["6:about:blank","13:/app/settings/hotkeys","15:/app/settings/date_time","16:/app/settings/sticky","17:/app/settings/hotkeys"]},"write":{"seq":88,"op":"set","area":"local","key":"xai_pref_sticky_font","outcome":"ok","value":"small"}}
{"name":"check","id":"c3:zero-runtime-errors-no-error-boundary-ui","kind":"product","deferred":true,"pass":true,"window":[71,99],"consoleErrors":[],"errorUi":[]}
{"name":"check","id":"c3:forward-to-s:traverse-forward-entry-exists","kind":"precondition","pass":true,"currentIndex":2,"length":5}
{"name":"check","id":"c3:forward-to-s:unguarded-traversal-restores-entry","kind":"product","pass":true,"location":{"pathname":"/app/settings/sticky","key":"21ywreak","state":null},"expected":{"pathname":"/app/settings/sticky","key":"21ywreak","state":null},"step":{"fromIndex":2,"toIndex":3,"entryId":16,"path":"/app/settings/sticky"}}
{"name":"check","id":"c3:forward-to-s:sticky-remounts-clean","kind":"product","pass":true,"recovery":[],"unloadActive":0}
{"name":"check","id":"input:control-present:pin_default","kind":"precondition","pass":true,"selector":".sticky-pane [role=\"switch\"][aria-label=\"Pin by Default\"]"}
{"name":"check","id":"input:hit-test:pin_default","kind":"precondition","pass":true,"selector":".sticky-pane [role=\"switch\"][aria-label=\"Pin by Default\"]","hitTarget":"BUTTON.toggle on"}
{"name":"check","id":"c4:write-fault-fired-pin_default","kind":"precondition","pass":true,"denied":[{"seq":111,"op":"set","area":"local","key":"xai_pref_sticky_pin_default","outcome":"denied","value":"false"}],"recovery":[{"text":"Pin by Default was not saved.","buttons":["Retry Pin by Default","Discard Pin by Default"]}],"physical":{"color":null,"font":"small","pin_default":null,"restore_size":null,"grid_spacing":null}}
{"name":"check","id":"c4:forward-stay:traverse-forward-entry-exists","kind":"precondition","pass":true,"currentIndex":3,"length":5}
{"name":"check","id":"c4:forward-stay:url-restored-after-blocked-pop","kind":"precondition","pass":true,"windowPath":"/app/settings/sticky","historyState":{"usr":null,"key":"21ywreak","idx":2}}
{"name":"check","id":"c4:forward-stay:held-dialog-open","kind":"product","pass":true,"dialog":{"label":"Unsaved Sticky Note draft","text":"Sticky Note has unsaved changes.","buttons":["Stay","Export current draft","Discard local changes and leave"]}}
{"name":"check","id":"c4:forward-stay:held-location-unchanged","kind":"product","pass":true,"location":{"pathname":"/app/settings/sticky","key":"21ywreak","state":null},"windowPath":"/app/settings/sticky","pane":"sticky"}
{"name":"check","id":"c4:forward-stay:held-history-stack-intact","kind":"product","pass":true,"stack":{"currentIndex":3,"length":5,"navIndex":2,"entries":["6:about:blank","13:/app/settings/hotkeys","15:/app/settings/date_time","16:/app/settings/sticky","17:/app/settings/hotkeys"]}}
{"name":"check","id":"c4:forward-stay:held-zero-push-replace-commit","kind":"product","pass":true,"heldWindow":{"pushState":0,"replaceState":0,"popstate":2,"commits":0}}
{"name":"check","id":"input:button-present:Stay","kind":"precondition","pass":true,"scope":".settings-departure-dialog"}
{"name":"check","id":"input:control-present:Stay","kind":"precondition","pass":true,"selector":"[data-native-target=\"1\"]"}
{"name":"check","id":"input:hit-test:Stay","kind":"precondition","pass":true,"selector":"[data-native-target=\"1\"]","hitTarget":"BUTTON."}
{"name":"check","id":"c4:forward-stay:location-deep-equal-s","kind":"product","pass":true,"location":{"pathname":"/app/settings/sticky","key":"21ywreak","state":null}}
{"name":"check","id":"c4:forward-stay:history-stack-intact-forward-entry-kept","kind":"product","pass":true,"stack":{"currentIndex":3,"length":5,"navIndex":2,"entries":["6:about:blank","13:/app/settings/hotkeys","15:/app/settings/date_time","16:/app/settings/sticky","17:/app/settings/hotkeys"]}}
{"name":"check","id":"c4:forward-stay:pane-and-draft-kept","kind":"product","pass":true,"recovery":[{"text":"Pin by Default was not saved.","buttons":["Retry Pin by Default","Discard Pin by Default"]}]}
{"name":"check","id":"c4:forward-stay:no-history-mutation","kind":"product","pass":true,"pushState":0,"replaceState":0,"popstate":2,"commits":0}
{"name":"check","id":"c4:forward-stay:beforeunload-warns-zero-handler-attempts","kind":"product","pass":true,"warning":{"warned":true,"attempts":0},"unloadListeners":1}
{"name":"row","row":"c","case":"guarded-forward-stay","target":{"fromIndex":3,"toIndex":4,"entryId":17,"path":"/app/settings/hotkeys"},"expected":{"pathname":"/app/settings/sticky","key":"21ywreak","state":null},"observed":{"pathname":"/app/settings/sticky","key":"21ywreak","state":null},"heldWindow":{"pushState":0,"replaceState":0,"popstate":2,"commits":0},"counters":{"pushState":0,"replaceState":0,"popstate":2,"commits":0},"stack":{"currentIndex":3,"length":5,"navIndex":2,"entries":["6:about:blank","13:/app/settings/hotkeys","15:/app/settings/date_time","16:/app/settings/sticky","17:/app/settings/hotkeys"]},"warning":{"warned":true,"attempts":0,"listeners":1}}
{"name":"check","id":"c4:zero-runtime-errors-no-error-boundary-ui","kind":"product","deferred":true,"pass":true,"window":[99,116],"consoleErrors":[],"errorUi":[]}
{"name":"check","id":"c5:forward-discard:traverse-forward-entry-exists","kind":"precondition","pass":true,"currentIndex":3,"length":5}
{"name":"check","id":"c5:forward-discard:url-restored-after-blocked-pop","kind":"precondition","pass":true,"windowPath":"/app/settings/sticky","historyState":{"usr":null,"key":"21ywreak","idx":2}}
{"name":"check","id":"c5:forward-discard:held-dialog-open","kind":"product","pass":true,"dialog":{"label":"Unsaved Sticky Note draft","text":"Sticky Note has unsaved changes.","buttons":["Stay","Export current draft","Discard local changes and leave"]}}
{"name":"check","id":"c5:forward-discard:held-location-unchanged","kind":"product","pass":true,"location":{"pathname":"/app/settings/sticky","key":"21ywreak","state":null},"windowPath":"/app/settings/sticky","pane":"sticky"}
{"name":"check","id":"c5:forward-discard:held-history-stack-intact","kind":"product","pass":true,"stack":{"currentIndex":3,"length":5,"navIndex":2,"entries":["6:about:blank","13:/app/settings/hotkeys","15:/app/settings/date_time","16:/app/settings/sticky","17:/app/settings/hotkeys"]}}
{"name":"check","id":"c5:forward-discard:held-zero-push-replace-commit","kind":"product","pass":true,"heldWindow":{"pushState":0,"replaceState":0,"popstate":2,"commits":0}}
{"name":"check","id":"input:button-present:Discard local changes and leave","kind":"precondition","pass":true,"scope":".settings-departure-dialog"}
{"name":"check","id":"input:control-present:Discard local changes and leave","kind":"precondition","pass":true,"selector":"[data-native-target=\"1\"]"}
{"name":"check","id":"input:hit-test:Discard local changes and leave","kind":"precondition","pass":true,"selector":"[data-native-target=\"1\"]","hitTarget":"BUTTON."}
{"name":"check","id":"c5:forward-discard:location-deep-equal-x","kind":"product","pass":true,"location":{"pathname":"/app/settings/hotkeys","key":"tkf396pg","state":{"token":"host-X"}},"expected":{"pathname":"/app/settings/hotkeys","key":"tkf396pg","state":{"token":"host-X"}}}
{"name":"check","id":"c5:forward-discard:history-stack-intact","kind":"product","pass":true,"stack":{"currentIndex":4,"length":5,"navIndex":3,"entries":["6:about:blank","13:/app/settings/hotkeys","15:/app/settings/date_time","16:/app/settings/sticky","17:/app/settings/hotkeys"]}}
{"name":"check","id":"c5:forward-discard:pop-release-once-no-push-replace","kind":"product","pass":true,"pushState":0,"replaceState":0,"popstate":3,"commits":1}
{"name":"check","id":"c5:forward-discard:zero-writes","kind":"product","pass":true,"mutations":[]}
{"name":"row","row":"c","case":"guarded-forward-discard-and-leave","target":{"fromIndex":3,"toIndex":4,"entryId":17,"path":"/app/settings/hotkeys"},"expected":{"pathname":"/app/settings/hotkeys","key":"tkf396pg","state":{"token":"host-X"}},"observed":{"pathname":"/app/settings/hotkeys","key":"tkf396pg","state":{"token":"host-X"}},"counters":{"pushState":0,"replaceState":0,"popstate":3,"commits":1},"commits":[{"seq":125,"key":"tkf396pg","pathname":"/app/settings/hotkeys","search":"","hash":"","state":{"token":"host-X"},"action":"POP"}],"stack":{"currentIndex":4,"length":5,"navIndex":3,"entries":["6:about:blank","13:/app/settings/hotkeys","15:/app/settings/date_time","16:/app/settings/sticky","17:/app/settings/hotkeys"]},"writes":0}
{"name":"check","id":"c5:zero-runtime-errors-no-error-boundary-ui","kind":"product","deferred":true,"pass":true,"window":[116,125],"consoleErrors":[],"errorUi":[]}
{"name":"check","id":"c5:back-to-s:traverse-back-entry-exists","kind":"precondition","pass":true,"currentIndex":4,"length":5}
{"name":"check","id":"c5:back-to-s:unguarded-traversal-restores-entry","kind":"product","pass":true,"location":{"pathname":"/app/settings/sticky","key":"21ywreak","state":null},"expected":{"pathname":"/app/settings/sticky","key":"21ywreak","state":null},"step":{"fromIndex":4,"toIndex":3,"entryId":16,"path":"/app/settings/sticky"}}
{"name":"check","id":"c5:back-to-s:sticky-remounts-clean","kind":"product","pass":true,"recovery":[],"unloadActive":0}
{"name":"check","id":"input:control-present:grid_spacing=large","kind":"precondition","pass":true,"selector":".sticky-pane [data-spacing-id=\"large\"]"}
{"name":"check","id":"input:hit-test:grid_spacing=large","kind":"precondition","pass":true,"selector":".sticky-pane [data-spacing-id=\"large\"]","hitTarget":"BUTTON.sn-sp"}
{"name":"xai:pref:v1:xai_pref_sticky_grid_spacing","id":"c6:engine-waits-behind-real-lock-grid_spacing","kind":"precondition","pass":true,"pending":true,"waiting":true,"appRequests":[{"seq":135,"name":"xai:pref:v1:xai_pref_sticky_grid_spacing","mode":"exclusive","by":"app"}]}
{"name":"check","id":"c6:forward-latest:traverse-forward-entry-exists","kind":"precondition","pass":true,"currentIndex":3,"length":5}
{"name":"check","id":"c6:forward-latest:url-restored-after-blocked-pop","kind":"precondition","pass":true,"windowPath":"/app/settings/sticky","historyState":{"usr":null,"key":"21ywreak","idx":2}}
{"name":"check","id":"c6:forward-latest:held-dialog-open","kind":"product","pass":true,"dialog":{"label":"Unsaved Sticky Note draft","text":"Sticky Note has unsaved changes.","buttons":["Stay","Export current draft","Discard local changes and leave"]}}
{"name":"check","id":"c6:forward-latest:held-location-unchanged","kind":"product","pass":true,"location":{"pathname":"/app/settings/sticky","key":"21ywreak","state":null},"windowPath":"/app/settings/sticky","pane":"sticky"}
{"name":"check","id":"c6:forward-latest:held-history-stack-intact","kind":"product","pass":true,"stack":{"currentIndex":3,"length":5,"navIndex":2,"entries":["6:about:blank","13:/app/settings/hotkeys","15:/app/settings/date_time","16:/app/settings/sticky","17:/app/settings/hotkeys"]}}
{"name":"check","id":"c6:forward-latest:held-zero-push-replace-commit","kind":"product","pass":true,"heldWindow":{"pushState":0,"replaceState":0,"popstate":2,"commits":0}}
{"name":"check","id":"c6:forward-latest:location-deep-equal-x","kind":"product","pass":true,"location":{"pathname":"/app/settings/hotkeys","key":"tkf396pg","state":{"token":"host-X"}},"expected":{"pathname":"/app/settings/hotkeys","key":"tkf396pg","state":{"token":"host-X"}}}
{"name":"check","id":"c6:forward-latest:history-stack-intact","kind":"product","pass":true,"stack":{"currentIndex":4,"length":5,"navIndex":3,"entries":["6:about:blank","13:/app/settings/hotkeys","15:/app/settings/date_time","16:/app/settings/sticky","17:/app/settings/hotkeys"]}}
{"name":"check","id":"c6:forward-latest:pop-release-once-no-push-replace","kind":"product","pass":true,"pushState":0,"replaceState":0,"popstate":1,"commits":1}
{"name":"check","id":"c6:forward-latest:latest-persisted-dialog-closed","kind":"product","pass":true,"sets":[{"seq":141,"op":"set","area":"local","key":"xai_pref_sticky_grid_spacing","outcome":"ok","value":"large"}]}
{"name":"row","row":"c","case":"guarded-forward-latest-completion-release","target":{"fromIndex":3,"toIndex":4,"entryId":17,"path":"/app/settings/hotkeys"},"expected":{"pathname":"/app/settings/hotkeys","key":"tkf396pg","state":{"token":"host-X"}},"observed":{"pathname":"/app/settings/hotkeys","key":"tkf396pg","state":{"token":"host-X"}},"counters":{"pushState":0,"replaceState":0,"popstate":1,"commits":1},"commits":[{"seq":147,"key":"tkf396pg","pathname":"/app/settings/hotkeys","search":"","hash":"","state":{"token":"host-X"},"action":"POP"}],"stack":{"currentIndex":4,"length":5,"navIndex":3,"entries":["6:about:blank","13:/app/settings/hotkeys","15:/app/settings/date_time","16:/app/settings/sticky","17:/app/settings/hotkeys"]},"write":{"seq":141,"op":"set","area":"local","key":"xai_pref_sticky_grid_spacing","outcome":"ok","value":"large"}}
{"name":"check","id":"c6:zero-runtime-errors-no-error-boundary-ui","kind":"product","deferred":true,"pass":true,"window":[125,147],"consoleErrors":[],"errorUi":[]}
{"name":"check","id":"c6:back-to-s:traverse-back-entry-exists","kind":"precondition","pass":true,"currentIndex":4,"length":5}
{"name":"check","id":"c6:back-to-s:unguarded-traversal-restores-entry","kind":"product","pass":true,"location":{"pathname":"/app/settings/sticky","key":"21ywreak","state":null},"expected":{"pathname":"/app/settings/sticky","key":"21ywreak","state":null},"step":{"fromIndex":4,"toIndex":3,"entryId":16,"path":"/app/settings/sticky"}}
{"name":"check","id":"c6:back-to-s:sticky-remounts-clean","kind":"product","pass":true,"recovery":[],"unloadActive":0}
{"name":"check","id":"input:control-present:restore_size","kind":"precondition","pass":true,"selector":".sticky-pane [role=\"switch\"][aria-label=\"Restore Default Size\"]"}
{"name":"check","id":"input:hit-test:restore_size","kind":"precondition","pass":true,"selector":".sticky-pane [role=\"switch\"][aria-label=\"Restore Default Size\"]","hitTarget":"BUTTON.toggle"}
{"name":"check","id":"c7:write-fault-fired-restore_size","kind":"precondition","pass":true,"denied":[{"seq":159,"op":"set","area":"local","key":"xai_pref_sticky_restore_size","outcome":"denied","value":"true"}],"recovery":[{"text":"Restore Default Size was not saved.","buttons":["Retry Restore Default Size","Discard Restore Default Size"]}],"physical":{"color":null,"font":"small","pin_default":null,"restore_size":null,"grid_spacing":"large"}}
{"name":"check","id":"c7:delta-back-discard:held-dialog-open","kind":"product","pass":true,"dialog":{"label":"Unsaved Sticky Note draft","text":"Sticky Note has unsaved changes.","buttons":["Stay","Export current draft","Discard local changes and leave"]}}
{"name":"check","id":"c7:delta-back-discard:held-location-unchanged","kind":"product","pass":true,"location":{"pathname":"/app/settings/sticky","key":"21ywreak","state":null},"windowPath":"/app/settings/sticky","pane":"sticky"}
{"name":"check","id":"input:button-present:Discard local changes and leave","kind":"precondition","pass":true,"scope":".settings-departure-dialog"}
{"name":"check","id":"input:control-present:Discard local changes and leave","kind":"precondition","pass":true,"selector":"[data-native-target=\"1\"]"}
{"name":"check","id":"input:hit-test:Discard local changes and leave","kind":"precondition","pass":true,"selector":"[data-native-target=\"1\"]","hitTarget":"BUTTON."}
{"name":"check","id":"c7:delta-back-discard:location-deep-equal-p","kind":"product","pass":true,"location":{"pathname":"/app/settings/date_time","key":"ron9birf","state":{"token":"host-P"}}}
{"name":"check","id":"c7:delta-back-discard:history-stack-intact","kind":"product","pass":true,"stack":{"currentIndex":2,"length":5,"navIndex":1,"entries":["6:about:blank","13:/app/settings/hotkeys","15:/app/settings/date_time","16:/app/settings/sticky","17:/app/settings/hotkeys"]}}
{"name":"check","id":"c7:delta-back-discard:pop-release-once-no-push-replace-zero-writes","kind":"product","pass":true,"counters":{"pushState":0,"replaceState":0,"popstate":1,"commits":1},"mutations":[]}
{"name":"row","row":"c","case":"programmatic-navigate(-1)-discard","expected":{"pathname":"/app/settings/date_time","key":"ron9birf","state":{"token":"host-P"}},"observed":{"pathname":"/app/settings/date_time","key":"ron9birf","state":{"token":"host-P"}},"counters":{"pushState":0,"replaceState":0,"popstate":1,"commits":1},"stack":{"currentIndex":2,"length":5,"navIndex":1,"entries":["6:about:blank","13:/app/settings/hotkeys","15:/app/settings/date_time","16:/app/settings/sticky","17:/app/settings/hotkeys"]}}
{"name":"check","id":"c7:zero-runtime-errors-no-error-boundary-ui","kind":"product","deferred":true,"pass":true,"window":[147,169],"consoleErrors":[],"errorUi":[]}
{"name":"check","id":"c7:forward-to-s:traverse-forward-entry-exists","kind":"precondition","pass":true,"currentIndex":2,"length":5}
{"name":"check","id":"c7:forward-to-s:unguarded-traversal-restores-entry","kind":"product","pass":true,"location":{"pathname":"/app/settings/sticky","key":"21ywreak","state":null},"expected":{"pathname":"/app/settings/sticky","key":"21ywreak","state":null},"step":{"fromIndex":2,"toIndex":3,"entryId":16,"path":"/app/settings/sticky"}}
{"name":"check","id":"c7:forward-to-s:sticky-remounts-clean","kind":"product","pass":true,"recovery":[],"unloadActive":0}
{"name":"check","id":"input:control-present:restore_size","kind":"precondition","pass":true,"selector":".sticky-pane [role=\"switch\"][aria-label=\"Restore Default Size\"]"}
{"name":"check","id":"input:hit-test:restore_size","kind":"precondition","pass":true,"selector":".sticky-pane [role=\"switch\"][aria-label=\"Restore Default Size\"]","hitTarget":"BUTTON.toggle"}
{"name":"check","id":"c8:write-fault-fired-restore_size","kind":"precondition","pass":true,"denied":[{"seq":181,"op":"set","area":"local","key":"xai_pref_sticky_restore_size","outcome":"denied","value":"true"}],"recovery":[{"text":"Restore Default Size was not saved.","buttons":["Retry Restore Default Size","Discard Restore Default Size"]}],"physical":{"color":null,"font":"small","pin_default":null,"restore_size":null,"grid_spacing":"large"}}
{"name":"check","id":"c8:delta-forward-stay:held-dialog-open","kind":"product","pass":true,"dialog":{"label":"Unsaved Sticky Note draft","text":"Sticky Note has unsaved changes.","buttons":["Stay","Export current draft","Discard local changes and leave"]}}
{"name":"check","id":"c8:delta-forward-stay:held-location-unchanged","kind":"product","pass":true,"location":{"pathname":"/app/settings/sticky","key":"21ywreak","state":null},"windowPath":"/app/settings/sticky","pane":"sticky"}
{"name":"check","id":"input:button-present:Stay","kind":"precondition","pass":true,"scope":".settings-departure-dialog"}
{"name":"check","id":"input:control-present:Stay","kind":"precondition","pass":true,"selector":"[data-native-target=\"1\"]"}
{"name":"check","id":"input:hit-test:Stay","kind":"precondition","pass":true,"selector":"[data-native-target=\"1\"]","hitTarget":"BUTTON."}
{"name":"check","id":"c8:delta-forward-stay:location-deep-equal-s-stack-intact","kind":"product","pass":true,"location":{"pathname":"/app/settings/sticky","key":"21ywreak","state":null},"stack":{"currentIndex":3,"length":5,"navIndex":2,"entries":["6:about:blank","13:/app/settings/hotkeys","15:/app/settings/date_time","16:/app/settings/sticky","17:/app/settings/hotkeys"]}}
{"name":"check","id":"c8:delta-forward-stay:no-history-mutation-draft-kept","kind":"product","pass":true,"counters":{"pushState":0,"replaceState":0,"popstate":0,"commits":0},"recovery":[{"text":"Restore Default Size was not saved.","buttons":["Retry Restore Default Size","Discard Restore Default Size"]}]}
{"name":"row","row":"c","case":"programmatic-navigate(1)-stay","expected":{"pathname":"/app/settings/sticky","key":"21ywreak","state":null},"observed":{"pathname":"/app/settings/sticky","key":"21ywreak","state":null},"counters":{"pushState":0,"replaceState":0,"popstate":0,"commits":0},"stack":{"currentIndex":3,"length":5,"navIndex":2,"entries":["6:about:blank","13:/app/settings/hotkeys","15:/app/settings/date_time","16:/app/settings/sticky","17:/app/settings/hotkeys"]}}
{"name":"check","id":"c8:zero-runtime-errors-no-error-boundary-ui","kind":"product","deferred":true,"pass":true,"window":[169,182],"consoleErrors":[],"errorUi":[]}
{"name":"check","id":"input:button-present:Discard Restore Default Size","kind":"precondition","pass":true,"scope":".sticky-pane"}
{"name":"check","id":"input:control-present:Discard Restore Default Size","kind":"precondition","pass":true,"selector":"[data-native-target=\"1\"]"}
{"name":"check","id":"input:hit-test:Discard Restore Default Size","kind":"precondition","pass":true,"selector":"[data-native-target=\"1\"]","hitTarget":"BUTTON."}
{"name":"check","id":"c8:cleanup:targeted-discard-zero-writes","kind":"precondition","pass":true,"mutations":[]}
{"name":"check","id":"input:control-present:color=lilac","kind":"precondition","pass":true,"selector":".sticky-pane [data-color-id=\"lilac\"]"}
{"name":"check","id":"input:hit-test:color=lilac","kind":"precondition","pass":true,"selector":".sticky-pane [data-color-id=\"lilac\"]","hitTarget":"BUTTON.sn-sw"}
{"name":"check","id":"c9:back-retry:write-fault-fired-color","kind":"precondition","pass":true,"denied":[{"seq":190,"op":"set","area":"local","key":"xai_pref_sticky_color","outcome":"denied","value":"lilac"}],"recovery":[{"text":"Default Color was not saved.","buttons":["Retry Default Color","Discard Default Color"]}],"physical":{"color":null,"font":"small","pin_default":null,"restore_size":null,"grid_spacing":"large"}}
{"name":"check","id":"c9:back-retry:traverse-back-entry-exists","kind":"precondition","pass":true,"currentIndex":3,"length":5}
{"name":"check","id":"c9:back-retry:url-restored-after-blocked-pop","kind":"precondition","pass":true,"windowPath":"/app/settings/sticky","historyState":{"usr":null,"key":"21ywreak","idx":2}}
{"name":"check","id":"c9:back-retry:held-dialog-open","kind":"product","pass":true,"dialog":{"label":"Unsaved Sticky Note draft","text":"Sticky Note has unsaved changes.","buttons":["Stay","Export current draft","Discard local changes and leave"]}}
{"name":"check","id":"c9:back-retry:held-location-unchanged","kind":"product","pass":true,"location":{"pathname":"/app/settings/sticky","key":"21ywreak","state":null},"windowPath":"/app/settings/sticky","pane":"sticky"}
{"name":"check","id":"c9:back-retry:held-history-stack-intact","kind":"product","pass":true,"stack":{"currentIndex":3,"length":5,"navIndex":2,"entries":["6:about:blank","13:/app/settings/hotkeys","15:/app/settings/date_time","16:/app/settings/sticky","17:/app/settings/hotkeys"]}}
{"name":"check","id":"c9:back-retry:latest-choice-was-refused-by-fault","kind":"precondition","pass":true,"latest":{"seq":190,"op":"set","area":"local","key":"xai_pref_sticky_color","outcome":"denied","value":"lilac"}}
{"name":"check","id":"input:button-present:Retry Default Color","kind":"precondition","pass":true,"scope":".sticky-pane"}
{"name":"check","id":"input:control-present:Retry Default Color","kind":"precondition","pass":true,"selector":"[data-native-target=\"1\"]"}
{"name":"check","id":"input:hit-test:Retry Default Color","kind":"precondition","pass":true,"selector":"[data-native-target=\"1\"]","hitTarget":"BUTTON."}
{"name":"check","id":"c9:back-retry:location-deep-equal-target","kind":"product","pass":true,"location":{"pathname":"/app/settings/date_time","key":"ron9birf","state":{"token":"host-P"}},"expected":{"pathname":"/app/settings/date_time","key":"ron9birf","state":{"token":"host-P"}}}
{"name":"check","id":"c9:back-retry:history-stack-intact","kind":"product","pass":true,"stack":{"currentIndex":2,"length":5,"navIndex":1,"entries":["6:about:blank","13:/app/settings/hotkeys","15:/app/settings/date_time","16:/app/settings/sticky","17:/app/settings/hotkeys"]}}
{"name":"check","id":"c9:back-retry:pop-release-once-no-push-replace","kind":"product","pass":true,"pushState":0,"replaceState":0,"popstate":1,"commits":1}
{"name":"check","id":"c9:back-retry:latest-persisted-once-dialog-closed","kind":"product","pass":true,"sets":[{"seq":197,"op":"set","area":"local","key":"xai_pref_sticky_color","outcome":"ok","value":"lilac"}],"latest":{"seq":190,"op":"set","area":"local","key":"xai_pref_sticky_color","outcome":"denied","value":"lilac"}}
{"name":"row","row":"c","case":"c9:back-retry:retry-release","target":{"fromIndex":3,"toIndex":2,"entryId":15,"path":"/app/settings/date_time"},"expected":{"pathname":"/app/settings/date_time","key":"ron9birf","state":{"token":"host-P"}},"observed":{"pathname":"/app/settings/date_time","key":"ron9birf","state":{"token":"host-P"}},"counters":{"pushState":0,"replaceState":0,"popstate":1,"commits":1},"commits":[{"seq":203,"key":"ron9birf","pathname":"/app/settings/date_time","search":"","hash":"","state":{"token":"host-P"},"action":"POP"}],"stack":{"currentIndex":2,"length":5,"navIndex":1,"entries":["6:about:blank","13:/app/settings/hotkeys","15:/app/settings/date_time","16:/app/settings/sticky","17:/app/settings/hotkeys"]},"write":{"seq":197,"op":"set","area":"local","key":"xai_pref_sticky_color","outcome":"ok","value":"lilac"}}
{"name":"check","id":"c9:back-retry:zero-runtime-errors-no-error-boundary-ui","kind":"product","deferred":true,"pass":true,"window":[182,208],"consoleErrors":[],"errorUi":[]}
{"name":"check","id":"c9:forward-to-s:traverse-forward-entry-exists","kind":"precondition","pass":true,"currentIndex":2,"length":5}
{"name":"check","id":"c9:forward-to-s:unguarded-traversal-restores-entry","kind":"product","pass":true,"location":{"pathname":"/app/settings/sticky","key":"21ywreak","state":null},"expected":{"pathname":"/app/settings/sticky","key":"21ywreak","state":null},"step":{"fromIndex":2,"toIndex":3,"entryId":16,"path":"/app/settings/sticky"}}
{"name":"check","id":"c9:forward-to-s:sticky-remounts-clean","kind":"product","pass":true,"recovery":[],"unloadActive":0}
{"name":"check","id":"input:control-present:grid_spacing=normal","kind":"precondition","pass":true,"selector":".sticky-pane [data-spacing-id=\"normal\"]"}
{"name":"check","id":"input:hit-test:grid_spacing=normal","kind":"precondition","pass":true,"selector":".sticky-pane [data-spacing-id=\"normal\"]","hitTarget":"BUTTON.sn-sp"}
{"name":"check","id":"c10:forward-retry:write-fault-fired-grid_spacing","kind":"precondition","pass":true,"denied":[{"seq":220,"op":"set","area":"local","key":"xai_pref_sticky_grid_spacing","outcome":"denied","value":"normal"}],"recovery":[{"text":"Default Grid Spacing was not saved.","buttons":["Retry Default Grid Spacing","Discard Default Grid Spacing"]}],"physical":{"color":"lilac","font":"small","pin_default":null,"restore_size":null,"grid_spacing":"large"}}
{"name":"check","id":"c10:forward-retry:traverse-forward-entry-exists","kind":"precondition","pass":true,"currentIndex":3,"length":5}
{"name":"check","id":"c10:forward-retry:url-restored-after-blocked-pop","kind":"precondition","pass":true,"windowPath":"/app/settings/sticky","historyState":{"usr":null,"key":"21ywreak","idx":2}}
{"name":"check","id":"c10:forward-retry:held-dialog-open","kind":"product","pass":true,"dialog":{"label":"Unsaved Sticky Note draft","text":"Sticky Note has unsaved changes.","buttons":["Stay","Export current draft","Discard local changes and leave"]}}
{"name":"check","id":"c10:forward-retry:held-location-unchanged","kind":"product","pass":true,"location":{"pathname":"/app/settings/sticky","key":"21ywreak","state":null},"windowPath":"/app/settings/sticky","pane":"sticky"}
{"name":"check","id":"c10:forward-retry:held-history-stack-intact","kind":"product","pass":true,"stack":{"currentIndex":3,"length":5,"navIndex":2,"entries":["6:about:blank","13:/app/settings/hotkeys","15:/app/settings/date_time","16:/app/settings/sticky","17:/app/settings/hotkeys"]}}
{"name":"check","id":"c10:forward-retry:latest-choice-was-refused-by-fault","kind":"precondition","pass":true,"latest":{"seq":220,"op":"set","area":"local","key":"xai_pref_sticky_grid_spacing","outcome":"denied","value":"normal"}}
{"name":"check","id":"input:button-present:Retry Default Grid Spacing","kind":"precondition","pass":true,"scope":".sticky-pane"}
{"name":"check","id":"input:control-present:Retry Default Grid Spacing","kind":"precondition","pass":true,"selector":"[data-native-target=\"1\"]"}
{"name":"check","id":"input:hit-test:Retry Default Grid Spacing","kind":"precondition","pass":true,"selector":"[data-native-target=\"1\"]","hitTarget":"BUTTON."}
{"name":"check","id":"c10:forward-retry:location-deep-equal-target","kind":"product","pass":true,"location":{"pathname":"/app/settings/hotkeys","key":"tkf396pg","state":{"token":"host-X"}},"expected":{"pathname":"/app/settings/hotkeys","key":"tkf396pg","state":{"token":"host-X"}}}
{"name":"check","id":"c10:forward-retry:history-stack-intact","kind":"product","pass":true,"stack":{"currentIndex":4,"length":5,"navIndex":3,"entries":["6:about:blank","13:/app/settings/hotkeys","15:/app/settings/date_time","16:/app/settings/sticky","17:/app/settings/hotkeys"]}}
{"name":"check","id":"c10:forward-retry:pop-release-once-no-push-replace","kind":"product","pass":true,"pushState":0,"replaceState":0,"popstate":1,"commits":1}
{"name":"check","id":"c10:forward-retry:latest-persisted-once-dialog-closed","kind":"product","pass":true,"sets":[{"seq":227,"op":"set","area":"local","key":"xai_pref_sticky_grid_spacing","outcome":"ok","value":"normal"}],"latest":{"seq":220,"op":"set","area":"local","key":"xai_pref_sticky_grid_spacing","outcome":"denied","value":"normal"}}
{"name":"row","row":"c","case":"c10:forward-retry:retry-release","target":{"fromIndex":3,"toIndex":4,"entryId":17,"path":"/app/settings/hotkeys"},"expected":{"pathname":"/app/settings/hotkeys","key":"tkf396pg","state":{"token":"host-X"}},"observed":{"pathname":"/app/settings/hotkeys","key":"tkf396pg","state":{"token":"host-X"}},"counters":{"pushState":0,"replaceState":0,"popstate":1,"commits":1},"commits":[{"seq":233,"key":"tkf396pg","pathname":"/app/settings/hotkeys","search":"","hash":"","state":{"token":"host-X"},"action":"POP"}],"stack":{"currentIndex":4,"length":5,"navIndex":3,"entries":["6:about:blank","13:/app/settings/hotkeys","15:/app/settings/date_time","16:/app/settings/sticky","17:/app/settings/hotkeys"]},"write":{"seq":227,"op":"set","area":"local","key":"xai_pref_sticky_grid_spacing","outcome":"ok","value":"normal"}}
{"name":"check","id":"c10:forward-retry:zero-runtime-errors-no-error-boundary-ui","kind":"product","deferred":true,"pass":true,"window":[208,233],"consoleErrors":[],"errorUi":[]}
{"name":"check","id":"c10:back-to-s:traverse-back-entry-exists","kind":"precondition","pass":true,"currentIndex":4,"length":5}
{"name":"check","id":"c10:back-to-s:unguarded-traversal-restores-entry","kind":"product","pass":true,"location":{"pathname":"/app/settings/sticky","key":"21ywreak","state":null},"expected":{"pathname":"/app/settings/sticky","key":"21ywreak","state":null},"step":{"fromIndex":4,"toIndex":3,"entryId":16,"path":"/app/settings/sticky"}}
{"name":"check","id":"c10:back-to-s:sticky-remounts-clean","kind":"product","pass":true,"recovery":[],"unloadActive":0}
{"name":"check","id":"input:select-focused:Font Size","kind":"precondition","pass":true}
{"name":"check","id":"c11:script-back-retry:write-fault-fired-font","kind":"precondition","pass":true,"denied":[{"seq":246,"op":"set","area":"local","key":"xai_pref_sticky_font","outcome":"denied","value":"large"}],"recovery":[{"text":"Font Size was not saved.","buttons":["Retry Font Size","Discard Font Size"]}],"physical":{"color":"lilac","font":"small","pin_default":null,"restore_size":null,"grid_spacing":"normal"}}
{"name":"check","id":"c11:script-back-retry:url-restored-after-blocked-pop","kind":"precondition","pass":true,"windowPath":"/app/settings/sticky","historyState":{"usr":null,"key":"21ywreak","idx":2}}
{"name":"check","id":"c11:script-back-retry:held-dialog-open","kind":"product","pass":true,"dialog":{"label":"Unsaved Sticky Note draft","text":"Sticky Note has unsaved changes.","buttons":["Stay","Export current draft","Discard local changes and leave"]}}
{"name":"check","id":"c11:script-back-retry:held-location-unchanged","kind":"product","pass":true,"location":{"pathname":"/app/settings/sticky","key":"21ywreak","state":null},"windowPath":"/app/settings/sticky","pane":"sticky"}
{"name":"check","id":"c11:script-back-retry:held-history-stack-intact","kind":"product","pass":true,"stack":{"currentIndex":3,"length":5,"navIndex":2,"entries":["6:about:blank","13:/app/settings/hotkeys","15:/app/settings/date_time","16:/app/settings/sticky","17:/app/settings/hotkeys"]}}
{"name":"check","id":"c11:script-back-retry:latest-choice-was-refused-by-fault","kind":"precondition","pass":true,"latest":{"seq":246,"op":"set","area":"local","key":"xai_pref_sticky_font","outcome":"denied","value":"large"}}
{"name":"check","id":"input:button-present:Retry Font Size","kind":"precondition","pass":true,"scope":".sticky-pane"}
{"name":"check","id":"input:control-present:Retry Font Size","kind":"precondition","pass":true,"selector":"[data-native-target=\"1\"]"}
{"name":"check","id":"input:hit-test:Retry Font Size","kind":"precondition","pass":true,"selector":"[data-native-target=\"1\"]","hitTarget":"BUTTON."}
{"name":"check","id":"c11:script-back-retry:location-deep-equal-target","kind":"product","pass":true,"location":{"pathname":"/app/settings/date_time","key":"ron9birf","state":{"token":"host-P"}},"expected":{"pathname":"/app/settings/date_time","key":"ron9birf","state":{"token":"host-P"}}}
{"name":"check","id":"c11:script-back-retry:history-stack-intact","kind":"product","pass":true,"stack":{"currentIndex":2,"length":5,"navIndex":1,"entries":["6:about:blank","13:/app/settings/hotkeys","15:/app/settings/date_time","16:/app/settings/sticky","17:/app/settings/hotkeys"]}}
{"name":"check","id":"c11:script-back-retry:pop-release-once-no-push-replace","kind":"product","pass":true,"pushState":0,"replaceState":0,"popstate":1,"commits":1}
{"name":"check","id":"c11:script-back-retry:latest-persisted-once-dialog-closed","kind":"product","pass":true,"sets":[{"seq":253,"op":"set","area":"local","key":"xai_pref_sticky_font","outcome":"ok","value":"large"}],"latest":{"seq":246,"op":"set","area":"local","key":"xai_pref_sticky_font","outcome":"denied","value":"large"}}
{"name":"row","row":"c","case":"c11:script-back-retry:retry-release","target":{"script":"history.back()"},"expected":{"pathname":"/app/settings/date_time","key":"ron9birf","state":{"token":"host-P"}},"observed":{"pathname":"/app/settings/date_time","key":"ron9birf","state":{"token":"host-P"}},"counters":{"pushState":0,"replaceState":0,"popstate":1,"commits":1},"commits":[{"seq":259,"key":"ron9birf","pathname":"/app/settings/date_time","search":"","hash":"","state":{"token":"host-P"},"action":"POP"}],"stack":{"currentIndex":2,"length":5,"navIndex":1,"entries":["6:about:blank","13:/app/settings/hotkeys","15:/app/settings/date_time","16:/app/settings/sticky","17:/app/settings/hotkeys"]},"write":{"seq":253,"op":"set","area":"local","key":"xai_pref_sticky_font","outcome":"ok","value":"large"}}
{"name":"check","id":"c11:script-back-retry:zero-runtime-errors-no-error-boundary-ui","kind":"product","deferred":true,"pass":true,"window":[233,264],"consoleErrors":[],"errorUi":[]}
{"name":"check","id":"c11:forward-to-s:traverse-forward-entry-exists","kind":"precondition","pass":true,"currentIndex":2,"length":5}
{"name":"check","id":"c11:forward-to-s:unguarded-traversal-restores-entry","kind":"product","pass":true,"location":{"pathname":"/app/settings/sticky","key":"21ywreak","state":null},"expected":{"pathname":"/app/settings/sticky","key":"21ywreak","state":null},"step":{"fromIndex":2,"toIndex":3,"entryId":16,"path":"/app/settings/sticky"}}
{"name":"check","id":"c11:forward-to-s:sticky-remounts-clean","kind":"product","pass":true,"recovery":[],"unloadActive":0}
{"name":"check","id":"i-pop:setup:at-s-clean-pin-absent","kind":"precondition","pass":true}
{"name":"check","id":"input:control-present:pin_default","kind":"precondition","pass":true,"selector":".sticky-pane [role=\"switch\"][aria-label=\"Pin by Default\"]"}
{"name":"check","id":"input:hit-test:pin_default","kind":"precondition","pass":true,"selector":".sticky-pane [role=\"switch\"][aria-label=\"Pin by Default\"]","hitTarget":"BUTTON.toggle on"}
{"name":"xai:pref:v1:xai_pref_sticky_pin_default","id":"i-pop:predecessor:engine-waits-behind-real-lock-pin_default","kind":"precondition","pass":true,"pending":true,"waiting":true,"appRequests":[{"seq":274,"name":"xai:pref:v1:xai_pref_sticky_pin_default","mode":"exclusive","by":"app"}]}
{"name":"check","id":"i-pop:middle-request-queued-behind-engine","kind":"precondition","pass":true,"queued":"xai:pref:v1:xai_pref_sticky_pin_default"}
{"name":"check","id":"input:control-present:pin_default","kind":"precondition","pass":true,"selector":".sticky-pane [role=\"switch\"][aria-label=\"Pin by Default\"]"}
{"name":"check","id":"input:hit-test:pin_default","kind":"precondition","pass":true,"selector":".sticky-pane [role=\"switch\"][aria-label=\"Pin by Default\"]","hitTarget":"BUTTON.toggle"}
{"name":"check","id":"i-pop:latest-queued-in-hook-not-yet-at-engine","kind":"precondition","pass":true,"appRequests":[],"recovery":[{"text":"Pin by Default is saving.","buttons":["Retry Pin by Default","Discard Pin by Default"]}]}
{"name":"check","id":"i-pop:latest-displayed-while-held","kind":"product","pass":true,"displayed":{"color":["lilac"],"font":"large","pin_default":"true","restore_size":"false","grid_spacing":["normal"]}}
{"name":"check","id":"i-pop:back:traverse-back-entry-exists","kind":"precondition","pass":true,"currentIndex":3,"length":5}
{"name":"check","id":"i-pop:back:url-restored-after-blocked-pop","kind":"precondition","pass":true,"windowPath":"/app/settings/sticky","historyState":{"usr":null,"key":"21ywreak","idx":2}}
{"name":"check","id":"i-pop:back:held-dialog-open","kind":"product","pass":true,"dialog":{"label":"Unsaved Sticky Note draft","text":"Sticky Note has unsaved changes.","buttons":["Stay","Export current draft","Discard local changes and leave"]}}
{"name":"check","id":"i-pop:back:held-location-unchanged","kind":"product","pass":true,"location":{"pathname":"/app/settings/sticky","key":"21ywreak","state":null},"windowPath":"/app/settings/sticky","pane":"sticky"}
{"name":"check","id":"i-pop:held-stack","kind":"precondition","pass":true,"stack":{"currentIndex":3,"length":5,"navIndex":2,"entries":["6:about:blank","13:/app/settings/hotkeys","15:/app/settings/date_time","16:/app/settings/sticky","17:/app/settings/hotkeys"]}}
{"name":"check","id":"i-pop:predecessor-completed-latest-genuinely-held-behind-real-lock","kind":"precondition","pass":true,"physical":{"color":"lilac","font":"large","pin_default":"false","restore_size":null,"grid_spacing":"normal"},"locks":{"held":["xai:pref:v1:xai_pref_sticky_pin_default"],"pending":["xai:pref:v1:xai_pref_sticky_pin_default"]}}
{"name":"check","id":"i-pop:step1-predecessor-write-only","kind":"product","pass":true,"predecessorSets":[{"seq":282,"op":"set","area":"local","key":"xai_pref_sticky_pin_default","outcome":"ok","value":"false"}]}
{"name":"check","id":"i-pop:step2-location-held","kind":"product","pass":true,"location":{"pathname":"/app/settings/sticky","key":"21ywreak","state":null}}
{"name":"check","id":"i-pop:step2-dialog-open","kind":"product","pass":true,"dialog":{"label":"Unsaved Sticky Note draft","text":"Sticky Note has unsaved changes.","buttons":["Stay","Export current draft","Discard local changes and leave"]}}
{"name":"check","id":"i-pop:step2-zero-history-mutations","kind":"product","pass":true,"counters":{"pushState":0,"replaceState":0,"popstate":0,"commits":0},"stack":{"currentIndex":3,"length":5,"navIndex":2,"entries":["6:about:blank","13:/app/settings/hotkeys","15:/app/settings/date_time","16:/app/settings/sticky","17:/app/settings/hotkeys"]}}
{"name":"check","id":"i-pop:step2-latest-pending-shown","kind":"product","pass":true,"recovery":[{"text":"Pin by Default is saving.","buttons":["Retry Pin by Default","Discard Pin by Default"]}]}
{"name":"row","row":"i","case":"i-pop:predecessor-complete-latest-held","physical":"false","displayed":{"color":["lilac"],"font":"large","pin_default":"true","restore_size":"false","grid_spacing":["normal"]},"location":{"pathname":"/app/settings/sticky","key":"21ywreak","state":null},"dialog":true,"counters":{"pushState":0,"replaceState":0,"popstate":0,"commits":0},"predecessorWrite":{"seq":282,"op":"set","area":"local","key":"xai_pref_sticky_pin_default","outcome":"ok","value":"false"}}
{"name":"check","id":"i-pop:step3-injected-setitem-fault-fired-on-latest-value","kind":"precondition","pass":true,"latestSets":[{"seq":287,"op":"set","area":"local","key":"xai_pref_sticky_pin_default","outcome":"denied-value","value":"true"}]}
{"name":"check","id":"i-pop:step3-latest-fails-through-setitem-fault-not-conflict","kind":"product","pass":true,"latestReads":1,"physical":"false"}
{"name":"check","id":"i-pop:step3-still-held-zero-history-mutations","kind":"product","pass":true,"location":{"pathname":"/app/settings/sticky","key":"21ywreak","state":null},"counters":{"pushState":0,"replaceState":0,"popstate":0,"commits":0}}
{"name":"row","row":"i","case":"i-pop:latest-failed-setitem-fault","physical":"false","latestWrite":{"seq":287,"op":"set","area":"local","key":"xai_pref_sticky_pin_default","outcome":"denied-value","value":"true"},"location":{"pathname":"/app/settings/sticky","key":"21ywreak","state":null},"dialog":true,"counters":{"pushState":0,"replaceState":0,"popstate":0,"commits":0}}
{"name":"check","id":"input:button-present:Retry Pin by Default","kind":"precondition","pass":true,"scope":".sticky-pane"}
{"name":"check","id":"input:control-present:Retry Pin by Default","kind":"precondition","pass":true,"selector":"[data-native-target=\"1\"]"}
{"name":"check","id":"input:hit-test:Retry Pin by Default","kind":"precondition","pass":true,"selector":"[data-native-target=\"1\"]","hitTarget":"BUTTON."}
{"name":"check","id":"i-pop:step4-retry-releases-exactly-once-to-intended-entry","kind":"product","pass":true,"commits":[{"seq":297,"key":"ron9birf","pathname":"/app/settings/date_time","search":"","hash":"","state":{"token":"host-P"},"action":"POP"}],"location":{"pathname":"/app/settings/date_time","key":"ron9birf","state":{"token":"host-P"}}}
{"name":"check","id":"i-pop:step4-pop-release-zero-push-replace","kind":"product","pass":true,"pushState":0,"replaceState":0,"popstate":1,"commits":1}
{"name":"check","id":"i-pop:step4-dialog-closed-latest-persisted-once","kind":"product","pass":true,"retrySets":[{"seq":291,"op":"set","area":"local","key":"xai_pref_sticky_pin_default","outcome":"ok","value":"true"}],"physical":"true"}
{"name":"check","id":"i-pop:step4-history-stack-intact","kind":"product","pass":true,"stack":{"currentIndex":2,"length":5,"navIndex":1,"entries":["6:about:blank","13:/app/settings/hotkeys","15:/app/settings/date_time","16:/app/settings/sticky","17:/app/settings/hotkeys"]}}
{"name":"row","row":"i","case":"i-pop:retry-release","blockedTraversal":{"pushState":0,"replaceState":0,"popstate":2,"commits":0},"counters":{"pushState":0,"replaceState":0,"popstate":1,"commits":1},"commits":[{"seq":297,"key":"ron9birf","pathname":"/app/settings/date_time","search":"","hash":"","state":{"token":"host-P"},"action":"POP"}],"expected":{"pathname":"/app/settings/date_time","key":"ron9birf","state":{"token":"host-P"}},"observed":{"pathname":"/app/settings/date_time","key":"ron9birf","state":{"token":"host-P"}},"stack":{"currentIndex":2,"length":5,"navIndex":1,"entries":["6:about:blank","13:/app/settings/hotkeys","15:/app/settings/date_time","16:/app/settings/sticky","17:/app/settings/hotkeys"]},"retryWrite":{"seq":291,"op":"set","area":"local","key":"xai_pref_sticky_pin_default","outcome":"ok","value":"true"}}
{"name":"check","id":"i-pop:zero-runtime-errors-no-error-boundary-ui","kind":"product","deferred":true,"pass":true,"window":[264,302],"consoleErrors":[],"errorUi":[]}
{"name":"check","id":"i-pop:forward-to-s:traverse-forward-entry-exists","kind":"precondition","pass":true,"currentIndex":2,"length":5}
{"name":"check","id":"i-pop:forward-to-s:unguarded-traversal-restores-entry","kind":"product","pass":true,"location":{"pathname":"/app/settings/sticky","key":"21ywreak","state":null},"expected":{"pathname":"/app/settings/sticky","key":"21ywreak","state":null},"step":{"fromIndex":2,"toIndex":3,"entryId":16,"path":"/app/settings/sticky"}}
{"name":"check","id":"i-pop:forward-to-s:sticky-remounts-clean","kind":"product","pass":true,"recovery":[],"unloadActive":0}
{"name":"check","id":"i-push:setup:color-neither-predecessor-nor-latest","kind":"precondition","pass":true}
{"name":"check","id":"input:control-present:color=mint","kind":"precondition","pass":true,"selector":".sticky-pane [data-color-id=\"mint\"]"}
{"name":"check","id":"input:hit-test:color=mint","kind":"precondition","pass":true,"selector":".sticky-pane [data-color-id=\"mint\"]","hitTarget":"BUTTON.sn-sw"}
{"name":"xai:pref:v1:xai_pref_sticky_color","id":"i-push:predecessor:engine-waits-behind-real-lock-color","kind":"precondition","pass":true,"pending":true,"waiting":true,"appRequests":[{"seq":312,"name":"xai:pref:v1:xai_pref_sticky_color","mode":"exclusive","by":"app"}]}
{"name":"check","id":"i-push:middle-request-queued-behind-engine","kind":"precondition","pass":true,"queued":"xai:pref:v1:xai_pref_sticky_color"}
{"name":"check","id":"input:control-present:color=coral","kind":"precondition","pass":true,"selector":".sticky-pane [data-color-id=\"coral\"]"}
{"name":"check","id":"input:hit-test:color=coral","kind":"precondition","pass":true,"selector":".sticky-pane [data-color-id=\"coral\"]","hitTarget":"BUTTON.sn-sw"}
{"name":"check","id":"i-push:latest-queued-in-hook-not-yet-at-engine","kind":"precondition","pass":true,"appRequests":[],"recovery":[{"text":"Default Color is saving.","buttons":["Retry Default Color","Discard Default Color"]}]}
{"name":"check","id":"i-push:latest-displayed-while-held","kind":"product","pass":true,"displayed":{"color":["coral"],"font":"large","pin_default":"true","restore_size":"false","grid_spacing":["normal"]}}
{"name":"check","id":"input:sidebar-row-present:Hotkeys","kind":"precondition","pass":true}
{"name":"check","id":"input:control-present:sidebar Hotkeys","kind":"precondition","pass":true,"selector":"[data-native-sidebar=\"1\"]"}
{"name":"check","id":"input:hit-test:sidebar Hotkeys","kind":"precondition","pass":true,"selector":"[data-native-sidebar=\"1\"]","hitTarget":"SPAN.grow"}
{"name":"check","id":"i-push:sidebar:held-dialog-open","kind":"product","pass":true,"dialog":{"label":"Unsaved Sticky Note draft","text":"Sticky Note has unsaved changes.","buttons":["Stay","Export current draft","Discard local changes and leave"]}}
{"name":"check","id":"i-push:sidebar:held-location-unchanged","kind":"product","pass":true,"location":{"pathname":"/app/settings/sticky","key":"21ywreak","state":null},"windowPath":"/app/settings/sticky","pane":"sticky"}
{"name":"check","id":"i-push:held-no-mutation","kind":"precondition","pass":true}
{"name":"check","id":"i-push:predecessor-completed-latest-genuinely-held-behind-real-lock","kind":"precondition","pass":true,"physical":{"color":"mint","font":"large","pin_default":"true","restore_size":null,"grid_spacing":"normal"},"locks":{"held":["xai:pref:v1:xai_pref_sticky_color"],"pending":["xai:pref:v1:xai_pref_sticky_color"]}}
{"name":"check","id":"i-push:step1-predecessor-write-only","kind":"product","pass":true,"predecessorSets":[{"seq":318,"op":"set","area":"local","key":"xai_pref_sticky_color","outcome":"ok","value":"mint"}]}
{"name":"check","id":"i-push:step2-location-held","kind":"product","pass":true,"location":{"pathname":"/app/settings/sticky","key":"21ywreak","state":null}}
{"name":"check","id":"i-push:step2-dialog-open","kind":"product","pass":true,"dialog":{"label":"Unsaved Sticky Note draft","text":"Sticky Note has unsaved changes.","buttons":["Stay","Export current draft","Discard local changes and leave"]}}
{"name":"check","id":"i-push:step2-zero-history-mutations","kind":"product","pass":true,"counters":{"pushState":0,"replaceState":0,"popstate":0,"commits":0},"stack":{"currentIndex":3,"length":5,"navIndex":2,"entries":["6:about:blank","13:/app/settings/hotkeys","15:/app/settings/date_time","16:/app/settings/sticky","17:/app/settings/hotkeys"]}}
{"name":"check","id":"i-push:step2-latest-pending-shown","kind":"product","pass":true,"recovery":[{"text":"Default Color is saving.","buttons":["Retry Default Color","Discard Default Color"]}]}
{"name":"row","row":"i","case":"i-push:predecessor-complete-latest-held","physical":"mint","displayed":{"color":["coral"],"font":"large","pin_default":"true","restore_size":"false","grid_spacing":["normal"]},"location":{"pathname":"/app/settings/sticky","key":"21ywreak","state":null},"dialog":true,"counters":{"pushState":0,"replaceState":0,"popstate":0,"commits":0},"predecessorWrite":{"seq":318,"op":"set","area":"local","key":"xai_pref_sticky_color","outcome":"ok","value":"mint"}}
{"name":"check","id":"i-push:step3-injected-setitem-fault-fired-on-latest-value","kind":"precondition","pass":true,"latestSets":[{"seq":323,"op":"set","area":"local","key":"xai_pref_sticky_color","outcome":"denied-value","value":"coral"}]}
{"name":"check","id":"i-push:step3-latest-fails-through-setitem-fault-not-conflict","kind":"product","pass":true,"latestReads":1,"physical":"mint"}
{"name":"check","id":"i-push:step3-still-held-zero-history-mutations","kind":"product","pass":true,"location":{"pathname":"/app/settings/sticky","key":"21ywreak","state":null},"counters":{"pushState":0,"replaceState":0,"popstate":0,"commits":0}}
{"name":"row","row":"i","case":"i-push:latest-failed-setitem-fault","physical":"mint","latestWrite":{"seq":323,"op":"set","area":"local","key":"xai_pref_sticky_color","outcome":"denied-value","value":"coral"},"location":{"pathname":"/app/settings/sticky","key":"21ywreak","state":null},"dialog":true,"counters":{"pushState":0,"replaceState":0,"popstate":0,"commits":0}}
{"name":"check","id":"input:button-present:Retry Default Color","kind":"precondition","pass":true,"scope":".sticky-pane"}
{"name":"check","id":"input:control-present:Retry Default Color","kind":"precondition","pass":true,"selector":"[data-native-target=\"1\"]"}
{"name":"check","id":"input:hit-test:Retry Default Color","kind":"precondition","pass":true,"selector":"[data-native-target=\"1\"]","hitTarget":"BUTTON."}
{"name":"check","id":"i-push:step4-retry-releases-exactly-once-to-intended-entry","kind":"product","pass":true,"commits":[{"seq":331,"key":"ga47828w","pathname":"/app/settings/hotkeys","search":"","hash":"","state":null,"action":"PUSH"}]}
{"name":"check","id":"i-push:step4-one-push-for-the-commit-no-replace","kind":"product","pass":true,"counters":{"pushState":1,"replaceState":0,"popstate":0,"commits":1},"pushes":[{"seq":330,"method":"pushState","url":"/app/settings/hotkeys","key":"ga47828w","idx":3,"usr":null}]}
{"name":"check","id":"i-push:step4-dialog-closed-latest-persisted-once","kind":"product","pass":true,"retrySets":[{"seq":327,"op":"set","area":"local","key":"xai_pref_sticky_color","outcome":"ok","value":"coral"}]}
{"name":"row","row":"i","case":"i-push:retry-release","counters":{"pushState":1,"replaceState":0,"popstate":0,"commits":1},"commits":[{"seq":331,"key":"ga47828w","pathname":"/app/settings/hotkeys","search":"","hash":"","state":null,"action":"PUSH"}],"pushes":[{"seq":330,"method":"pushState","url":"/app/settings/hotkeys","key":"ga47828w","idx":3,"usr":null}],"observed":{"pathname":"/app/settings/hotkeys","key":"ga47828w","state":null},"stack":{"currentIndex":4,"length":5,"navIndex":3,"entries":["6:about:blank","13:/app/settings/hotkeys","15:/app/settings/date_time","16:/app/settings/sticky","18:/app/settings/hotkeys"]},"retryWrite":{"seq":327,"op":"set","area":"local","key":"xai_pref_sticky_color","outcome":"ok","value":"coral"}}
{"name":"check","id":"i-push:zero-runtime-errors-no-error-boundary-ui","kind":"product","deferred":true,"pass":true,"window":[302,332],"consoleErrors":[],"errorUi":[]}
{"name":"check","id":"input:sidebar-row-present:Sticky Note","kind":"precondition","pass":true}
{"name":"check","id":"input:control-present:sidebar Sticky Note","kind":"precondition","pass":true,"selector":"[data-native-sidebar=\"1\"]"}
{"name":"check","id":"input:hit-test:sidebar Sticky Note","kind":"precondition","pass":true,"selector":"[data-native-sidebar=\"1\"]","hitTarget":"SPAN.grow"}
{"name":"check","id":"a:setup:sticky-entry-mounted-clean","kind":"precondition","pass":true,"counters":{"pushState":1,"replaceState":0,"popstate":0,"commits":1},"recovery":[]}
{"name":"check","id":"input:control-present:color=mint","kind":"precondition","pass":true,"selector":".sticky-pane [data-color-id=\"mint\"]"}
{"name":"check","id":"input:hit-test:color=mint","kind":"precondition","pass":true,"selector":".sticky-pane [data-color-id=\"mint\"]","hitTarget":"BUTTON.sn-sw"}
{"name":"check","id":"a:write-fault-fired-color","kind":"precondition","pass":true,"denied":[{"seq":345,"op":"set","area":"local","key":"xai_pref_sticky_color","outcome":"denied","value":"mint"}],"recovery":[{"text":"Default Color was not saved.","buttons":["Retry Default Color","Discard Default Color"]}],"physical":{"color":"coral","font":"large","pin_default":"true","restore_size":null,"grid_spacing":"normal"}}
{"name":"check","id":"input:sidebar-row-present:Hotkeys","kind":"precondition","pass":true}
{"name":"check","id":"input:control-present:sidebar Hotkeys","kind":"precondition","pass":true,"selector":"[data-native-sidebar=\"1\"]"}
{"name":"check","id":"input:hit-test:sidebar Hotkeys","kind":"precondition","pass":true,"selector":"[data-native-sidebar=\"1\"]","hitTarget":"SPAN.grow"}
{"name":"check","id":"a:sidebar:held-dialog-open","kind":"product","pass":true,"dialog":{"label":"Unsaved Sticky Note draft","text":"Sticky Note has unsaved changes.","buttons":["Stay","Export current draft","Discard local changes and leave"]}}
{"name":"check","id":"a:sidebar:held-location-unchanged","kind":"product","pass":true,"location":{"pathname":"/app/settings/sticky","key":"p4yq4cwt","state":null},"windowPath":"/app/settings/sticky","pane":"sticky"}
{"name":"check","id":"a:sidebar:trusted-hit-tested-activation","kind":"product","pass":true,"events":["click:sidebar:Hotkeys:true"]}
{"name":"check","id":"a:sidebar:no-history-mutation","kind":"product","pass":true,"pushState":0,"replaceState":0,"popstate":0,"commits":0}
{"name":"check","id":"a:second-row-uncovered","kind":"precondition","pass":true,"rows":[{"label":"Account","active":"false","uncovered":true},{"label":"Premium","active":"false","uncovered":true},{"label":"Features","active":"false","uncovered":true},{"label":"Smart Lists","active":"false","uncovered":true},{"label":"Notifications","active":"false","uncovered":true},{"label":"Date & Time","active":"false","uncovered":true},{"label":"Appearance","active":"false","uncovered":true},{"label":"AI","active":"false","uncovered":true},{"label":"More","active":"false","uncovered":true},{"label":"Integrations & Import","active":"false","uncovered":true},{"label":"Collaborate","active":"false","uncovered":true},{"label":"Sticky Note","active":"true","uncovered":true},{"label":"Hotkeys","active":"false","uncovered":false},{"label":"About","active":"false","uncovered":false}]}
{"name":"check","id":"input:sidebar-row-present:Date & Time","kind":"precondition","pass":true}
{"name":"check","id":"input:control-present:sidebar Date & Time","kind":"precondition","pass":true,"selector":"[data-native-sidebar=\"1\"]"}
{"name":"check","id":"input:hit-test:sidebar Date & Time","kind":"precondition","pass":true,"selector":"[data-native-sidebar=\"1\"]","hitTarget":"SPAN.grow"}
{"name":"check","id":"a:second-activation-ignored-while-pending","kind":"product","pass":true,"location":{"pathname":"/app/settings/sticky","key":"p4yq4cwt","state":null},"counters":{"pushState":0,"replaceState":0,"popstate":0,"commits":0}}
{"name":"check","id":"input:button-present:Discard local changes and leave","kind":"precondition","pass":true,"scope":".settings-departure-dialog"}
{"name":"check","id":"input:control-present:Discard local changes and leave","kind":"precondition","pass":true,"selector":"[data-native-target=\"1\"]"}
{"name":"check","id":"input:hit-test:Discard local changes and leave","kind":"precondition","pass":true,"selector":"[data-native-target=\"1\"]","hitTarget":"BUTTON."}
{"name":"check","id":"a:first-intent-released-once-to-hotkeys","kind":"product","pass":true,"commits":[{"seq":351,"key":"elophf9s","pathname":"/app/settings/hotkeys","search":"","hash":"","state":null,"action":"PUSH"}],"counters":{"pushState":1,"replaceState":0,"popstate":0,"commits":1}}
{"name":"check","id":"a:discard-zero-writes","kind":"product","pass":true,"mutations":[],"physical":"coral"}
{"name":"row","row":"a","point":{"x":297,"y":664,"width":169,"height":44},"heldLocation":{"pathname":"/app/settings/sticky","key":"p4yq4cwt","state":null},"dialog":{"label":"Unsaved Sticky Note draft","text":"Sticky Note has unsaved changes.","buttons":["Stay","Export current draft","Discard local changes and leave"]},"ignoredSecondRow":"Date & Time","release":[{"seq":351,"key":"elophf9s","pathname":"/app/settings/hotkeys","search":"","hash":"","state":null,"action":"PUSH"}],"counters":{"pushState":1,"replaceState":0,"popstate":0,"commits":1},"writes":0}
{"name":"check","id":"a:zero-runtime-errors-no-error-boundary-ui","kind":"product","deferred":true,"pass":true,"window":[332,352],"consoleErrors":[],"errorUi":[]}
{"name":"check","id":"input:sidebar-row-present:Sticky Note","kind":"precondition","pass":true}
{"name":"check","id":"input:control-present:sidebar Sticky Note","kind":"precondition","pass":true,"selector":"[data-native-sidebar=\"1\"]"}
{"name":"check","id":"input:hit-test:sidebar Sticky Note","kind":"precondition","pass":true,"selector":"[data-native-sidebar=\"1\"]","hitTarget":"SPAN.grow"}
{"name":"check","id":"g:setup:sticky-entry-mounted-clean","kind":"precondition","pass":true,"counters":{"pushState":1,"replaceState":0,"popstate":0,"commits":1},"recovery":[]}
{"name":"check","id":"input:control-present:color=mint","kind":"precondition","pass":true,"selector":".sticky-pane [data-color-id=\"mint\"]"}
{"name":"check","id":"input:hit-test:color=mint","kind":"precondition","pass":true,"selector":".sticky-pane [data-color-id=\"mint\"]","hitTarget":"BUTTON.sn-sw"}
{"name":"check","id":"g:write-fault-fired-color","kind":"precondition","pass":true,"denied":[{"seq":365,"op":"set","area":"local","key":"xai_pref_sticky_color","outcome":"denied","value":"mint"}],"recovery":[{"text":"Default Color was not saved.","buttons":["Retry Default Color","Discard Default Color"]}],"physical":{"color":"coral","font":"large","pin_default":"true","restore_size":null,"grid_spacing":"normal"}}
{"name":"check","id":"input:sidebar-row-present:Hotkeys","kind":"precondition","pass":true}
{"name":"check","id":"input:control-present:sidebar Hotkeys","kind":"precondition","pass":true,"selector":"[data-native-sidebar=\"1\"]"}
{"name":"check","id":"input:hit-test:sidebar Hotkeys","kind":"precondition","pass":true,"selector":"[data-native-sidebar=\"1\"]","hitTarget":"SPAN.grow"}
{"name":"check","id":"g1:intent:held-dialog-open","kind":"product","pass":true,"dialog":{"label":"Unsaved Sticky Note draft","text":"Sticky Note has unsaved changes.","buttons":["Stay","Export current draft","Discard local changes and leave"]}}
{"name":"check","id":"g1:intent:held-location-unchanged","kind":"product","pass":true,"location":{"pathname":"/app/settings/sticky","key":"86doenzg","state":null},"windowPath":"/app/settings/sticky","pane":"sticky"}
{"name":"check","id":"input:button-present:Stay","kind":"precondition","pass":true,"scope":".settings-departure-dialog"}
{"name":"check","id":"input:control-present:Stay","kind":"precondition","pass":true,"selector":"[data-native-target=\"1\"]"}
{"name":"check","id":"input:hit-test:Stay","kind":"precondition","pass":true,"selector":"[data-native-target=\"1\"]","hitTarget":"BUTTON."}
{"name":"check","id":"g1:stay:url-history-pane-kept","kind":"product","pass":true,"location":{"pathname":"/app/settings/sticky","key":"86doenzg","state":null},"recovery":[{"text":"Default Color was not saved.","buttons":["Retry Default Color","Discard Default Color"]}],"stack":{"currentIndex":7,"length":8,"navIndex":6,"entries":["6:about:blank","13:/app/settings/hotkeys","15:/app/settings/date_time","16:/app/settings/sticky","18:/app/settings/hotkeys","19:/app/settings/sticky","20:/app/settings/hotkeys","21:/app/settings/sticky"]}}
{"name":"check","id":"g1:stay:no-history-mutation","kind":"product","pass":true,"pushState":0,"replaceState":0,"popstate":0,"commits":0}
{"name":"check","id":"g1:stay:dialog-closed","kind":"product","pass":true,"dialog":null}
{"name":"check","id":"g1:stay-trusted","kind":"product","pass":true}
{"name":"check","id":"g1:stay:beforeunload-warns-zero-handler-attempts","kind":"product","pass":true,"warning":{"warned":true,"attempts":0},"unloadListeners":1}
{"name":"check","id":"input:sidebar-row-present:Hotkeys","kind":"precondition","pass":true}
{"name":"check","id":"input:control-present:sidebar Hotkeys","kind":"precondition","pass":true,"selector":"[data-native-sidebar=\"1\"]"}
{"name":"check","id":"input:hit-test:sidebar Hotkeys","kind":"precondition","pass":true,"selector":"[data-native-sidebar=\"1\"]","hitTarget":"SPAN.grow"}
{"name":"check","id":"g1:fresh-intent-after-stay-prompts-again:held-dialog-open","kind":"product","pass":true,"dialog":{"label":"Unsaved Sticky Note draft","text":"Sticky Note has unsaved changes.","buttons":["Stay","Export current draft","Discard local changes and leave"]}}
{"name":"check","id":"g1:fresh-intent-after-stay-prompts-again:held-location-unchanged","kind":"product","pass":true,"location":{"pathname":"/app/settings/sticky","key":"86doenzg","state":null},"windowPath":"/app/settings/sticky","pane":"sticky"}
{"name":"row","row":"g","case":"stay-then-fresh-intent","location":{"pathname":"/app/settings/sticky","key":"86doenzg","state":null},"counters":{"pushState":0,"replaceState":0,"popstate":0,"commits":0},"reprompted":true}
{"name":"check","id":"g1:zero-runtime-errors-no-error-boundary-ui","kind":"product","deferred":true,"pass":true,"window":[352,368],"consoleErrors":[],"errorUi":[]}
{"name":"check","id":"g2:focus-inside-dialog","kind":"precondition","pass":true}
{"name":"check","id":"g2:escape:url-history-pane-kept","kind":"product","pass":true,"location":{"pathname":"/app/settings/sticky","key":"86doenzg","state":null},"recovery":[{"text":"Default Color was not saved.","buttons":["Retry Default Color","Discard Default Color"]}],"stack":{"currentIndex":7,"length":8,"navIndex":6,"entries":["6:about:blank","13:/app/settings/hotkeys","15:/app/settings/date_time","16:/app/settings/sticky","18:/app/settings/hotkeys","19:/app/settings/sticky","20:/app/settings/hotkeys","21:/app/settings/sticky"]}}
{"name":"check","id":"g2:escape:no-history-mutation","kind":"product","pass":true,"pushState":0,"replaceState":0,"popstate":0,"commits":0}
{"name":"check","id":"g2:escape:dialog-closed","kind":"product","pass":true,"dialog":null}
{"name":"check","id":"g2:escape-trusted","kind":"product","pass":true,"events":["keydown:div.settings-departure-dialog:Escape:true"]}
{"name":"check","id":"g2:escape:beforeunload-warns-zero-handler-attempts","kind":"product","pass":true,"warning":{"warned":true,"attempts":0},"unloadListeners":1}
{"name":"row","row":"g","case":"escape","location":{"pathname":"/app/settings/sticky","key":"86doenzg","state":null},"counters":{"pushState":0,"replaceState":0,"popstate":0,"commits":0}}
{"name":"check","id":"g2:zero-runtime-errors-no-error-boundary-ui","kind":"product","deferred":true,"pass":true,"window":[368,369],"consoleErrors":[],"errorUi":[]}
{"name":"check","id":"input:control-present:rail Tasks","kind":"precondition","pass":true,"selector":".app-rail [aria-label=\"Tasks\"]"}
{"name":"check","id":"input:hit-test:rail Tasks","kind":"precondition","pass":true,"selector":".app-rail [aria-label=\"Tasks\"]","hitTarget":"path.[object SVGAnimatedString]"}
{"name":"check","id":"b1:apprail:held-dialog-open","kind":"product","pass":true,"dialog":{"label":"Unsaved Sticky Note draft","text":"Sticky Note has unsaved changes.","buttons":["Stay","Export current draft","Discard local changes and leave"]}}
{"name":"check","id":"b1:apprail:held-location-unchanged","kind":"product","pass":true,"location":{"pathname":"/app/settings/sticky","key":"86doenzg","state":null},"windowPath":"/app/settings/sticky","pane":"sticky"}
{"name":"check","id":"b1:apprail-held:url-history-pane-kept","kind":"product","pass":true,"location":{"pathname":"/app/settings/sticky","key":"86doenzg","state":null},"recovery":[{"text":"Default Color was not saved.","buttons":["Retry Default Color","Discard Default Color"]}],"stack":{"currentIndex":7,"length":8,"navIndex":6,"entries":["6:about:blank","13:/app/settings/hotkeys","15:/app/settings/date_time","16:/app/settings/sticky","18:/app/settings/hotkeys","19:/app/settings/sticky","20:/app/settings/hotkeys","21:/app/settings/sticky"]}}
{"name":"check","id":"b1:apprail-held:no-history-mutation","kind":"product","pass":true,"pushState":0,"replaceState":0,"popstate":0,"commits":0}
{"name":"check","id":"b1:apprail-held:dialog-kept","kind":"product","pass":true,"dialog":{"label":"Unsaved Sticky Note draft","text":"Sticky Note has unsaved changes.","buttons":["Stay","Export current draft","Discard local changes and leave"]}}
{"name":"check","id":"b1:apprail-trusted","kind":"product","pass":true,"events":["click:rail:Tasks:true"]}
{"name":"row","row":"b","case":"apprail-tasks","point":{"x":31,"y":101,"width":42,"height":42},"location":{"pathname":"/app/settings/sticky","key":"86doenzg","state":null},"counters":{"pushState":0,"replaceState":0,"popstate":0,"commits":0},"dialog":{"label":"Unsaved Sticky Note draft","text":"Sticky Note has unsaved changes.","buttons":["Stay","Export current draft","Discard local changes and leave"]}}
{"name":"check","id":"b1:zero-runtime-errors-no-error-boundary-ui","kind":"product","deferred":true,"pass":true,"window":[369,370],"consoleErrors":[],"errorUi":[]}
{"name":"check","id":"input:button-present:Stay","kind":"precondition","pass":true,"scope":".settings-departure-dialog"}
{"name":"check","id":"input:control-present:Stay","kind":"precondition","pass":true,"selector":"[data-native-target=\"1\"]"}
{"name":"check","id":"input:hit-test:Stay","kind":"precondition","pass":true,"selector":"[data-native-target=\"1\"]","hitTarget":"BUTTON."}
{"name":"check","id":"b2:programmatic-module:held-dialog-open","kind":"product","pass":true,"dialog":{"label":"Unsaved Sticky Note draft","text":"Sticky Note has unsaved changes.","buttons":["Stay","Export current draft","Discard local changes and leave"]}}
{"name":"check","id":"b2:programmatic-module:held-location-unchanged","kind":"product","pass":true,"location":{"pathname":"/app/settings/sticky","key":"86doenzg","state":null},"windowPath":"/app/settings/sticky","pane":"sticky"}
{"name":"check","id":"b2:programmatic-held:url-history-pane-kept","kind":"product","pass":true,"location":{"pathname":"/app/settings/sticky","key":"86doenzg","state":null},"recovery":[{"text":"Default Color was not saved.","buttons":["Retry Default Color","Discard Default Color"]}],"stack":{"currentIndex":7,"length":8,"navIndex":6,"entries":["6:about:blank","13:/app/settings/hotkeys","15:/app/settings/date_time","16:/app/settings/sticky","18:/app/settings/hotkeys","19:/app/settings/sticky","20:/app/settings/hotkeys","21:/app/settings/sticky"]}}
{"name":"check","id":"b2:programmatic-held:no-history-mutation","kind":"product","pass":true,"pushState":0,"replaceState":0,"popstate":0,"commits":0}
{"name":"check","id":"b2:programmatic-held:dialog-kept","kind":"product","pass":true,"dialog":{"label":"Unsaved Sticky Note draft","text":"Sticky Note has unsaved changes.","buttons":["Stay","Export current draft","Discard local changes and leave"]}}
{"name":"row","row":"b","case":"programmatic-/app/tasks","location":{"pathname":"/app/settings/sticky","key":"86doenzg","state":null},"counters":{"pushState":0,"replaceState":0,"popstate":0,"commits":0},"dialog":{"label":"Unsaved Sticky Note draft","text":"Sticky Note has unsaved changes.","buttons":["Stay","Export current draft","Discard local changes and leave"]}}
{"name":"check","id":"b2:zero-runtime-errors-no-error-boundary-ui","kind":"product","deferred":true,"pass":true,"window":[370,371],"consoleErrors":[],"errorUi":[]}
{"name":"check","id":"g3:download-directory-empty","kind":"precondition","pass":true,"names":[]}
{"name":"check","id":"input:button-present:Export current draft","kind":"precondition","pass":true,"scope":".settings-departure-dialog"}
{"name":"check","id":"input:control-present:Export current draft","kind":"precondition","pass":true,"selector":"[data-native-target=\"1\"]"}
{"name":"check","id":"input:hit-test:Export current draft","kind":"precondition","pass":true,"selector":"[data-native-target=\"1\"]","hitTarget":"BUTTON."}
{"name":"check","id":"g3:export:url-history-pane-kept","kind":"product","pass":true,"location":{"pathname":"/app/settings/sticky","key":"86doenzg","state":null},"recovery":[{"text":"Default Color was not saved.","buttons":["Retry Default Color","Discard Default Color"]}],"stack":{"currentIndex":7,"length":8,"navIndex":6,"entries":["6:about:blank","13:/app/settings/hotkeys","15:/app/settings/date_time","16:/app/settings/sticky","18:/app/settings/hotkeys","19:/app/settings/sticky","20:/app/settings/hotkeys","21:/app/settings/sticky"]}}
{"name":"check","id":"g3:export:no-history-mutation","kind":"product","pass":true,"pushState":0,"replaceState":0,"popstate":0,"commits":0}
{"name":"check","id":"g3:export:dialog-kept","kind":"product","pass":true,"dialog":{"label":"Unsaved Sticky Note draft","text":"Sticky Note has unsaved changes.","buttons":["Stay","Export current draft","Discard local changes and leave"]}}
{"name":"check","id":"g3:export:actual-download-envelope","kind":"product","pass":true,"names":["sticky-draft.json"]}
{"name":"check","id":"g3:export:memory-only-one-url-revoked-anchor-removed","kind":"product","pass":true,"attempts":{"total":0,"reads":0,"writes":0,"removes":0,"other":0},"created":["blob:http://127.0.0.1:58995/9ef35a8a-681f-4826-b72c-4dde3778d997"],"revoked":["blob:http://127.0.0.1:58995/9ef35a8a-681f-4826-b72c-4dde3778d997"]}
{"name":"check","id":"g3:export-trusted","kind":"product","pass":true}
{"name":"row","row":"g","case":"dialog-export","location":{"pathname":"/app/settings/sticky","key":"86doenzg","state":null},"counters":{"pushState":0,"replaceState":0,"popstate":0,"commits":0},"dialog":{"label":"Unsaved Sticky Note draft","text":"Sticky Note has unsaved changes.","buttons":["Stay","Export current draft","Discard local changes and leave"]},"download":{"sha256":"3e43a9426f234877da6e9c7b9a05d262dd7bf8b80415e609d0ce15ee2e835471","bytes":72,"payload":{"version":1,"kind":"sticky-draft","values":{"device":{"color":"mint"}}}},"attempts":{"total":0,"reads":0,"writes":0,"removes":0,"other":0}}
{"name":"check","id":"g3:zero-runtime-errors-no-error-boundary-ui","kind":"product","deferred":true,"pass":true,"window":[371,372],"consoleErrors":[],"errorUi":[]}
{"name":"check","id":"input:button-present:Stay","kind":"precondition","pass":true,"scope":".settings-departure-dialog"}
{"name":"check","id":"input:control-present:Stay","kind":"precondition","pass":true,"selector":"[data-native-target=\"1\"]"}
{"name":"check","id":"input:hit-test:Stay","kind":"precondition","pass":true,"selector":"[data-native-target=\"1\"]","hitTarget":"BUTTON."}
{"name":"check","id":"d1:relative-push:held-dialog-open","kind":"product","pass":true,"dialog":{"label":"Unsaved Sticky Note draft","text":"Sticky Note has unsaved changes.","buttons":["Stay","Export current draft","Discard local changes and leave"]}}
{"name":"check","id":"d1:relative-push:held-location-unchanged","kind":"product","pass":true,"location":{"pathname":"/app/settings/sticky","key":"86doenzg","state":null},"windowPath":"/app/settings/sticky","pane":"sticky"}
{"name":"check","id":"d1:held-no-history-mutation","kind":"product","pass":true,"pushState":0,"replaceState":0,"popstate":0,"commits":0}
{"name":"check","id":"input:button-present:Retry Default Color","kind":"precondition","pass":true,"scope":".sticky-pane"}
{"name":"check","id":"input:control-present:Retry Default Color","kind":"precondition","pass":true,"selector":"[data-native-target=\"1\"]"}
{"name":"check","id":"input:hit-test:Retry Default Color","kind":"precondition","pass":true,"selector":"[data-native-target=\"1\"]","hitTarget":"BUTTON."}
{"name":"check","id":"d1:relative-path-and-state-replayed","kind":"product","pass":true,"commits":[{"seq":381,"key":"6ro1oqce","pathname":"/app/settings/hotkeys","search":"","hash":"","state":{"token":"host-d1"},"action":"PUSH"}]}
{"name":"check","id":"d1:one-push-with-state-no-replace","kind":"product","pass":true,"pushes":[{"seq":380,"method":"pushState","url":"/app/settings/hotkeys","key":"6ro1oqce","idx":7,"usr":{"token":"host-d1"}}],"counters":{"pushState":1,"replaceState":0,"popstate":0,"commits":1}}
{"name":"check","id":"d1:latest-persisted-dialog-closed","kind":"product","pass":true,"physical":"mint"}
{"name":"row","row":"d","case":"relative-path-state-push","call":{"to":"../hotkeys","options":{"relative":"path","state":{"token":"host-d1"}}},"commits":[{"seq":381,"key":"6ro1oqce","pathname":"/app/settings/hotkeys","search":"","hash":"","state":{"token":"host-d1"},"action":"PUSH"}],"pushes":[{"seq":380,"method":"pushState","url":"/app/settings/hotkeys","key":"6ro1oqce","idx":7,"usr":{"token":"host-d1"}}],"counters":{"pushState":1,"replaceState":0,"popstate":0,"commits":1}}
{"name":"check","id":"d1:zero-runtime-errors-no-error-boundary-ui","kind":"product","deferred":true,"pass":true,"window":[372,382],"consoleErrors":[],"errorUi":[]}
{"name":"check","id":"d1:back-to-sticky:traverse-back-entry-exists","kind":"precondition","pass":true,"currentIndex":8,"length":9}
{"name":"check","id":"d1:back-to-sticky:unguarded-traversal-restores-entry","kind":"product","pass":true,"location":{"pathname":"/app/settings/sticky","key":"86doenzg","state":null},"expected":{"pathname":"/app/settings/sticky","key":"86doenzg","state":null},"step":{"fromIndex":8,"toIndex":7,"entryId":21,"path":"/app/settings/sticky"}}
{"name":"check","id":"d1:back-to-sticky:sticky-remounts-clean","kind":"product","pass":true,"recovery":[],"unloadActive":0}
{"name":"check","id":"input:select-focused:Font Size","kind":"precondition","pass":true}
{"name":"check","id":"d2:write-fault-fired-font","kind":"precondition","pass":true,"denied":[{"seq":395,"op":"set","area":"local","key":"xai_pref_sticky_font","outcome":"denied","value":"xl"}],"recovery":[{"text":"Font Size was not saved.","buttons":["Retry Font Size","Discard Font Size"]}],"physical":{"color":"mint","font":"large","pin_default":"true","restore_size":null,"grid_spacing":"normal"}}
{"name":"check","id":"d2:relative-replace:held-dialog-open","kind":"product","pass":true,"dialog":{"label":"Unsaved Sticky Note draft","text":"Sticky Note has unsaved changes.","buttons":["Stay","Export current draft","Discard local changes and leave"]}}
{"name":"check","id":"d2:relative-replace:held-location-unchanged","kind":"product","pass":true,"location":{"pathname":"/app/settings/sticky","key":"86doenzg","state":null},"windowPath":"/app/settings/sticky","pane":"sticky"}
{"name":"check","id":"input:button-present:Discard local changes and leave","kind":"precondition","pass":true,"scope":".settings-departure-dialog"}
{"name":"check","id":"input:control-present:Discard local changes and leave","kind":"precondition","pass":true,"selector":"[data-native-target=\"1\"]"}
{"name":"check","id":"input:hit-test:Discard local changes and leave","kind":"precondition","pass":true,"selector":"[data-native-target=\"1\"]","hitTarget":"BUTTON."}
{"name":"check","id":"d2:relative-path-state-replace-replayed","kind":"product","pass":true,"commits":[{"seq":399,"key":"ko5yzgvu","pathname":"/app/settings/date_time","search":"","hash":"","state":{"token":"host-d2"},"action":"REPLACE"}]}
{"name":"check","id":"d2:one-replace-with-state-no-push","kind":"product","pass":true,"replaces":[{"seq":398,"method":"replaceState","url":"/app/settings/date_time","key":"ko5yzgvu","idx":6,"usr":{"token":"host-d2"}}],"counters":{"pushState":0,"replaceState":1,"popstate":0,"commits":1}}
{"name":"check","id":"d2:history-length-and-index-unchanged","kind":"product","pass":true,"lengthBefore":9,"stack":{"currentIndex":7,"length":9,"navIndex":6,"entries":["6:about:blank","13:/app/settings/hotkeys","15:/app/settings/date_time","16:/app/settings/sticky","18:/app/settings/hotkeys","19:/app/settings/sticky","20:/app/settings/hotkeys","21:/app/settings/date_time","22:/app/settings/hotkeys"]}}
{"name":"check","id":"d2:discard-zero-writes","kind":"product","pass":true,"mutations":[],"physical":{"color":"mint","font":"large","pin_default":"true","restore_size":null,"grid_spacing":"normal"}}
{"name":"row","row":"d","case":"relative-path-state-replace","call":{"to":"../date_time","options":{"relative":"path","state":{"token":"host-d2"},"replace":true}},"commits":[{"seq":399,"key":"ko5yzgvu","pathname":"/app/settings/date_time","search":"","hash":"","state":{"token":"host-d2"},"action":"REPLACE"}],"replaces":[{"seq":398,"method":"replaceState","url":"/app/settings/date_time","key":"ko5yzgvu","idx":6,"usr":{"token":"host-d2"}}],"counters":{"pushState":0,"replaceState":1,"popstate":0,"commits":1},"historyLength":{"before":9,"after":9}}
{"name":"check","id":"d2:zero-runtime-errors-no-error-boundary-ui","kind":"product","deferred":true,"pass":true,"window":[382,405],"consoleErrors":[],"errorUi":[]}
{"name":"check","id":"input:sidebar-row-present:Sticky Note","kind":"precondition","pass":true}
{"name":"check","id":"input:control-present:sidebar Sticky Note","kind":"precondition","pass":true,"selector":"[data-native-sidebar=\"1\"]"}
{"name":"check","id":"input:hit-test:sidebar Sticky Note","kind":"precondition","pass":true,"selector":"[data-native-sidebar=\"1\"]","hitTarget":"SPAN.grow"}
{"name":"check","id":"e:setup:sticky-entry-mounted-clean","kind":"precondition","pass":true,"counters":{"pushState":1,"replaceState":0,"popstate":0,"commits":1},"recovery":[]}
{"name":"check","id":"e1:clean-sign-out-preflight-true-no-dialog","kind":"product","pass":true,"signout":"true"}
{"name":"check","id":"input:control-present:restore_size","kind":"precondition","pass":true,"selector":".sticky-pane [role=\"switch\"][aria-label=\"Restore Default Size\"]"}
{"name":"check","id":"input:hit-test:restore_size","kind":"precondition","pass":true,"selector":".sticky-pane [role=\"switch\"][aria-label=\"Restore Default Size\"]","hitTarget":"BUTTON.toggle"}
{"name":"check","id":"e2:write-fault-fired-restore_size","kind":"precondition","pass":true,"denied":[{"seq":418,"op":"set","area":"local","key":"xai_pref_sticky_restore_size","outcome":"denied","value":"true"}],"recovery":[{"text":"Restore Default Size was not saved.","buttons":["Retry Restore Default Size","Discard Restore Default Size"]}],"physical":{"color":"mint","font":"large","pin_default":"true","restore_size":null,"grid_spacing":"normal"}}
{"name":"check","id":"e2:sign-out:held-dialog-open","kind":"product","pass":true,"dialog":{"label":"Unsaved Sticky Note draft","text":"Sticky Note has unsaved changes.","buttons":["Stay","Export current draft","Discard local changes and leave"]}}
{"name":"check","id":"e2:sign-out:held-location-unchanged","kind":"product","pass":true,"location":{"pathname":"/app/settings/sticky","key":"xndj7cuu","state":null},"windowPath":"/app/settings/sticky","pane":"sticky"}
{"name":"check","id":"e2:sign-out-pending-while-held","kind":"precondition","pass":true}
{"name":"check","id":"input:button-present:Stay","kind":"precondition","pass":true,"scope":".settings-departure-dialog"}
{"name":"check","id":"input:control-present:Stay","kind":"precondition","pass":true,"selector":"[data-native-target=\"1\"]"}
{"name":"check","id":"input:hit-test:Stay","kind":"precondition","pass":true,"selector":"[data-native-target=\"1\"]","hitTarget":"BUTTON."}
{"name":"check","id":"e2:stay-resolves-false","kind":"product","pass":true,"signout":"false"}
{"name":"check","id":"e2:stay-keeps-location-and-draft","kind":"product","pass":true,"location":{"pathname":"/app/settings/sticky","key":"xndj7cuu","state":null},"recovery":[{"text":"Restore Default Size was not saved.","buttons":["Retry Restore Default Size","Discard Restore Default Size"]}]}
{"name":"row","row":"e","case":"sign-out-stay","result":"false","cleanControl":"true","location":{"pathname":"/app/settings/sticky","key":"xndj7cuu","state":null},"counters":{"pushState":0,"replaceState":0,"popstate":0,"commits":0}}
{"name":"check","id":"e2:zero-runtime-errors-no-error-boundary-ui","kind":"product","deferred":true,"pass":true,"window":[405,419],"consoleErrors":[],"errorUi":[]}
{"name":"check","id":"e3:sign-out:held-dialog-open","kind":"product","pass":true,"dialog":{"label":"Unsaved Sticky Note draft","text":"Sticky Note has unsaved changes.","buttons":["Stay","Export current draft","Discard local changes and leave"]}}
{"name":"check","id":"e3:sign-out:held-location-unchanged","kind":"product","pass":true,"location":{"pathname":"/app/settings/sticky","key":"xndj7cuu","state":null},"windowPath":"/app/settings/sticky","pane":"sticky"}
{"name":"check","id":"input:button-present:Discard local changes and leave","kind":"precondition","pass":true,"scope":".settings-departure-dialog"}
{"name":"check","id":"input:control-present:Discard local changes and leave","kind":"precondition","pass":true,"selector":"[data-native-target=\"1\"]"}
{"name":"check","id":"input:hit-test:Discard local changes and leave","kind":"precondition","pass":true,"selector":"[data-native-target=\"1\"]","hitTarget":"BUTTON."}
{"name":"check","id":"e3:discard-resolves-true-zero-writes","kind":"product","pass":true,"signout":"true","mutations":[]}
{"name":"check","id":"e3:after-discard:beforeunload-silent-zero-handler-attempts","kind":"product","pass":true,"warning":{"warned":false,"attempts":0},"unloadListeners":0}
{"name":"row","row":"e","case":"sign-out-discard","result":"true","writes":0}
{"name":"check","id":"e3:zero-runtime-errors-no-error-boundary-ui","kind":"product","deferred":true,"pass":true,"window":[419,422],"consoleErrors":[],"errorUi":[]}
{"name":"check","id":"input:control-present:color=peach","kind":"precondition","pass":true,"selector":".sticky-pane [data-color-id=\"peach\"]"}
{"name":"check","id":"input:hit-test:color=peach","kind":"precondition","pass":true,"selector":".sticky-pane [data-color-id=\"peach\"]","hitTarget":"BUTTON.sn-sw"}
{"name":"check","id":"f1:write-fault-fired-color","kind":"precondition","pass":true,"denied":[{"seq":427,"op":"set","area":"local","key":"xai_pref_sticky_color","outcome":"denied","value":"peach"}],"recovery":[{"text":"Default Color was not saved.","buttons":["Retry Default Color","Discard Default Color"]}],"physical":{"color":"mint","font":"large","pin_default":"true","restore_size":null,"grid_spacing":"normal"}}
{"name":"check","id":"f1:route-vs-route:held-dialog-open","kind":"product","pass":true,"dialog":{"label":"Unsaved Sticky Note draft","text":"Sticky Note has unsaved changes.","buttons":["Stay","Export current draft","Discard local changes and leave"]}}
{"name":"check","id":"f1:route-vs-route:held-location-unchanged","kind":"product","pass":true,"location":{"pathname":"/app/settings/sticky","key":"xndj7cuu","state":null},"windowPath":"/app/settings/sticky","pane":"sticky"}
{"name":"check","id":"input:button-present:Discard local changes and leave","kind":"precondition","pass":true,"scope":".settings-departure-dialog"}
{"name":"check","id":"input:control-present:Discard local changes and leave","kind":"precondition","pass":true,"selector":"[data-native-target=\"1\"]"}
{"name":"check","id":"input:hit-test:Discard local changes and leave","kind":"precondition","pass":true,"selector":"[data-native-target=\"1\"]","hitTarget":"BUTTON."}
{"name":"check","id":"f1:first-route-wins-released-once","kind":"product","pass":true,"commits":[{"seq":431,"key":"epq1o3f3","pathname":"/app/settings/hotkeys","search":"","hash":"","state":null,"action":"PUSH"}],"history":[{"seq":430,"method":"pushState","url":"/app/settings/hotkeys","key":"epq1o3f3","idx":8,"usr":null}]}
{"name":"check","id":"f1:zero-writes","kind":"product","pass":true,"mutations":[]}
{"name":"row","row":"f","case":"route-vs-route","calls":["/app/settings/hotkeys","/app/settings/date_time"],"commits":[{"seq":431,"key":"epq1o3f3","pathname":"/app/settings/hotkeys","search":"","hash":"","state":null,"action":"PUSH"}],"counters":{"pushState":1,"replaceState":0,"popstate":0,"commits":1}}
{"name":"check","id":"f1:zero-runtime-errors-no-error-boundary-ui","kind":"product","deferred":true,"pass":true,"window":[422,432],"consoleErrors":[],"errorUi":[]}
{"name":"check","id":"input:sidebar-row-present:Sticky Note","kind":"precondition","pass":true}
{"name":"check","id":"input:control-present:sidebar Sticky Note","kind":"precondition","pass":true,"selector":"[data-native-sidebar=\"1\"]"}
{"name":"check","id":"input:hit-test:sidebar Sticky Note","kind":"precondition","pass":true,"selector":"[data-native-sidebar=\"1\"]","hitTarget":"SPAN.grow"}
{"name":"check","id":"f2:setup:sticky-entry-mounted-clean","kind":"precondition","pass":true,"counters":{"pushState":1,"replaceState":0,"popstate":0,"commits":1},"recovery":[]}
{"name":"check","id":"input:control-present:color=peach","kind":"precondition","pass":true,"selector":".sticky-pane [data-color-id=\"peach\"]"}
{"name":"check","id":"input:hit-test:color=peach","kind":"precondition","pass":true,"selector":".sticky-pane [data-color-id=\"peach\"]","hitTarget":"BUTTON.sn-sw"}
{"name":"check","id":"f2:write-fault-fired-color","kind":"precondition","pass":true,"denied":[{"seq":445,"op":"set","area":"local","key":"xai_pref_sticky_color","outcome":"denied","value":"peach"}],"recovery":[{"text":"Default Color was not saved.","buttons":["Retry Default Color","Discard Default Color"]}],"physical":{"color":"mint","font":"large","pin_default":"true","restore_size":null,"grid_spacing":"normal"}}
{"name":"check","id":"f2:route-vs-sign-out:held-dialog-open","kind":"product","pass":true,"dialog":{"label":"Unsaved Sticky Note draft","text":"Sticky Note has unsaved changes.","buttons":["Stay","Export current draft","Discard local changes and leave"]}}
{"name":"check","id":"f2:route-vs-sign-out:held-location-unchanged","kind":"product","pass":true,"location":{"pathname":"/app/settings/sticky","key":"yum7twjx","state":null},"windowPath":"/app/settings/sticky","pane":"sticky"}
{"name":"check","id":"f2:later-sign-out-resolves-false-while-route-held","kind":"product","pass":true,"signout":"false"}
{"name":"check","id":"input:button-present:Discard local changes and leave","kind":"precondition","pass":true,"scope":".settings-departure-dialog"}
{"name":"check","id":"input:control-present:Discard local changes and leave","kind":"precondition","pass":true,"selector":"[data-native-target=\"1\"]"}
{"name":"check","id":"input:hit-test:Discard local changes and leave","kind":"precondition","pass":true,"selector":"[data-native-target=\"1\"]","hitTarget":"BUTTON."}
{"name":"check","id":"f2:first-route-is-the-held-intent","kind":"product","pass":true,"commits":[{"seq":449,"key":"peyyb06v","pathname":"/app/settings/hotkeys","search":"","hash":"","state":null,"action":"PUSH"}],"signout":"false"}
{"name":"row","row":"f","case":"route-vs-sign-out","signout":"false","commits":[{"seq":449,"key":"peyyb06v","pathname":"/app/settings/hotkeys","search":"","hash":"","state":null,"action":"PUSH"}],"counters":{"pushState":1,"replaceState":0,"popstate":0,"commits":1}}
{"name":"check","id":"f2:zero-runtime-errors-no-error-boundary-ui","kind":"product","deferred":true,"pass":true,"window":[432,450],"consoleErrors":[],"errorUi":[]}
{"name":"check","id":"input:sidebar-row-present:Sticky Note","kind":"precondition","pass":true}
{"name":"check","id":"input:control-present:sidebar Sticky Note","kind":"precondition","pass":true,"selector":"[data-native-sidebar=\"1\"]"}
{"name":"check","id":"input:hit-test:sidebar Sticky Note","kind":"precondition","pass":true,"selector":"[data-native-sidebar=\"1\"]","hitTarget":"SPAN.grow"}
{"name":"check","id":"f3:setup:sticky-entry-mounted-clean","kind":"precondition","pass":true,"counters":{"pushState":1,"replaceState":0,"popstate":0,"commits":1},"recovery":[]}
{"name":"check","id":"input:control-present:color=peach","kind":"precondition","pass":true,"selector":".sticky-pane [data-color-id=\"peach\"]"}
{"name":"check","id":"input:hit-test:color=peach","kind":"precondition","pass":true,"selector":".sticky-pane [data-color-id=\"peach\"]","hitTarget":"BUTTON.sn-sw"}
{"name":"check","id":"f3:write-fault-fired-color","kind":"precondition","pass":true,"denied":[{"seq":463,"op":"set","area":"local","key":"xai_pref_sticky_color","outcome":"denied","value":"peach"}],"recovery":[{"text":"Default Color was not saved.","buttons":["Retry Default Color","Discard Default Color"]}],"physical":{"color":"mint","font":"large","pin_default":"true","restore_size":null,"grid_spacing":"normal"}}
{"name":"check","id":"f3:sign-out-vs-route:held-dialog-open","kind":"product","pass":true,"dialog":{"label":"Unsaved Sticky Note draft","text":"Sticky Note has unsaved changes.","buttons":["Stay","Export current draft","Discard local changes and leave"]}}
{"name":"check","id":"f3:sign-out-vs-route:held-location-unchanged","kind":"product","pass":true,"location":{"pathname":"/app/settings/sticky","key":"ldg47gjl","state":null},"windowPath":"/app/settings/sticky","pane":"sticky"}
{"name":"check","id":"f3:sign-out-pending","kind":"precondition","pass":true}
{"name":"check","id":"input:button-present:Discard local changes and leave","kind":"precondition","pass":true,"scope":".settings-departure-dialog"}
{"name":"check","id":"input:control-present:Discard local changes and leave","kind":"precondition","pass":true,"selector":"[data-native-target=\"1\"]"}
{"name":"check","id":"input:hit-test:Discard local changes and leave","kind":"precondition","pass":true,"selector":"[data-native-target=\"1\"]","hitTarget":"BUTTON."}
{"name":"check","id":"f3:first-sign-out-wins-later-route-dropped","kind":"product","pass":true,"location":{"pathname":"/app/settings/sticky","key":"ldg47gjl","state":null},"counters":{"pushState":0,"replaceState":0,"popstate":0,"commits":0}}
{"name":"row","row":"f","case":"sign-out-vs-route","signout":"true","location":{"pathname":"/app/settings/sticky","key":"ldg47gjl","state":null},"counters":{"pushState":0,"replaceState":0,"popstate":0,"commits":0}}
{"name":"check","id":"f3:zero-runtime-errors-no-error-boundary-ui","kind":"product","deferred":true,"pass":true,"window":[450,466],"consoleErrors":[],"errorUi":[]}
{"name":"check","id":"input:control-present:color=sky","kind":"precondition","pass":true,"selector":".sticky-pane [data-color-id=\"sky\"]"}
{"name":"check","id":"input:hit-test:color=sky","kind":"precondition","pass":true,"selector":".sticky-pane [data-color-id=\"sky\"]","hitTarget":"BUTTON.sn-sw"}
{"name":"check","id":"h:write-fault-fired-color","kind":"precondition","pass":true,"denied":[{"seq":471,"op":"set","area":"local","key":"xai_pref_sticky_color","outcome":"denied","value":"sky"}],"recovery":[{"text":"Default Color was not saved.","buttons":["Retry Default Color","Discard Default Color"]}],"physical":{"color":"mint","font":"large","pin_default":"true","restore_size":null,"grid_spacing":"normal"}}
{"name":"check","id":"input:select-focused:Font Size","kind":"precondition","pass":true}
{"name":"check","id":"h:write-fault-fired-font","kind":"precondition","pass":true,"denied":[{"seq":476,"op":"set","area":"local","key":"xai_pref_sticky_font","outcome":"denied","value":"normal"}],"recovery":[{"text":"Default Color was not saved.","buttons":["Retry Default Color","Discard Default Color"]},{"text":"Font Size was not saved.","buttons":["Retry Font Size","Discard Font Size"]}],"physical":{"color":"mint","font":"large","pin_default":"true","restore_size":null,"grid_spacing":"normal"}}
{"name":"check","id":"h:two-failing-fields","kind":"precondition","pass":true}
{"name":"check","id":"h:offscreen:both-recovery-blocks-out-of-view","kind":"precondition","pass":true,"scrolled":{"scrollTop":479,"scrollHeight":847,"clientHeight":368},"geometry":{"color":{"top":-175,"bottom":-131,"visibleTop":52,"visibleBottom":420,"container":"div.module.module-settings","scrollTop":479,"scrollHeight":847,"clientHeight":368,"offscreen":true},"font":{"top":-45,"bottom":-1,"visibleTop":52,"visibleBottom":420,"container":"div.module.module-settings","scrollTop":479,"scrollHeight":847,"clientHeight":368,"offscreen":true}}}
{"name":"check","id":"input:control-present:rail Tasks (offscreen)","kind":"precondition","pass":true,"selector":".app-rail [aria-label=\"Tasks\"]"}
{"name":"check","id":"input:hit-test:rail Tasks (offscreen)","kind":"precondition","pass":true,"selector":".app-rail [aria-label=\"Tasks\"]","hitTarget":"path.[object SVGAnimatedString]"}
{"name":"check","id":"h:offscreen:held-dialog-open","kind":"product","pass":true,"dialog":{"label":"Unsaved Sticky Note draft","text":"Sticky Note has unsaved changes.","buttons":["Stay","Export current draft","Discard local changes and leave"]}}
{"name":"check","id":"h:offscreen:held-location-unchanged","kind":"product","pass":true,"location":{"pathname":"/app/settings/sticky","key":"ldg47gjl","state":null},"windowPath":"/app/settings/sticky","pane":"sticky"}
{"name":"check","id":"h:offscreen:recovery-out-of-view-still-holds","kind":"product","pass":true,"counters":{"pushState":0,"replaceState":0,"popstate":0,"commits":0},"geometryWhileHeld":{"color":{"top":-175,"bottom":-131,"visibleTop":52,"visibleBottom":420,"container":"div.module.module-settings","scrollTop":479,"scrollHeight":847,"clientHeight":368,"offscreen":true},"font":{"top":-45,"bottom":-1,"visibleTop":52,"visibleBottom":420,"container":"div.module.module-settings","scrollTop":479,"scrollHeight":847,"clientHeight":368,"offscreen":true}}}
{"name":"row","row":"h","case":"offscreen-recovery-holds","geometry":{"color":{"top":-175,"bottom":-131,"visibleTop":52,"visibleBottom":420,"container":"div.module.module-settings","scrollTop":479,"scrollHeight":847,"clientHeight":368,"offscreen":true},"font":{"top":-45,"bottom":-1,"visibleTop":52,"visibleBottom":420,"container":"div.module.module-settings","scrollTop":479,"scrollHeight":847,"clientHeight":368,"offscreen":true}},"geometryWhileHeld":{"color":{"top":-175,"bottom":-131,"visibleTop":52,"visibleBottom":420,"container":"div.module.module-settings","scrollTop":479,"scrollHeight":847,"clientHeight":368,"offscreen":true},"font":{"top":-45,"bottom":-1,"visibleTop":52,"visibleBottom":420,"container":"div.module.module-settings","scrollTop":479,"scrollHeight":847,"clientHeight":368,"offscreen":true}},"scrolled":{"scrollTop":479,"scrollHeight":847,"clientHeight":368},"location":{"pathname":"/app/settings/sticky","key":"ldg47gjl","state":null},"counters":{"pushState":0,"replaceState":0,"popstate":0,"commits":0}}
{"name":"check","id":"h-offscreen:zero-runtime-errors-no-error-boundary-ui","kind":"product","deferred":true,"pass":true,"window":[466,477],"consoleErrors":[],"errorUi":[]}
{"name":"check","id":"input:button-present:Stay","kind":"precondition","pass":true,"scope":".settings-departure-dialog"}
{"name":"check","id":"input:control-present:Stay","kind":"precondition","pass":true,"selector":"[data-native-target=\"1\"]"}
{"name":"check","id":"input:hit-test:Stay","kind":"precondition","pass":true,"selector":"[data-native-target=\"1\"]","hitTarget":"BUTTON."}
{"name":"check","id":"h:hidden:page-hidden-by-foreground-tab","kind":"precondition","pass":true,"hidden":"hidden"}
{"name":"check","id":"h:hidden:intent-held-while-hidden","kind":"product","pass":true,"dialog":{"label":"Unsaved Sticky Note draft","text":"Sticky Note has unsaved changes.","buttons":["Stay","Export current draft","Discard local changes and leave"]},"location":{"pathname":"/app/settings/sticky","key":"ldg47gjl","state":null}}
{"name":"check","id":"h:hidden:still-held-when-visible-again","kind":"product","pass":true,"visible":"visible","location":{"pathname":"/app/settings/sticky","key":"ldg47gjl","state":null}}
{"name":"row","row":"h","case":"hidden-document-holds","visibilityWhileHidden":"hidden","visibilityAfter":"visible","location":{"pathname":"/app/settings/sticky","key":"ldg47gjl","state":null},"counters":{"pushState":0,"replaceState":0,"popstate":0,"commits":0}}
{"name":"check","id":"h-hidden:zero-runtime-errors-no-error-boundary-ui","kind":"product","deferred":true,"pass":true,"window":[477,478],"consoleErrors":[],"errorUi":[]}
{"name":"check","id":"input:button-present:Retry Default Color","kind":"precondition","pass":true,"scope":".sticky-pane"}
{"name":"check","id":"input:control-present:Retry Default Color","kind":"precondition","pass":true,"selector":"[data-native-target=\"1\"]"}
{"name":"check","id":"input:hit-test:Retry Default Color","kind":"precondition","pass":true,"selector":"[data-native-target=\"1\"]","hitTarget":"BUTTON."}
{"name":"check","id":"h:repair-one-keeps-holding","kind":"product","pass":true,"physical":"sky","location":{"pathname":"/app/settings/sticky","key":"ldg47gjl","state":null},"counters":{"pushState":0,"replaceState":0,"popstate":0,"commits":0}}
{"name":"row","row":"h","case":"repair-one-of-two","recovery":[{"text":"Font Size was not saved.","buttons":["Retry Font Size","Discard Font Size"]}],"physical":{"color":"sky","font":"large","pin_default":"true","restore_size":null,"grid_spacing":"normal"},"counters":{"pushState":0,"replaceState":0,"popstate":0,"commits":0}}
{"name":"check","id":"h-repair-one:zero-runtime-errors-no-error-boundary-ui","kind":"product","deferred":true,"pass":true,"window":[478,484],"consoleErrors":[],"errorUi":[]}
{"name":"check","id":"input:control-present:pin_default","kind":"precondition","pass":true,"selector":".sticky-pane [role=\"switch\"][aria-label=\"Pin by Default\"]"}
{"name":"check","id":"input:hit-test:pin_default","kind":"precondition","pass":true,"selector":".sticky-pane [role=\"switch\"][aria-label=\"Pin by Default\"]","hitTarget":"BUTTON.toggle on"}
{"name":"xai:pref:v1:xai_pref_sticky_pin_default","id":"h:newer:engine-waits-behind-real-lock-pin_default","kind":"precondition","pass":true,"pending":true,"waiting":true,"appRequests":[{"seq":487,"name":"xai:pref:v1:xai_pref_sticky_pin_default","mode":"exclusive","by":"app"}]}
{"name":"check","id":"input:button-present:Retry Font Size","kind":"precondition","pass":true,"scope":".sticky-pane"}
{"name":"check","id":"input:control-present:Retry Font Size","kind":"precondition","pass":true,"selector":"[data-native-target=\"1\"]"}
{"name":"check","id":"input:hit-test:Retry Font Size","kind":"precondition","pass":true,"selector":"[data-native-target=\"1\"]","hitTarget":"BUTTON."}
{"name":"check","id":"h:newer-edit-keeps-holding","kind":"product","pass":true,"physical":{"color":"sky","font":"normal","pin_default":"true","restore_size":null,"grid_spacing":"normal"},"counters":{"pushState":0,"replaceState":0,"popstate":0,"commits":0}}
{"name":"row","row":"h","case":"newer-edit-holds","recovery":[{"text":"Pin by Default is saving.","buttons":["Retry Pin by Default","Discard Pin by Default"]}],"physical":{"color":"sky","font":"normal","pin_default":"true","restore_size":null,"grid_spacing":"normal"},"counters":{"pushState":0,"replaceState":0,"popstate":0,"commits":0}}
{"name":"check","id":"h-newer-edit:zero-runtime-errors-no-error-boundary-ui","kind":"product","deferred":true,"pass":true,"window":[484,493],"consoleErrors":[],"errorUi":[]}
{"name":"check","id":"h:last-work-releases-held-intent-once","kind":"product","pass":true,"commits":[{"seq":500,"key":"k2auekuv","pathname":"/app/tasks","search":"","hash":"","state":null,"action":"PUSH"}],"counters":{"pushState":1,"replaceState":0,"popstate":0,"commits":1}}
{"name":"row","row":"h","case":"release-after-all-work-settles","commits":[{"seq":500,"key":"k2auekuv","pathname":"/app/tasks","search":"","hash":"","state":null,"action":"PUSH"}],"counters":{"pushState":1,"replaceState":0,"popstate":0,"commits":1},"physical":{"color":"sky","font":"normal","pin_default":"false","restore_size":null,"grid_spacing":"normal"}}
{"name":"check","id":"h-release:zero-runtime-errors-no-error-boundary-ui","kind":"product","deferred":true,"pass":true,"window":[493,500],"consoleErrors":[],"errorUi":[]}
{"name":"check","id":"j:setup:sticky","kind":"precondition","pass":true}
{"name":"check","id":"j:setup:clean","kind":"precondition","pass":true}
{"name":"check","id":"input:control-present:color=lilac","kind":"precondition","pass":true,"selector":".sticky-pane [data-color-id=\"lilac\"]"}
{"name":"check","id":"input:hit-test:color=lilac","kind":"precondition","pass":true,"selector":".sticky-pane [data-color-id=\"lilac\"]","hitTarget":"BUTTON.sn-sw"}
{"name":"check","id":"j1:write-fault-fired-color","kind":"precondition","pass":true,"denied":[{"seq":512,"op":"set","area":"local","key":"xai_pref_sticky_color","outcome":"denied","value":"lilac"}],"recovery":[{"text":"Default Color was not saved.","buttons":["Retry Default Color","Discard Default Color"]}],"physical":{"color":"sky","font":"normal","pin_default":"false","restore_size":null,"grid_spacing":"normal"}}
{"name":"check","id":"input:select-focused:Font Size","kind":"precondition","pass":true}
{"name":"check","id":"j1:write-fault-fired-font","kind":"precondition","pass":true,"denied":[{"seq":517,"op":"set","area":"local","key":"xai_pref_sticky_font","outcome":"denied","value":"large"}],"recovery":[{"text":"Default Color was not saved.","buttons":["Retry Default Color","Discard Default Color"]},{"text":"Font Size was not saved.","buttons":["Retry Font Size","Discard Font Size"]}],"physical":{"color":"sky","font":"normal","pin_default":"false","restore_size":null,"grid_spacing":"normal"}}
{"name":"check","id":"input:control-present:pin_default","kind":"precondition","pass":true,"selector":".sticky-pane [role=\"switch\"][aria-label=\"Pin by Default\"]"}
{"name":"check","id":"input:hit-test:pin_default","kind":"precondition","pass":true,"selector":".sticky-pane [role=\"switch\"][aria-label=\"Pin by Default\"]","hitTarget":"BUTTON.toggle"}
{"name":"check","id":"j1:write-fault-fired-pin_default","kind":"precondition","pass":true,"denied":[{"seq":521,"op":"set","area":"local","key":"xai_pref_sticky_pin_default","outcome":"denied","value":"true"}],"recovery":[{"text":"Default Color was not saved.","buttons":["Retry Default Color","Discard Default Color"]},{"text":"Font Size was not saved.","buttons":["Retry Font Size","Discard Font Size"]},{"text":"Pin by Default was not saved.","buttons":["Retry Pin by Default","Discard Pin by Default"]}],"physical":{"color":"sky","font":"normal","pin_default":"false","restore_size":null,"grid_spacing":"normal"}}
{"name":"check","id":"input:control-present:restore_size","kind":"precondition","pass":true,"selector":".sticky-pane [role=\"switch\"][aria-label=\"Restore Default Size\"]"}
{"name":"check","id":"input:hit-test:restore_size","kind":"precondition","pass":true,"selector":".sticky-pane [role=\"switch\"][aria-label=\"Restore Default Size\"]","hitTarget":"BUTTON.toggle"}
{"name":"check","id":"j1:write-fault-fired-restore_size","kind":"precondition","pass":true,"denied":[{"seq":525,"op":"set","area":"local","key":"xai_pref_sticky_restore_size","outcome":"denied","value":"true"}],"recovery":[{"text":"Default Color was not saved.","buttons":["Retry Default Color","Discard Default Color"]},{"text":"Font Size was not saved.","buttons":["Retry Font Size","Discard Font Size"]},{"text":"Pin by Default was not saved.","buttons":["Retry Pin by Default","Discard Pin by Default"]},{"text":"Restore Default Size was not saved.","buttons":["Retry Restore Default Size","Discard Restore Default Size"]}],"physical":{"color":"sky","font":"normal","pin_default":"false","restore_size":null,"grid_spacing":"normal"}}
{"name":"check","id":"input:control-present:grid_spacing=none","kind":"precondition","pass":true,"selector":".sticky-pane [data-spacing-id=\"none\"]"}
{"name":"check","id":"input:hit-test:grid_spacing=none","kind":"precondition","pass":true,"selector":".sticky-pane [data-spacing-id=\"none\"]","hitTarget":"BUTTON.sn-sp"}
{"name":"check","id":"j1:write-fault-fired-grid_spacing","kind":"precondition","pass":true,"denied":[{"seq":529,"op":"set","area":"local","key":"xai_pref_sticky_grid_spacing","outcome":"denied","value":"none"}],"recovery":[{"text":"Default Color was not saved.","buttons":["Retry Default Color","Discard Default Color"]},{"text":"Font Size was not saved.","buttons":["Retry Font Size","Discard Font Size"]},{"text":"Pin by Default was not saved.","buttons":["Retry Pin by Default","Discard Pin by Default"]},{"text":"Restore Default Size was not saved.","buttons":["Retry Restore Default Size","Discard Restore Default Size"]},{"text":"Default Grid Spacing was not saved.","buttons":["Retry Default Grid Spacing","Discard Default Grid Spacing"]}],"physical":{"color":"sky","font":"normal","pin_default":"false","restore_size":null,"grid_spacing":"normal"}}
{"name":"check","id":"j1:all-five-failing","kind":"precondition","pass":true}
{"name":"check","id":"input:sidebar-row-present:Hotkeys","kind":"precondition","pass":true}
{"name":"check","id":"input:control-present:sidebar Hotkeys","kind":"precondition","pass":true,"selector":"[data-native-sidebar=\"1\"]"}
{"name":"check","id":"input:hit-test:sidebar Hotkeys","kind":"precondition","pass":true,"selector":"[data-native-sidebar=\"1\"]","hitTarget":"SPAN.grow"}
{"name":"check","id":"j1:intent:held-dialog-open","kind":"product","pass":true,"dialog":{"label":"Unsaved Sticky Note draft","text":"Sticky Note has unsaved changes.","buttons":["Stay","Export current draft","Discard local changes and leave"]}}
{"name":"check","id":"j1:intent:held-location-unchanged","kind":"product","pass":true,"location":{"pathname":"/app/settings/sticky","key":"t8h871ul","state":null},"windowPath":"/app/settings/sticky","pane":"sticky"}
{"name":"check","id":"input:button-present:Discard local changes and leave","kind":"precondition","pass":true,"scope":".settings-departure-dialog"}
{"name":"check","id":"input:control-present:Discard local changes and leave","kind":"precondition","pass":true,"selector":"[data-native-target=\"1\"]"}
{"name":"check","id":"input:hit-test:Discard local changes and leave","kind":"precondition","pass":true,"selector":"[data-native-target=\"1\"]","hitTarget":"BUTTON."}
{"name":"check","id":"j1:releases-once","kind":"product","pass":true,"commits":[{"seq":538,"key":"589x4vee","pathname":"/app/settings/hotkeys","search":"","hash":"","state":null,"action":"PUSH"}],"counters":{"pushState":1,"replaceState":0,"popstate":0,"commits":1}}
{"name":"check","id":"j1:zero-storage-writes-any-key","kind":"product","pass":true,"mutations":[],"physical":{"color":"sky","font":"normal","pin_default":"false","restore_size":null,"grid_spacing":"normal"}}
{"name":"check","id":"j1:dialog-closed-unload-listener-gone","kind":"product","pass":true,"unloadActive":0}
{"name":"row","row":"j","case":"dialog-discard-all-and-leave","drafts":5,"commits":[{"seq":538,"key":"589x4vee","pathname":"/app/settings/hotkeys","search":"","hash":"","state":null,"action":"PUSH"}],"counters":{"pushState":1,"replaceState":0,"popstate":0,"commits":1},"attempts":{"total":5,"reads":5,"writes":0,"removes":0,"other":0},"physical":{"color":"sky","font":"normal","pin_default":"false","restore_size":null,"grid_spacing":"normal"}}
{"name":"check","id":"j1:zero-runtime-errors-no-error-boundary-ui","kind":"product","deferred":true,"pass":true,"window":[500,539],"consoleErrors":[],"errorUi":[]}
{"name":"check","id":"input:sidebar-row-present:Sticky Note","kind":"precondition","pass":true}
{"name":"check","id":"input:control-present:sidebar Sticky Note","kind":"precondition","pass":true,"selector":"[data-native-sidebar=\"1\"]"}
{"name":"check","id":"input:hit-test:sidebar Sticky Note","kind":"precondition","pass":true,"selector":"[data-native-sidebar=\"1\"]","hitTarget":"SPAN.grow"}
{"name":"check","id":"j2:setup:sticky-entry-mounted-clean","kind":"precondition","pass":true,"counters":{"pushState":1,"replaceState":0,"popstate":0,"commits":1},"recovery":[]}
{"name":"check","id":"input:control-present:color=mint","kind":"precondition","pass":true,"selector":".sticky-pane [data-color-id=\"mint\"]"}
{"name":"check","id":"input:hit-test:color=mint","kind":"precondition","pass":true,"selector":".sticky-pane [data-color-id=\"mint\"]","hitTarget":"BUTTON.sn-sw"}
{"name":"check","id":"j2:write-fault-fired-color","kind":"precondition","pass":true,"denied":[{"seq":552,"op":"set","area":"local","key":"xai_pref_sticky_color","outcome":"denied","value":"mint"}],"recovery":[{"text":"Default Color was not saved.","buttons":["Retry Default Color","Discard Default Color"]}],"physical":{"color":"sky","font":"normal","pin_default":"false","restore_size":null,"grid_spacing":"normal"}}
{"name":"check","id":"input:control-present:grid_spacing=xl","kind":"precondition","pass":true,"selector":".sticky-pane [data-spacing-id=\"xl\"]"}
{"name":"check","id":"input:hit-test:grid_spacing=xl","kind":"precondition","pass":true,"selector":".sticky-pane [data-spacing-id=\"xl\"]","hitTarget":"BUTTON.sn-sp"}
{"name":"check","id":"j2:write-fault-fired-grid_spacing","kind":"precondition","pass":true,"denied":[{"seq":556,"op":"set","area":"local","key":"xai_pref_sticky_grid_spacing","outcome":"denied","value":"xl"}],"recovery":[{"text":"Default Color was not saved.","buttons":["Retry Default Color","Discard Default Color"]},{"text":"Default Grid Spacing was not saved.","buttons":["Retry Default Grid Spacing","Discard Default Grid Spacing"]}],"physical":{"color":"sky","font":"normal","pin_default":"false","restore_size":null,"grid_spacing":"normal"}}
{"name":"check","id":"j2:intent:held-dialog-open","kind":"product","pass":true,"dialog":{"label":"Unsaved Sticky Note draft","text":"Sticky Note has unsaved changes.","buttons":["Stay","Export current draft","Discard local changes and leave"]}}
{"name":"check","id":"j2:intent:held-location-unchanged","kind":"product","pass":true,"location":{"pathname":"/app/settings/sticky","key":"3jckkjoc","state":null},"windowPath":"/app/settings/sticky","pane":"sticky"}
{"name":"check","id":"input:button-present:Discard all changes","kind":"precondition","pass":true,"scope":".sticky-pane .sticky-recovery-actions"}
{"name":"check","id":"input:control-present:Discard all changes","kind":"precondition","pass":true,"selector":"[data-native-target=\"1\"]"}
{"name":"check","id":"input:hit-test:Discard all changes","kind":"precondition","pass":true,"selector":"[data-native-target=\"1\"]","hitTarget":"BUTTON."}
{"name":"check","id":"j2:pane-discard-all-releases-held-intent-once-zero-writes","kind":"product","pass":true,"commits":[{"seq":562,"key":"li07hl48","pathname":"/app/settings/date_time","search":"","hash":"","state":null,"action":"PUSH"}],"counters":{"pushState":1,"replaceState":0,"popstate":0,"commits":1},"mutations":[]}
{"name":"row","row":"j","case":"pane-discard-all-during-held-intent","commits":[{"seq":562,"key":"li07hl48","pathname":"/app/settings/date_time","search":"","hash":"","state":null,"action":"PUSH"}],"counters":{"pushState":1,"replaceState":0,"popstate":0,"commits":1},"attempts":{"total":7,"reads":7,"writes":0,"removes":0,"other":0}}
{"name":"check","id":"j2:zero-runtime-errors-no-error-boundary-ui","kind":"product","deferred":true,"pass":true,"window":[539,567],"consoleErrors":[],"errorUi":[]}
{"name":"check","id":"input:sidebar-row-present:Sticky Note","kind":"precondition","pass":true}
{"name":"check","id":"input:control-present:sidebar Sticky Note","kind":"precondition","pass":true,"selector":"[data-native-sidebar=\"1\"]"}
{"name":"check","id":"input:hit-test:sidebar Sticky Note","kind":"precondition","pass":true,"selector":"[data-native-sidebar=\"1\"]","hitTarget":"SPAN.grow"}
{"name":"check","id":"k:setup:sticky-entry-mounted-clean","kind":"precondition","pass":true,"counters":{"pushState":1,"replaceState":0,"popstate":0,"commits":1},"recovery":[]}
{"name":"check","id":"input:control-present:color=indigo","kind":"precondition","pass":true,"selector":".sticky-pane [data-color-id=\"indigo\"]"}
{"name":"check","id":"input:hit-test:color=indigo","kind":"precondition","pass":true,"selector":".sticky-pane [data-color-id=\"indigo\"]","hitTarget":"BUTTON.sn-sw"}
{"name":"check","id":"k:write-fault-fired-color","kind":"precondition","pass":true,"denied":[{"seq":580,"op":"set","area":"local","key":"xai_pref_sticky_color","outcome":"denied","value":"indigo"}],"recovery":[{"text":"Default Color was not saved.","buttons":["Retry Default Color","Discard Default Color"]}],"physical":{"color":"sky","font":"normal","pin_default":"false","restore_size":null,"grid_spacing":"normal"}}
{"name":"check","id":"k:starts-in-account-a","kind":"account","pass":true,"accountId":"sticky-host-A","generation":"g1","epoch":2}
{"name":"check","id":"input:sidebar-row-present:Hotkeys","kind":"precondition","pass":true}
{"name":"check","id":"input:control-present:sidebar Hotkeys","kind":"precondition","pass":true,"selector":"[data-native-sidebar=\"1\"]"}
{"name":"check","id":"input:hit-test:sidebar Hotkeys","kind":"precondition","pass":true,"selector":"[data-native-sidebar=\"1\"]","hitTarget":"SPAN.grow"}
{"name":"check","id":"k1:intent:held-dialog-open","kind":"product","pass":true,"dialog":{"label":"Unsaved Sticky Note draft","text":"Sticky Note has unsaved changes.","buttons":["Stay","Export current draft","Discard local changes and leave"]}}
{"name":"check","id":"k1:intent:held-location-unchanged","kind":"product","pass":true,"location":{"pathname":"/app/settings/sticky","key":"buzz0hr3","state":null},"windowPath":"/app/settings/sticky","pane":"sticky"}
{"name":"check","id":"k1:scope-b","kind":"account","pass":true,"accountId":"sticky-host-B","generation":"g1","epoch":4}
{"name":"check","id":"k1:old-route-intent-cancelled","kind":"product","pass":true,"location":{"pathname":"/app/settings/sticky","key":"buzz0hr3","state":null},"counters":{"pushState":0,"replaceState":0,"popstate":0,"commits":0}}
{"name":"check","id":"k1:device-draft-survives","kind":"product","pass":true,"recovery":[{"text":"Default Color was not saved.","buttons":["Retry Default Color","Discard Default Color"]}]}
{"name":"check","id":"k1:after-epoch:beforeunload-warns-zero-handler-attempts","kind":"product","pass":true,"warning":{"warned":true,"attempts":0},"unloadListeners":1}
{"name":"check","id":"input:sidebar-row-present:Hotkeys","kind":"precondition","pass":true}
{"name":"check","id":"input:control-present:sidebar Hotkeys","kind":"precondition","pass":true,"selector":"[data-native-sidebar=\"1\"]"}
{"name":"check","id":"input:hit-test:sidebar Hotkeys","kind":"precondition","pass":true,"selector":"[data-native-sidebar=\"1\"]","hitTarget":"SPAN.grow"}
{"name":"check","id":"k1:fresh-device-protection-guards:held-dialog-open","kind":"product","pass":true,"dialog":{"label":"Unsaved Sticky Note draft","text":"Sticky Note has unsaved changes.","buttons":["Stay","Export current draft","Discard local changes and leave"]}}
{"name":"check","id":"k1:fresh-device-protection-guards:held-location-unchanged","kind":"product","pass":true,"location":{"pathname":"/app/settings/sticky","key":"buzz0hr3","state":null},"windowPath":"/app/settings/sticky","pane":"sticky"}
{"name":"check","id":"input:button-present:Stay","kind":"precondition","pass":true,"scope":".settings-departure-dialog"}
{"name":"check","id":"input:control-present:Stay","kind":"precondition","pass":true,"selector":"[data-native-target=\"1\"]"}
{"name":"check","id":"input:hit-test:Stay","kind":"precondition","pass":true,"selector":"[data-native-target=\"1\"]","hitTarget":"BUTTON."}
{"name":"check","id":"k1:old-intent-never-replayed","kind":"product","pass":true,"counters":{"pushState":0,"replaceState":0,"popstate":0,"commits":0}}
{"name":"row","row":"k","case":"route-epoch-a-to-b","from":{"kind":"account","accountId":"sticky-host-A","generation":"g1","epoch":2},"to":{"kind":"account","accountId":"sticky-host-B","generation":"g1","epoch":4},"location":{"pathname":"/app/settings/sticky","key":"buzz0hr3","state":null},"counters":{"pushState":0,"replaceState":0,"popstate":0,"commits":0},"freshGuard":true}
{"name":"check","id":"k1:zero-runtime-errors-no-error-boundary-ui","kind":"product","deferred":true,"pass":true,"window":[567,586],"consoleErrors":[],"errorUi":[]}
{"name":"check","id":"k2:sign-out:held-dialog-open","kind":"product","pass":true,"dialog":{"label":"Unsaved Sticky Note draft","text":"Sticky Note has unsaved changes.","buttons":["Stay","Export current draft","Discard local changes and leave"]}}
{"name":"check","id":"k2:sign-out:held-location-unchanged","kind":"product","pass":true,"location":{"pathname":"/app/settings/sticky","key":"buzz0hr3","state":null},"windowPath":"/app/settings/sticky","pane":"sticky"}
{"name":"check","id":"k2:scope-locked","kind":"locked","pass":true,"accountId":"sticky-host-locked","generation":null,"epoch":5}
{"name":"check","id":"k2:old-sign-out-resolves-false","kind":"product","pass":true,"signout":"false"}
{"name":"check","id":"k2:device-draft-survives","kind":"product","pass":true}
{"name":"check","id":"k2:fresh-sign-out-guarded:held-dialog-open","kind":"product","pass":true,"dialog":{"label":"Unsaved Sticky Note draft","text":"Sticky Note has unsaved changes.","buttons":["Stay","Export current draft","Discard local changes and leave"]}}
{"name":"check","id":"k2:fresh-sign-out-guarded:held-location-unchanged","kind":"product","pass":true,"location":{"pathname":"/app/settings/sticky","key":"buzz0hr3","state":null},"windowPath":"/app/settings/sticky","pane":"sticky"}
{"name":"check","id":"input:button-present:Stay","kind":"precondition","pass":true,"scope":".settings-departure-dialog"}
{"name":"check","id":"input:control-present:Stay","kind":"precondition","pass":true,"selector":"[data-native-target=\"1\"]"}
{"name":"check","id":"input:hit-test:Stay","kind":"precondition","pass":true,"selector":"[data-native-target=\"1\"]","hitTarget":"BUTTON."}
{"name":"check","id":"k2:fresh-sign-out-stay-false","kind":"product","pass":true}
{"name":"row","row":"k","case":"sign-out-epoch-b-to-locked","to":{"kind":"locked","accountId":"sticky-host-locked","generation":null,"epoch":5},"oldResult":"false","freshResult":"false"}
{"name":"check","id":"k2:zero-runtime-errors-no-error-boundary-ui","kind":"product","deferred":true,"pass":true,"window":[586,590],"consoleErrors":[],"errorUi":[]}
{"name":"check","id":"k3:back:traverse-back-entry-exists","kind":"precondition","pass":true,"currentIndex":18,"length":19}
{"name":"check","id":"k3:pop-intent:url-restored-after-blocked-pop","kind":"precondition","pass":true,"windowPath":"/app/settings/sticky","historyState":{"usr":null,"key":"buzz0hr3","idx":17}}
{"name":"check","id":"k3:pop-intent:held-dialog-open","kind":"product","pass":true,"dialog":{"label":"Unsaved Sticky Note draft","text":"Sticky Note has unsaved changes.","buttons":["Stay","Export current draft","Discard local changes and leave"]}}
{"name":"check","id":"k3:pop-intent:held-location-unchanged","kind":"product","pass":true,"location":{"pathname":"/app/settings/sticky","key":"buzz0hr3","state":null},"windowPath":"/app/settings/sticky","pane":"sticky"}
{"name":"check","id":"k3:old-pop-intent-reset","kind":"product","pass":true,"location":{"pathname":"/app/settings/sticky","key":"buzz0hr3","state":null},"counters":{"pushState":0,"replaceState":0,"popstate":2,"commits":0},"stack":{"currentIndex":18,"length":19,"navIndex":17,"entries":["6:about:blank","13:/app/settings/hotkeys","15:/app/settings/date_time","16:/app/settings/sticky","18:/app/settings/hotkeys","19:/app/settings/sticky","20:/app/settings/hotkeys","21:/app/settings/date_time","23:/app/settings/sticky","24:/app/settings/hotkeys","25:/app/settings/sticky","26:/app/settings/hotkeys","27:/app/settings/sticky","31:/app/tasks","32:/app/settings/sticky","33:/app/settings/hotkeys","34:/app/settings/sticky","35:/app/settings/date_time","36:/app/settings/sticky"]}}
{"name":"check","id":"k3:back-fresh:traverse-back-entry-exists","kind":"precondition","pass":true,"currentIndex":18,"length":19}
{"name":"check","id":"k3:fresh-pop-guarded:url-restored-after-blocked-pop","kind":"precondition","pass":true,"windowPath":"/app/settings/sticky","historyState":{"usr":null,"key":"buzz0hr3","idx":17}}
{"name":"check","id":"k3:fresh-pop-guarded:held-dialog-open","kind":"product","pass":true,"dialog":{"label":"Unsaved Sticky Note draft","text":"Sticky Note has unsaved changes.","buttons":["Stay","Export current draft","Discard local changes and leave"]}}
{"name":"check","id":"k3:fresh-pop-guarded:held-location-unchanged","kind":"product","pass":true,"location":{"pathname":"/app/settings/sticky","key":"buzz0hr3","state":null},"windowPath":"/app/settings/sticky","pane":"sticky"}
{"name":"check","id":"input:button-present:Stay","kind":"precondition","pass":true,"scope":".settings-departure-dialog"}
{"name":"check","id":"input:control-present:Stay","kind":"precondition","pass":true,"selector":"[data-native-target=\"1\"]"}
{"name":"check","id":"input:hit-test:Stay","kind":"precondition","pass":true,"selector":"[data-native-target=\"1\"]","hitTarget":"BUTTON."}
{"name":"check","id":"k3:fresh-stay-keeps-entry","kind":"product","pass":true,"location":{"pathname":"/app/settings/sticky","key":"buzz0hr3","state":null}}
{"name":"row","row":"k","case":"pop-epoch-locked-to-a","to":{"kind":"account","accountId":"sticky-host-A","generation":"g1","epoch":7},"location":{"pathname":"/app/settings/sticky","key":"buzz0hr3","state":null},"counters":{"pushState":0,"replaceState":0,"popstate":4,"commits":0},"stack":{"currentIndex":18,"length":19,"navIndex":17,"entries":["6:about:blank","13:/app/settings/hotkeys","15:/app/settings/date_time","16:/app/settings/sticky","18:/app/settings/hotkeys","19:/app/settings/sticky","20:/app/settings/hotkeys","21:/app/settings/date_time","23:/app/settings/sticky","24:/app/settings/hotkeys","25:/app/settings/sticky","26:/app/settings/hotkeys","27:/app/settings/sticky","31:/app/tasks","32:/app/settings/sticky","33:/app/settings/hotkeys","34:/app/settings/sticky","35:/app/settings/date_time","36:/app/settings/sticky"]}}
{"name":"check","id":"k3:zero-runtime-errors-no-error-boundary-ui","kind":"product","deferred":true,"pass":true,"window":[590,599],"consoleErrors":[],"errorUi":[]}
{"name":"check","id":"l:sign-out-pending:held-dialog-open","kind":"product","pass":true,"dialog":{"label":"Unsaved Sticky Note draft","text":"Sticky Note has unsaved changes.","buttons":["Stay","Export current draft","Discard local changes and leave"]}}
{"name":"check","id":"l:sign-out-pending:held-location-unchanged","kind":"product","pass":true,"location":{"pathname":"/app/settings/sticky","key":"buzz0hr3","state":null},"windowPath":"/app/settings/sticky","pane":"sticky"}
{"name":"check","id":"l:before-unmount:beforeunload-warns-zero-handler-attempts","kind":"product","pass":true,"warning":{"warned":true,"attempts":0},"unloadListeners":1}
{"name":"check","id":"l:unmount-settles-pending-sign-out-false","kind":"product","pass":true,"children":0,"signout":"false"}
{"name":"check","id":"l:unload-listener-removed","kind":"product","pass":true,"unload":[{"seq":600,"op":"remove","active":0}],"warning":{"warned":false,"attempts":0}}
{"name":"check","id":"l:coordinator-router-wrapper-removed","kind":"product","pass":true,"wrapped":false}
{"name":"check","id":"l:unmount-zero-writes-committed-bytes-kept","kind":"product","pass":true,"mutations":[]}
{"name":"check","id":"l:guard-removed-sign-out-preflight-true","kind":"product","pass":true,"signout":"true"}
{"name":"check","id":"l:no-blocker-remains-navigation-commits","kind":"product","pass":true,"pushState":1,"replaceState":0,"popstate":0,"commits":1}
{"name":"row","row":"l","case":"unmount","signoutPending":"false","unloadListeners":0,"warning":{"warned":false,"attempts":0},"navigateWrapped":false,"signoutAfter":"true","navigationAfter":{"pushState":1,"replaceState":0,"popstate":0,"commits":1}}
{"name":"check","id":"l:zero-runtime-errors-no-error-boundary-ui","kind":"product","deferred":true,"pass":true,"window":[599,602],"consoleErrors":[],"errorUi":[]}
{"name":"check","id":"run:no-unexpected-javascript-dialogs","kind":"precondition","pass":true,"unexpectedDialogs":[]}
{"name":"check","id":"run:deferred-product-failures-zero","kind":"product","pass":true,"deferredFailures":[]}
{"name":"check","id":"run:runtime-errors-zero","kind":"product","pass":true,"runtimeErrors":[]}
{"name":"native","pass":true,"mode":"host","checks":634,"deferredFailures":[],"runtimeErrors":0,"consoleWarnings":0,"consoleWarningSamples":[]}
